시설명,시도 명칭,시군구 명칭,법정읍면동명칭,리 명칭,번지,도로명 이름,건물 번호,위도,경도,우편번호,도로명주소,지번주소,요금,이용요금단위,오피스 타입,수용인원,운영시간(월),운영시간(화),운영시간(수),운영시간(목),운영시간(금),운영시간(토),운영시간(일),에어컨,카페_레스토랑,복사_인쇄기,택배발송서비스,도어락,콘센트,팩스,24시 운영,연중무휴,난방기,주차,공용라운지,공용주방,정수기,테라스_루프탑,간단한 다과_음료,개인락커,티비_프로젝터,화이트보드,인터넷_와이파이,샤워시설,창고,최종작성일,건물면적,연면적
(주)파란 인베스트먼트,경기도,부천시,원미동,,39-1 번지,조마루로385번길,92 번,37.50081646,126.7901822,14558,경기도 부천시 조마루로385번길 92,경기도 부천시 원미동 39-1,80000,일,독립오피스,1명 ~ 20명,00:00 ~ 24:00,00:00 ~ 24:00,00:00 ~ 24:00,00:00 ~ 24:00,00:00 ~ 24:00,00:00 ~ 24:00,00:00 ~ 24:00,Y,N,Y,N,Y,Y,Y,Y,N,Y,Y,N,N,Y,Y,N,N,Y,N,Y,N,Y,2022-11-16,"6,932.74 ㎡","106,779.18 ㎡"
[1인실] 선릉 공유오피스 더공간A,서울특별시,강남구,대치동,,890-41 번지,테헤란로70길,14-10 번,37.50436547,127.0527282,6193,서울특별시 강남구 테헤란로70길 14-10,서울특별시 강남구 대치동 890-41,352000,월,독립오피스,1명 ~ 1명,00:00 ~ 24:00,00:00 ~ 24:00,00:00 ~ 24:00,00:00 ~ 24:00,00:00 ~ 24:00,00:00 ~ 24:00,00:00 ~ 24:00,Y,Y,Y,N,N,Y,Y,Y,N,Y,Y,Y,N,Y,Y,Y,Y,Y,Y,Y,N,N,2022-11-16,196.56 ㎡,"1,983.78 ㎡"
[1인실]선릉 공유오피스 더공간B,서울특별시,강남구,대치동,,890-41 번지,테헤란로70길,14-10 번,37.50438925,127.0527431,6193,서울특별시 강남구 테헤란로70길 14-10,서울특별시 강남구 대치동 890-41,440000,월,독립오피스,1명 ~ 1명,00:00 ~ 24:00,00:00 ~ 24:00,00:00 ~ 24:00,00:00 ~ 24:00,00:00 ~ 24:00,00:00 ~ 24:00,00:00 ~ 24:00,Y,Y,Y,N,Y,Y,Y,Y,N,Y,Y,Y,N,Y,Y,Y,Y,Y,Y,Y,N,N,2022-11-16,196.56 ㎡,"1,983.78 ㎡"
[2인] 마이파트너스 강남,서울특별시,강남구,역삼동,,831 번지,강남대로,354 번,37.49464902,127.0297333,6242,서울특별시 강남구 강남대로 354,서울특별시 강남구 역삼동 831,55000,일,독립오피스,1명 ~ 2명,00:00 ~ 24:00,00:00 ~ 24:00,00:00 ~ 24:00,00:00 ~ 24:00,00:00 ~ 24:00,휴무일,휴무일,Y,N,Y,N,Y,Y,Y,Y,N,Y,Y,Y,N,Y,N,Y,Y,Y,Y,Y,N,N,2022-11-16,621.68 ㎡,"12,921.93 ㎡"
[2인실]선릉 공유오피스 더공간(월계약),서울특별시,강남구,대치동,,890-41 번지,테헤란로70길,14-10 번,37.50436547,127.0527282,6193,서울특별시 강남구 테헤란로70길 14-10,서울특별시 강남구 대치동 890-41,660000,월,독립오피스,2명 ~ 2명,00:00 ~ 24:00,00:00 ~ 24:00,00:00 ~ 24:00,00:00 ~ 24:00,00:00 ~ 24:00,00:00 ~ 24:00,00:00 ~ 24:00,Y,Y,Y,N,N,Y,Y,Y,N,Y,N,Y,N,Y,Y,Y,Y,Y,Y,Y,N,N,2022-11-16,196.56 ㎡,"1,983.78 ㎡"
[2인실]선릉 공유오피스 더공간A,서울특별시,강남구,대치동,,890-41 번지,테헤란로70길,14-10 번,37.50436547,127.0527282,6193,서울특별시 강남구 테헤란로70길 14-10,서울특별시 강남구 대치동 890-41,572000,월,독립오피스,2명 ~ 2명,00:00 ~ 24:00,00:00 ~ 24:00,00:00 ~ 24:00,00:00 ~ 24:00,00:00 ~ 24:00,00:00 ~ 24:00,00:00 ~ 24:00,Y,Y,Y,N,N,Y,Y,Y,N,Y,N,Y,N,Y,Y,Y,Y,Y,Y,Y,N,N,2022-11-16,196.56 ㎡,"1,983.78 ㎡"
[3인실]선릉 공유오피스 더공간B,서울특별시,강남구,대치동,,890-41 번지,테헤란로70길,14-10 번,37.50436547,127.0527282,6193,서울특별시 강남구 테헤란로70길 14-10,서울특별시 강남구 대치동 890-41,968000,월,독립오피스,3명 ~ 3명,00:00 ~ 24:00,00:00 ~ 24:00,00:00 ~ 24:00,00:00 ~ 24:00,00:00 ~ 24:00,00:00 ~ 24:00,00:00 ~ 24:00,Y,Y,Y,N,N,Y,Y,Y,N,Y,N,Y,N,Y,Y,Y,Y,Y,Y,Y,N,N,2022-11-16,196.56 ㎡,"1,983.78 ㎡"
[3인실]선릉 공유오피스 더공간C,서울특별시,강남구,대치동,,890-41 번지,테헤란로70길,14-10 번,37.50438925,127.0527431,6193,서울특별시 강남구 테헤란로70길 14-10,서울특별시 강남구 대치동 890-41,847000,월,독립오피스,1명 ~ 3명,00:00 ~ 24:00,00:00 ~ 24:00,00:00 ~ 24:00,00:00 ~ 24:00,00:00 ~ 24:00,00:00 ~ 24:00,00:00 ~ 24:00,Y,Y,Y,N,Y,Y,Y,Y,N,Y,N,Y,N,Y,Y,Y,Y,Y,Y,Y,N,N,2022-11-16,196.56 ㎡,"1,983.78 ㎡"
"[4인,내측] 마이파트너스 삼성",서울특별시,강남구,대치동,,999-6 번지,테헤란로108길,25 번,37.50787767,127.0664812,6175,서울특별시 강남구 테헤란로108길 25,서울특별시 강남구 대치동 999-6,880000,월,독립오피스,1명 ~ 4명,00:00 ~ 24:00,00:00 ~ 24:00,00:00 ~ 24:00,00:00 ~ 24:00,00:00 ~ 24:00,00:00 ~ 24:00,00:00 ~ 24:00,Y,N,Y,N,N,Y,Y,Y,Y,Y,Y,N,N,Y,N,Y,Y,Y,Y,Y,N,N,2022-11-16,- ㎡,- ㎡
[5인] 마이파트너스 강남,서울특별시,강남구,역삼동,,831 번지,강남대로,354 번,37.49464902,127.0297333,6242,서울특별시 강남구 강남대로 354,서울특별시 강남구 역삼동 831,110000,일,독립오피스,1명 ~ 5명,00:00 ~ 24:00,00:00 ~ 24:00,00:00 ~ 24:00,00:00 ~ 24:00,00:00 ~ 24:00,휴무일,휴무일,Y,N,Y,N,Y,Y,Y,Y,N,Y,Y,Y,N,Y,N,Y,Y,Y,Y,Y,N,N,2022-11-16,621.68 ㎡,"12,921.93 ㎡"
[5인실]선릉 공유오피스 더공간A,서울특별시,강남구,대치동,,890-41 번지,테헤란로70길,14-10 번,37.50436547,127.0527282,6193,서울특별시 강남구 테헤란로70길 14-10,서울특별시 강남구 대치동 890-41,1584000,월,독립오피스,5명 ~ 5명,00:00 ~ 24:00,00:00 ~ 24:00,00:00 ~ 24:00,00:00 ~ 24:00,00:00 ~ 24:00,00:00 ~ 24:00,00:00 ~ 24:00,Y,Y,Y,N,N,Y,Y,Y,N,Y,Y,Y,N,Y,Y,Y,Y,Y,Y,Y,N,N,2022-11-16,196.56 ㎡,"1,983.78 ㎡"
[5인실]선릉 공유오피스 더공간B,서울특별시,강남구,대치동,,890-41 번지,테헤란로70길,14-10 번,37.50438925,127.0527431,6193,서울특별시 강남구 테헤란로70길 14-10,서울특별시 강남구 대치동 890-41,1386000,월,독립오피스,1명 ~ 5명,00:00 ~ 24:00,00:00 ~ 24:00,00:00 ~ 24:00,00:00 ~ 24:00,00:00 ~ 24:00,00:00 ~ 24:00,00:00 ~ 24:00,Y,Y,Y,N,Y,Y,Y,Y,N,Y,Y,Y,N,Y,Y,Y,Y,Y,Y,Y,N,N,2022-11-16,196.56 ㎡,"1,983.78 ㎡"
[6인실]선릉 공유오피스 더공간,서울특별시,강남구,대치동,,890-41 번지,테헤란로70길,14-10 번,37.50436547,127.0527282,6193,서울특별시 강남구 테헤란로70길 14-10,서울특별시 강남구 대치동 890-41,1848000,월,독립오피스,1명 ~ 6명,00:00 ~ 24:00,00:00 ~ 24:00,00:00 ~ 24:00,00:00 ~ 24:00,00:00 ~ 24:00,00:00 ~ 24:00,00:00 ~ 24:00,Y,Y,Y,N,Y,Y,Y,Y,N,Y,Y,Y,N,Y,Y,Y,Y,Y,Y,Y,N,N,2022-11-16,196.56 ㎡,"1,983.78 ㎡"
[7인실]선릉 공유오피스 더공간A,서울특별시,강남구,대치동,,890-41 번지,테헤란로70길,14-10 번,37.50436547,127.0527282,6193,서울특별시 강남구 테헤란로70길 14-10,서울특별시 강남구 대치동 890-41,1936000,월,독립오피스,1명 ~ 7명,00:00 ~ 24:00,00:00 ~ 24:00,00:00 ~ 24:00,00:00 ~ 24:00,00:00 ~ 24:00,00:00 ~ 24:00,00:00 ~ 24:00,Y,Y,Y,N,Y,Y,Y,Y,N,Y,Y,Y,N,Y,Y,Y,Y,Y,Y,Y,N,N,2022-11-16,196.56 ㎡,"1,983.78 ㎡"
[7인실]선릉 공유오피스 더공간B,서울특별시,강남구,대치동,,890-41 번지,테헤란로70길,14-10 번,37.50438925,127.0527431,6193,서울특별시 강남구 테헤란로70길 14-10,서울특별시 강남구 대치동 890-41,1694000,월,독립오피스,1명 ~ 7명,00:00 ~ 24:00,00:00 ~ 24:00,00:00 ~ 24:00,00:00 ~ 24:00,00:00 ~ 24:00,00:00 ~ 24:00,00:00 ~ 24:00,Y,Y,Y,N,Y,Y,Y,Y,N,Y,Y,Y,N,Y,Y,Y,Y,Y,Y,Y,N,N,2022-11-16,196.56 ㎡,"1,983.78 ㎡"
[맨써]주소지서비스 비상주오피스,제주특별자치도,제주시,연동,,304-26 번지,신대로,145 번,33.48430056,126.4967123,63134,제주특별자치도 제주시 신대로 145,제주특별자치도 제주시 연동 304-26,550000,월,독립오피스,1명 ~ 6명,00:00 ~ 24:00,00:00 ~ 24:00,00:00 ~ 24:00,00:00 ~ 24:00,00:00 ~ 24:00,00:00 ~ 24:00,00:00 ~ 24:00,Y,N,Y,Y,Y,Y,Y,Y,N,Y,Y,Y,N,Y,Y,Y,N,Y,Y,Y,N,N,2022-11-16,188.92 ㎡,864.52 ㎡
[미사] 공유오피스 소호사무실,경기도,하남시,풍산동,,512 번지,미사강변대로,70 번,37.55615552,127.1874375,12919,경기도 하남시 미사강변대로 70,경기도 하남시 풍산동 512,165000,월,독립오피스,1명 ~ 4명,00:00 ~ 24:00,00:00 ~ 24:00,00:00 ~ 24:00,00:00 ~ 24:00,00:00 ~ 24:00,00:00 ~ 24:00,00:00 ~ 24:00,Y,Y,Y,Y,Y,Y,N,Y,N,Y,Y,Y,N,Y,N,Y,Y,Y,Y,Y,N,N,2022-11-16,597.42 ㎡,"5,561.61 ㎡"
[비즈넥스트원]의정부 소호사무실,경기도,의정부시,의정부동,,491-7 번지,둔야로17번길,14 번,37.73765612,127.0389972,11649,경기도 의정부시 둔야로17번길 14,경기도 의정부시 의정부동 491-7,215000,월,독립오피스,1명 ~ 3명,09:00 ~ 22:00,09:00 ~ 22:00,09:00 ~ 22:00,09:00 ~ 22:00,09:00 ~ 22:00,09:00 ~ 22:00,09:00 ~ 22:00,Y,N,Y,N,Y,Y,Y,N,N,Y,Y,Y,N,Y,N,Y,N,N,N,Y,N,N,2022-11-16,411.23 ㎡,"3,979.22 ㎡"
[삼성동] 모두의캠퍼스 2-6인실,서울특별시,강남구,삼성동,,120-17 번지,삼성로103길,6 번,37.51051162,127.0540307,6155,서울특별시 강남구 삼성로103길 6,서울특별시 강남구 삼성동 120-17,120000,일,독립오피스,1명 ~ 6명,00:00 ~ 24:00,00:00 ~ 24:00,00:00 ~ 24:00,00:00 ~ 24:00,00:00 ~ 24:00,00:00 ~ 24:00,00:00 ~ 24:00,Y,N,Y,N,N,Y,N,Y,N,N,N,N,N,Y,N,Y,Y,Y,Y,Y,N,N,2022-11-16,169.32 ㎡,707.13 ㎡
[성수]교원 창업공간 1인실 창가,서울특별시,성동구,성수2가3동,,279-6 번지,아차산로13길,30 번,37.54548392,127.0619216,4799,서울특별시 성동구 아차산로13길 30,서울특별시 성동구 성수동2가 279-6,462000,월,독립오피스,1명 ~ 1명,00:00 ~ 24:00,00:00 ~ 24:00,00:00 ~ 24:00,00:00 ~ 24:00,00:00 ~ 24:00,00:00 ~ 24:00,00:00 ~ 24:00,Y,N,Y,Y,Y,Y,Y,Y,N,Y,Y,Y,N,Y,Y,Y,Y,N,Y,Y,N,Y,2022-11-16,"2,420.06 ㎡","26,316.45 ㎡"
[신규오픈] 채움 오피스-최대6인,서울특별시,마포구,노고산동,,1-3 번지,신촌로,150 번,37.55626353,126.9421217,4104,서울특별시 마포구 신촌로 150,서울특별시 마포구 노고산동 1-3,120000,일,독립오피스,1명 ~ 6명,00:00 ~ 24:00,00:00 ~ 24:00,00:00 ~ 24:00,00:00 ~ 24:00,00:00 ~ 24:00,00:00 ~ 24:00,00:00 ~ 24:00,Y,N,Y,N,Y,Y,N,Y,N,Y,N,N,N,Y,N,N,N,Y,Y,Y,N,N,2022-11-16,"1,135.79 ㎡","20,588.95 ㎡"
[양재] 여성전용 오피스-2인실,서울특별시,서초구,양재동,,391-18 번지,동산로,68 번,37.47207627,127.0464132,6784,서울특별시 서초구 동산로 68,서울특별시 서초구 양재동 391-18,80000,일,독립오피스,2명 ~ 2명,09:00 ~ 17:00,09:00 ~ 17:00,09:00 ~ 17:00,09:00 ~ 17:00,09:00 ~ 17:00,휴무일,휴무일,N,N,N,N,Y,Y,N,N,Y,N,N,N,N,Y,N,N,N,N,N,Y,Y,N,2022-11-16,167.4 ㎡,"1,143.36 ㎡"
[엠플스페이스]명동소호사무실,서울특별시,중구,명동,,32-13 번지,퇴계로18길,33 번,37.55932567,126.9851558,4631,서울특별시 중구 퇴계로18길 33,서울특별시 중구 남산동2가 32-13,33000,일,독립오피스,1명 ~ 4명,00:00 ~ 24:00,00:00 ~ 24:00,00:00 ~ 24:00,00:00 ~ 24:00,00:00 ~ 24:00,00:00 ~ 24:00,00:00 ~ 24:00,Y,Y,Y,N,Y,Y,Y,Y,N,Y,Y,Y,N,Y,Y,Y,Y,Y,Y,Y,N,Y,2022-11-16,173.29 ㎡,982.16 ㎡
[연희회관] 공유오피스,서울특별시,서대문구,연희동,,80-1 번지,연희로,160 번,37.57143824,126.9349463,3723,서울특별시 서대문구 연희로 160,서울특별시 서대문구 연희동 80-1,880000,월,독립오피스,1명 ~ 6명,00:00 ~ 24:00,00:00 ~ 24:00,00:00 ~ 24:00,00:00 ~ 24:00,00:00 ~ 24:00,00:00 ~ 24:00,00:00 ~ 24:00,Y,Y,N,N,Y,Y,N,Y,N,Y,N,Y,N,Y,N,N,Y,Y,Y,Y,N,Y,2022-11-16,363.25 ㎡,"2,148.79 ㎡"
[오픈프로모]예블랑 워크스페이스,서울특별시,강남구,청담동,,123-26 번지,도산대로89길,19-14 번,37.52605657,127.0505158,6012,서울특별시 강남구 도산대로89길 19-14,서울특별시 강남구 청담동 123-26,360000,월,독립오피스,1명 ~ 1명,00:00 ~ 24:00,00:00 ~ 24:00,00:00 ~ 24:00,00:00 ~ 24:00,00:00 ~ 24:00,00:00 ~ 24:00,00:00 ~ 24:00,Y,N,Y,N,Y,Y,Y,Y,N,Y,N,Y,N,Y,Y,Y,Y,Y,Y,Y,N,N,2022-11-16,57.1 ㎡,157.9 ㎡
[일산원데이오피스] 피터비즈센터,경기도,고양시 일산서구,대화동,,2223-2 번지,일산로,774 번,37.67488441,126.748564,10381,경기도 고양시 일산서구 일산로 774,경기도 고양시 일산서구 대화동 2223-2,30000,일,독립오피스,1명 ~ 2명,09:00 ~ 18:00,09:00 ~ 18:00,09:00 ~ 18:00,09:00 ~ 18:00,09:00 ~ 18:00,휴무일,휴무일,Y,Y,Y,N,N,Y,Y,N,Y,Y,N,Y,N,Y,N,N,N,N,Y,Y,N,N,2022-11-16,631.99 ㎡,"6,313.65 ㎡"
[차고123] 강남역 3인 독립실,서울특별시,강남구,역삼동,,830-69 번지,역삼로,123 번,37.49415449,127.0330086,6243,서울특별시 강남구 역삼로 123,서울특별시 강남구 역삼동 830-69,1100000,월,독립오피스,1명 ~ 3명,06:00 ~ 23:00,06:00 ~ 23:00,06:00 ~ 23:00,06:00 ~ 23:00,06:00 ~ 23:00,06:30 ~ 22:30,06:30 ~ 22:30,Y,Y,Y,Y,Y,Y,Y,N,N,Y,Y,Y,N,Y,N,Y,Y,Y,Y,Y,N,N,2022-11-16,544.59 ㎡,"4,952.92 ㎡"
[차고123]강남역 1인 독립실,서울특별시,강남구,역삼동,,830-69 번지,역삼로,123 번,37.49415449,127.0330086,6243,서울특별시 강남구 역삼로 123,서울특별시 강남구 역삼동 830-69,330000,월,독립오피스,1명 ~ 1명,06:30 ~ 23:00,06:30 ~ 23:00,06:30 ~ 23:00,06:30 ~ 23:00,06:30 ~ 23:00,06:30 ~ 22:30,06:30 ~ 22:30,Y,Y,Y,Y,Y,Y,Y,N,N,Y,Y,Y,N,Y,N,Y,Y,Y,Y,Y,N,N,2022-11-16,544.59 ㎡,"4,952.92 ㎡"
[차고123]강남역 2인 독립실,서울특별시,강남구,역삼동,,830-69 번지,역삼로,123 번,37.49415449,127.0330086,6243,서울특별시 강남구 역삼로 123,서울특별시 강남구 역삼동 830-69,462000,월,독립오피스,1명 ~ 2명,06:00 ~ 23:00,06:00 ~ 23:00,06:00 ~ 23:00,06:00 ~ 23:00,06:00 ~ 23:00,06:30 ~ 22:30,06:30 ~ 22:30,Y,Y,Y,Y,Y,Y,Y,N,N,Y,Y,Y,N,Y,N,Y,Y,Y,Y,Y,N,N,2022-11-16,544.59 ㎡,"4,952.92 ㎡"
[차고123]강남역 4인 독립실,서울특별시,강남구,역삼동,,830-69 번지,역삼로,123 번,37.49415449,127.0330086,6243,서울특별시 강남구 역삼로 123,서울특별시 강남구 역삼동 830-69,1265000,월,독립오피스,1명 ~ 4명,06:00 ~ 23:00,06:00 ~ 23:00,06:00 ~ 23:00,06:00 ~ 23:00,06:00 ~ 23:00,06:30 ~ 22:30,06:30 ~ 22:30,Y,Y,Y,Y,Y,Y,Y,N,N,Y,Y,Y,N,Y,N,Y,Y,Y,Y,Y,N,N,2022-11-16,544.59 ㎡,"4,952.92 ㎡"
[차고123]강남역 5인 독립실,서울특별시,강남구,역삼동,,830-69 번지,역삼로,123 번,37.49415449,127.0330086,6243,서울특별시 강남구 역삼로 123,서울특별시 강남구 역삼동 830-69,1595000,월,독립오피스,1명 ~ 5명,06:00 ~ 23:00,06:00 ~ 23:00,06:00 ~ 23:00,06:00 ~ 23:00,06:00 ~ 23:00,06:30 ~ 22:30,06:30 ~ 22:30,Y,Y,Y,Y,Y,Y,Y,N,N,Y,Y,Y,N,Y,N,Y,Y,Y,Y,Y,N,N,2022-11-16,544.59 ㎡,"4,952.92 ㎡"
[차고123]강남역6인독립오피스,서울특별시,강남구,역삼동,,830-69 번지,역삼로,123 번,37.49415449,127.0330086,6243,서울특별시 강남구 역삼로 123,서울특별시 강남구 역삼동 830-69,1760000,월,독립오피스,1명 ~ 6명,06:00 ~ 23:00,06:00 ~ 23:00,06:00 ~ 23:00,06:00 ~ 23:00,06:00 ~ 23:00,06:30 ~ 22:30,06:30 ~ 22:30,Y,Y,Y,Y,Y,Y,Y,N,N,Y,Y,Y,N,Y,N,Y,Y,Y,Y,Y,N,N,2022-11-16,544.59 ㎡,"4,952.92 ㎡"
[캔버스랩가로수길] 1인 오피스,서울특별시,강남구,신사동,,532-11 번지,가로수길,77 번,37.52302402,127.0223048,6028,서울특별시 강남구 가로수길 77,서울특별시 강남구 신사동 532-11,902000,월,독립오피스,1명 ~ 1명,00:00 ~ 24:00,00:00 ~ 24:00,00:00 ~ 24:00,00:00 ~ 24:00,00:00 ~ 24:00,00:00 ~ 24:00,00:00 ~ 24:00,Y,Y,Y,N,Y,Y,Y,Y,N,Y,Y,Y,N,Y,Y,Y,N,Y,Y,Y,N,Y,2022-11-16,309.17 ㎡,"2,565.16 ㎡"
[캔버스랩가로수길] 4인 오피스,서울특별시,강남구,신사동,,532-11 번지,가로수길,77 번,37.52302402,127.0223048,6028,서울특별시 강남구 가로수길 77,서울특별시 강남구 신사동 532-11,3410000,월,독립오피스,1명 ~ 4명,00:00 ~ 24:00,00:00 ~ 24:00,00:00 ~ 24:00,00:00 ~ 24:00,00:00 ~ 24:00,00:00 ~ 24:00,00:00 ~ 24:00,Y,Y,Y,N,Y,Y,Y,Y,N,Y,Y,Y,N,Y,Y,Y,N,Y,Y,Y,N,Y,2022-11-16,,
[캔버스랩가로수길] 6인 오피스,서울특별시,강남구,신사동,,532-11 번지,가로수길,77 번,37.52302402,127.0223048,6028,서울특별시 강남구 가로수길 77,서울특별시 강남구 신사동 532-11,4620000,월,독립오피스,1명 ~ 6명,00:00 ~ 24:00,00:00 ~ 24:00,00:00 ~ 24:00,00:00 ~ 24:00,00:00 ~ 24:00,00:00 ~ 24:00,00:00 ~ 24:00,Y,Y,Y,N,Y,Y,Y,Y,N,Y,Y,Y,N,Y,Y,Y,N,Y,Y,Y,N,Y,2022-11-16,,
[캔버스랩가로수길] 8인 오피스,서울특별시,강남구,신사동,,532-11 번지,가로수길,77 번,37.52302402,127.0223048,6028,서울특별시 강남구 가로수길 77,서울특별시 강남구 신사동 532-11,5940000,월,독립오피스,1명 ~ 8명,00:00 ~ 24:00,00:00 ~ 24:00,00:00 ~ 24:00,00:00 ~ 24:00,00:00 ~ 24:00,00:00 ~ 24:00,00:00 ~ 24:00,Y,Y,Y,N,Y,Y,Y,Y,N,Y,Y,Y,N,Y,Y,Y,N,Y,Y,Y,N,Y,2022-11-16,309.17 ㎡,"2,565.16 ㎡"
[토즈 워크센터 강남2호] 1인실,서울특별시,강남구,역삼동,,832-7 번지,강남대로,320 번,37.49185331,127.0310482,6252,서울특별시 강남구 강남대로 320,서울특별시 강남구 역삼동 832-7,25000,일,독립오피스,1명 ~ 1명,09:00 ~ 18:00,09:00 ~ 18:00,09:00 ~ 18:00,09:00 ~ 18:00,09:00 ~ 18:00,휴무일,휴무일,Y,N,Y,Y,Y,Y,Y,Y,N,Y,Y,Y,N,Y,N,Y,N,N,Y,Y,N,N,2022-11-16,702.0 ㎡,"19,933.13 ㎡"
[토즈 워크센터 강남2호] 2인실,서울특별시,강남구,역삼동,,832-7 번지,강남대로,320 번,37.49185331,127.0310482,6252,서울특별시 강남구 강남대로 320,서울특별시 강남구 역삼동 832-7,50000,일,독립오피스,1명 ~ 2명,09:00 ~ 18:00,09:00 ~ 18:00,09:00 ~ 18:00,09:00 ~ 18:00,09:00 ~ 18:00,휴무일,휴무일,Y,N,Y,Y,Y,Y,Y,Y,N,Y,Y,Y,N,Y,N,Y,N,N,Y,Y,N,N,2022-11-16,702.0 ㎡,"19,933.13 ㎡"
[프리스타일]홍대 합정 독립오피스,서울특별시,마포구,서교동,,352-31 번지,월드컵북로1길,26 번,37.55478892,126.9198554,4031,서울특별시 마포구 월드컵북로1길 26,서울특별시 마포구 서교동 352-31,990000,월,독립오피스,1명 ~ 8명,00:00 ~ 24:00,00:00 ~ 24:00,00:00 ~ 24:00,00:00 ~ 24:00,00:00 ~ 24:00,00:00 ~ 24:00,00:00 ~ 24:00,Y,N,Y,Y,Y,Y,Y,Y,N,Y,Y,N,N,Y,N,N,N,Y,Y,Y,N,Y,2022-11-16,0.0 ㎡,898.19 ㎡
[하남 미사] PLACE93,경기도,하남시,풍산동,,489 번지,미사강변서로,25 번,37.55265997,127.1828084,12918,경기도 하남시 미사강변서로 25,경기도 하남시 풍산동 489,462000,월,독립오피스,1명 ~ 3명,00:00 ~ 24:00,00:00 ~ 24:00,00:00 ~ 24:00,00:00 ~ 24:00,00:00 ~ 24:00,00:00 ~ 24:00,00:00 ~ 24:00,Y,Y,Y,N,Y,Y,Y,Y,N,Y,Y,Y,N,Y,Y,Y,N,Y,Y,Y,Y,N,2022-11-16,"11,682.09 ㎡","165,153.58 ㎡"
[할인] 시혜적동물 낙성대 오피스,서울특별시,관악구,봉천동,,1632-11 번지,남부순환로246길,18 번,37.47571446,126.9642194,8793,서울특별시 관악구 남부순환로246길 18,서울특별시 관악구 봉천동 1632-11,70000,일,독립오피스,1명 ~ 15명,05:00 ~ 22:00,05:00 ~ 22:00,05:00 ~ 22:00,05:00 ~ 22:00,05:00 ~ 22:00,05:00 ~ 22:00,05:00 ~ 22:00,Y,N,N,N,Y,Y,N,N,N,Y,N,N,N,N,N,N,N,Y,Y,Y,N,N,2022-11-16,118.97 ㎡,558.0 ㎡
[할인] 시혜적동물 신림 오피스,서울특별시,관악구,신림동,,1417-49 번지,봉천로14길,21 번,37.48718511,126.9304591,8753,서울특별시 관악구 봉천로14길 21,서울특별시 관악구 신림동 1417-49,60000,일,독립오피스,1명 ~ 8명,05:00 ~ 22:00,05:00 ~ 22:00,05:00 ~ 22:00,05:00 ~ 22:00,05:00 ~ 22:00,05:00 ~ 22:00,05:00 ~ 22:00,Y,N,N,N,Y,Y,N,N,N,Y,Y,N,N,N,N,N,N,Y,N,Y,N,N,2022-11-16,- ㎡,- ㎡
[GARAGE 구리] 1인 사무실,경기도,구리시,수택동,,526-4 번지,검배로,7 번,37.6004001,127.1419304,11929,경기도 구리시 검배로 7,경기도 구리시 수택동 526-4,363000,월,독립오피스,1명 ~ 1명,00:00 ~ 24:00,00:00 ~ 24:00,00:00 ~ 24:00,00:00 ~ 24:00,00:00 ~ 24:00,00:00 ~ 24:00,00:00 ~ 24:00,Y,N,Y,Y,Y,Y,Y,Y,N,Y,Y,Y,N,Y,N,Y,N,Y,Y,Y,N,N,2022-11-16,454.05 ㎡,"2,700.52 ㎡"
[GARAGE 구리] 2인 사무실,경기도,구리시,수택동,,526-4 번지,검배로,7 번,37.6004001,127.1419304,11929,경기도 구리시 검배로 7,경기도 구리시 수택동 526-4,561000,월,독립오피스,1명 ~ 2명,00:00 ~ 24:00,00:00 ~ 24:00,00:00 ~ 24:00,00:00 ~ 24:00,00:00 ~ 24:00,00:00 ~ 24:00,00:00 ~ 24:00,Y,N,Y,Y,Y,Y,Y,Y,N,Y,Y,Y,N,Y,N,Y,N,Y,Y,Y,N,N,2022-11-16,454.05 ㎡,"2,700.52 ㎡"
[GARAGE 구리] 3인 사무실,경기도,구리시,수택동,,526-4 번지,검배로,7 번,37.6004001,127.1419304,11929,경기도 구리시 검배로 7,경기도 구리시 수택동 526-4,891000,월,독립오피스,1명 ~ 3명,00:00 ~ 24:00,00:00 ~ 24:00,00:00 ~ 24:00,00:00 ~ 24:00,00:00 ~ 24:00,00:00 ~ 24:00,00:00 ~ 24:00,Y,N,Y,Y,Y,Y,Y,Y,N,Y,Y,Y,N,Y,N,Y,N,Y,Y,Y,N,N,2022-11-16,454.05 ㎡,"2,700.52 ㎡"
[GARAGE 구리] 4인 사무실,경기도,구리시,수택동,,526-4 번지,검배로,7 번,37.6004001,127.1419304,11929,경기도 구리시 검배로 7,경기도 구리시 수택동 526-4,1023000,월,독립오피스,1명 ~ 4명,00:00 ~ 24:00,00:00 ~ 24:00,00:00 ~ 24:00,00:00 ~ 24:00,00:00 ~ 24:00,00:00 ~ 24:00,00:00 ~ 24:00,Y,N,Y,Y,Y,Y,Y,Y,N,Y,Y,Y,N,Y,N,Y,N,Y,Y,Y,N,N,2022-11-16,454.05 ㎡,"2,700.52 ㎡"
[GARAGE 구리] 5인 사무실,경기도,구리시,수택동,,526-4 번지,검배로,7 번,37.6004001,127.1419304,11929,경기도 구리시 검배로 7,경기도 구리시 수택동 526-4,1188000,월,독립오피스,1명 ~ 5명,00:00 ~ 24:00,00:00 ~ 24:00,00:00 ~ 24:00,00:00 ~ 24:00,00:00 ~ 24:00,00:00 ~ 24:00,00:00 ~ 24:00,Y,N,Y,Y,Y,Y,Y,Y,N,Y,Y,Y,N,Y,N,Y,N,Y,Y,Y,N,N,2022-11-16,,
[GARAGE강남점]2인독립오피스,서울특별시,강남구,역삼동,,823-22 번지,테헤란로,128 번,37.49912979,127.0325908,6234,서울특별시 강남구 테헤란로 128,서울특별시 강남구 역삼동 823-22,1200000,월,독립오피스,1명 ~ 2명,00:00 ~ 24:00,00:00 ~ 24:00,00:00 ~ 24:00,00:00 ~ 24:00,00:00 ~ 24:00,00:00 ~ 24:00,00:00 ~ 24:00,Y,N,Y,N,Y,Y,Y,Y,N,Y,Y,Y,N,Y,N,Y,Y,Y,Y,Y,N,N,2022-11-16,229.32 ㎡,"2,867.24 ㎡"
[GARAGE강남점]3인독립오피스,서울특별시,강남구,역삼동,,823-22 번지,테헤란로,128 번,37.49912979,127.0325908,6234,서울특별시 강남구 테헤란로 128,서울특별시 강남구 역삼동 823-22,1400000,월,독립오피스,1명 ~ 3명,00:00 ~ 24:00,00:00 ~ 24:00,00:00 ~ 24:00,00:00 ~ 24:00,00:00 ~ 24:00,00:00 ~ 24:00,00:00 ~ 24:00,Y,N,Y,N,Y,Y,Y,Y,N,Y,Y,Y,N,Y,N,Y,N,Y,Y,Y,N,N,2022-11-16,229.32 ㎡,"2,867.24 ㎡"
[GARAGE강남점]4인독립오피스,서울특별시,강남구,역삼동,,823-22 번지,테헤란로,128 번,37.49912979,127.0325908,6234,서울특별시 강남구 테헤란로 128,서울특별시 강남구 역삼동 823-22,1620000,월,독립오피스,1명 ~ 4명,00:00 ~ 24:00,00:00 ~ 24:00,00:00 ~ 24:00,00:00 ~ 24:00,00:00 ~ 24:00,00:00 ~ 24:00,00:00 ~ 24:00,Y,N,Y,N,Y,Y,Y,Y,N,Y,Y,Y,N,Y,N,Y,Y,Y,Y,Y,N,N,2022-11-16,229.32 ㎡,"2,867.24 ㎡"
[GARAGE강남점]5인독립오피스,서울특별시,강남구,역삼동,,823-22 번지,테헤란로,128 번,37.49912979,127.0325908,6234,서울특별시 강남구 테헤란로 128,서울특별시 강남구 역삼동 823-22,2350000,월,독립오피스,1명 ~ 5명,00:00 ~ 24:00,00:00 ~ 24:00,00:00 ~ 24:00,00:00 ~ 24:00,00:00 ~ 24:00,00:00 ~ 24:00,00:00 ~ 24:00,Y,N,Y,N,Y,Y,Y,Y,N,Y,Y,Y,N,Y,N,Y,Y,Y,Y,Y,N,N,2022-11-16,229.32 ㎡,"2,867.24 ㎡"
[GARAGE강남점]6인독립오피스,서울특별시,강남구,역삼동,,823-22 번지,테헤란로,128 번,37.49912979,127.0325908,6234,서울특별시 강남구 테헤란로 128,서울특별시 강남구 역삼동 823-22,2680000,월,독립오피스,1명 ~ 6명,00:00 ~ 24:00,00:00 ~ 24:00,00:00 ~ 24:00,00:00 ~ 24:00,00:00 ~ 24:00,00:00 ~ 24:00,00:00 ~ 24:00,Y,N,Y,N,Y,Y,Y,Y,N,Y,Y,Y,N,Y,N,Y,Y,Y,Y,Y,N,N,2022-11-16,229.32 ㎡,"2,867.24 ㎡"
[GARAGE교대] 2인실,서울특별시,서초구,서초동,,1665-17 번지,서초중앙로18길,31 번,37.49164232,127.0160028,6634,서울특별시 서초구 서초중앙로18길 31,서울특별시 서초구 서초동 1665-17,1089000,월,독립오피스,1명 ~ 2명,00:00 ~ 24:00,00:00 ~ 24:00,00:00 ~ 24:00,00:00 ~ 24:00,00:00 ~ 24:00,00:00 ~ 24:00,00:00 ~ 24:00,Y,Y,Y,N,Y,Y,Y,Y,N,Y,Y,Y,N,Y,Y,Y,Y,Y,Y,Y,N,Y,2022-11-16,195.8 ㎡,"1,244.95 ㎡"
[GARAGE교대] 4인실,서울특별시,서초구,서초동,,1665-17 번지,서초중앙로18길,31 번,37.49164232,127.0160028,6634,서울특별시 서초구 서초중앙로18길 31,서울특별시 서초구 서초동 1665-17,1793000,월,독립오피스,1명 ~ 4명,00:00 ~ 24:00,00:00 ~ 24:00,00:00 ~ 24:00,00:00 ~ 24:00,00:00 ~ 24:00,00:00 ~ 24:00,00:00 ~ 24:00,Y,Y,Y,N,Y,Y,Y,Y,N,Y,Y,Y,N,Y,Y,Y,Y,Y,Y,Y,N,Y,2022-11-16,195.8 ㎡,"1,244.95 ㎡"
[GARAGE대전]1인독립오피스,대전광역시,서구,만년동,,386 번지,둔산대로117번길,66 번,36.36800006,127.3825816,35203,대전광역시 서구 둔산대로117번길 66,대전광역시 서구 만년동 386,440000,월,독립오피스,1명 ~ 1명,00:00 ~ 24:00,00:00 ~ 24:00,00:00 ~ 24:00,00:00 ~ 24:00,00:00 ~ 24:00,00:00 ~ 24:00,00:00 ~ 24:00,Y,N,Y,Y,Y,Y,Y,Y,N,Y,Y,Y,N,Y,Y,Y,N,Y,N,Y,N,N,2022-11-16,"1,893.24 ㎡","20,994.09 ㎡"
[GARAGE대전]2인독립오피스,대전광역시,서구,만년동,,386 번지,둔산대로117번길,66 번,36.36800006,127.3825816,35203,대전광역시 서구 둔산대로117번길 66,대전광역시 서구 만년동 386,825000,월,독립오피스,1명 ~ 2명,00:00 ~ 24:00,00:00 ~ 24:00,00:00 ~ 24:00,00:00 ~ 24:00,00:00 ~ 24:00,00:00 ~ 24:00,00:00 ~ 24:00,Y,N,Y,Y,Y,Y,Y,Y,N,Y,Y,Y,N,Y,Y,Y,N,Y,N,Y,N,N,2022-11-16,"1,893.24 ㎡","20,994.09 ㎡"
[GARAGE대전]3인독립오피스,대전광역시,서구,만년동,,386 번지,둔산대로117번길,66 번,36.36800006,127.3825816,35203,대전광역시 서구 둔산대로117번길 66,대전광역시 서구 만년동 386,1210000,월,독립오피스,1명 ~ 3명,00:00 ~ 24:00,00:00 ~ 24:00,00:00 ~ 24:00,00:00 ~ 24:00,00:00 ~ 24:00,00:00 ~ 24:00,00:00 ~ 24:00,Y,N,Y,Y,Y,Y,Y,Y,N,Y,Y,Y,N,Y,Y,Y,N,Y,N,Y,N,N,2022-11-16,"1,893.24 ㎡","20,994.09 ㎡"
[GARAGE대전]4인독립오피스,대전광역시,서구,만년동,,386 번지,둔산대로117번길,66 번,36.36800006,127.3825816,35203,대전광역시 서구 둔산대로117번길 66,대전광역시 서구 만년동 386,1485000,월,독립오피스,1명 ~ 4명,00:00 ~ 24:00,00:00 ~ 24:00,00:00 ~ 24:00,00:00 ~ 24:00,00:00 ~ 24:00,00:00 ~ 24:00,00:00 ~ 24:00,Y,N,Y,Y,Y,Y,Y,Y,N,Y,Y,Y,N,Y,Y,Y,N,Y,N,Y,N,N,2022-11-16,"1,893.24 ㎡","20,994.09 ㎡"
[GARAGE선정릉]3인독립오피스,서울특별시,강남구,삼성동,,112 번지,선릉로,578 번,37.51009721,127.0441581,6153,서울특별시 강남구 선릉로 578,서울특별시 강남구 삼성동 112,1650000,월,독립오피스,1명 ~ 3명,00:00 ~ 24:00,00:00 ~ 24:00,00:00 ~ 24:00,00:00 ~ 24:00,00:00 ~ 24:00,00:00 ~ 24:00,00:00 ~ 24:00,Y,N,Y,N,Y,Y,Y,Y,N,Y,Y,Y,N,Y,N,Y,Y,Y,Y,Y,N,N,2022-11-16,206.06 ㎡,"2,953.49 ㎡"
[GARAGE약수] 2인 사무실,서울특별시,중구,신당동,,424-7 번지,동호로14길,19 번,37.55654726,127.0106962,4607,서울특별시 중구 동호로14길 19,서울특별시 중구 신당동 424-7,1100000,월,독립오피스,1명 ~ 2명,00:00 ~ 24:00,00:00 ~ 24:00,00:00 ~ 24:00,00:00 ~ 24:00,00:00 ~ 24:00,00:00 ~ 24:00,00:00 ~ 24:00,Y,N,Y,Y,Y,Y,Y,Y,N,Y,Y,Y,N,Y,Y,Y,Y,Y,N,Y,N,N,2022-11-16,103.11 ㎡,482.79 ㎡
[GARAGE약수] 3인 사무실,서울특별시,중구,신당동,,424-7 번지,동호로14길,19 번,37.55654726,127.0106962,4607,서울특별시 중구 동호로14길 19,서울특별시 중구 신당동 424-7,1650000,월,독립오피스,1명 ~ 3명,00:00 ~ 24:00,00:00 ~ 24:00,00:00 ~ 24:00,00:00 ~ 24:00,00:00 ~ 24:00,00:00 ~ 24:00,00:00 ~ 24:00,Y,N,Y,Y,Y,Y,Y,Y,N,Y,Y,Y,N,Y,Y,Y,Y,Y,N,Y,N,N,2022-11-16,103.11 ㎡,482.79 ㎡
[GARAGE약수]4-5인 사무실,서울특별시,중구,신당동,,424-7 번지,동호로14길,19 번,37.55654726,127.0106962,4607,서울특별시 중구 동호로14길 19,서울특별시 중구 신당동 424-7,2200000,월,독립오피스,1명 ~ 5명,00:00 ~ 24:00,00:00 ~ 24:00,00:00 ~ 24:00,00:00 ~ 24:00,00:00 ~ 24:00,00:00 ~ 24:00,00:00 ~ 24:00,Y,N,Y,Y,Y,Y,Y,Y,N,Y,Y,Y,N,Y,Y,Y,Y,Y,N,Y,N,N,2022-11-16,103.11 ㎡,482.79 ㎡
0.9M 쥬디스태화점 1인독립,부산광역시,부산진구,부전동,,192-2 번지,중앙대로,694 번,35.15472735,129.0596224,47295,부산광역시 부산진구 중앙대로 694,부산광역시 부산진구 부전동 192-2,352000,월,독립오피스,1명 ~ 1명,00:00 ~ 24:00,00:00 ~ 24:00,00:00 ~ 24:00,00:00 ~ 24:00,00:00 ~ 24:00,00:00 ~ 24:00,00:00 ~ 24:00,Y,Y,Y,N,Y,Y,Y,Y,N,Y,Y,Y,N,Y,Y,N,N,Y,Y,Y,N,N,2022-11-16,"1,523.92 ㎡","15,926.92 ㎡"
0.9M 쥬디스태화점 2인독립,부산광역시,부산진구,부전동,,192-2 번지,중앙대로,694 번,35.15472735,129.0596224,47295,부산광역시 부산진구 중앙대로 694,부산광역시 부산진구 부전동 192-2,704000,월,독립오피스,1명 ~ 2명,00:00 ~ 24:00,00:00 ~ 24:00,00:00 ~ 24:00,00:00 ~ 24:00,00:00 ~ 24:00,00:00 ~ 24:00,00:00 ~ 24:00,Y,Y,Y,N,Y,Y,Y,Y,N,Y,N,Y,N,Y,N,Y,Y,Y,Y,Y,N,N,2022-11-16,"1,523.92 ㎡","15,926.92 ㎡"
0.9M 쥬디스태화점 3인독립,부산광역시,부산진구,부전동,,192-2 번지,중앙대로,694 번,35.15472735,129.0596224,47295,부산광역시 부산진구 중앙대로 694,부산광역시 부산진구 부전동 192-2,900000,월,독립오피스,1명 ~ 3명,00:00 ~ 24:00,00:00 ~ 24:00,00:00 ~ 24:00,00:00 ~ 24:00,00:00 ~ 24:00,00:00 ~ 24:00,00:00 ~ 24:00,Y,Y,Y,N,Y,Y,Y,Y,N,Y,N,Y,N,Y,N,N,N,Y,Y,Y,N,N,2022-11-16,"1,523.92 ㎡","15,926.92 ㎡"
0.9M 쥬디스태화점 4인독립,부산광역시,부산진구,부전동,,192-2 번지,중앙대로,694 번,35.15472735,129.0596224,47295,부산광역시 부산진구 중앙대로 694,부산광역시 부산진구 부전동 192-2,1100000,월,독립오피스,1명 ~ 4명,00:00 ~ 24:00,00:00 ~ 24:00,00:00 ~ 24:00,00:00 ~ 24:00,00:00 ~ 24:00,00:00 ~ 24:00,00:00 ~ 24:00,Y,Y,Y,N,Y,Y,Y,Y,N,Y,N,Y,N,Y,N,N,N,Y,Y,Y,N,N,2022-11-16,"1,523.92 ㎡","15,926.92 ㎡"
"1,3인실 소호사무실 디오빌오피스",서울특별시,영등포구,당산2동,,11-33 번지,당산로,222 번,37.53324478,126.9022911,7214,서울특별시 영등포구 당산로 222,서울특별시 영등포구 당산동5가 11-33,495000,월,독립오피스,1명 ~ 3명,00:00 ~ 24:00,00:00 ~ 24:00,00:00 ~ 24:00,00:00 ~ 24:00,00:00 ~ 24:00,00:00 ~ 24:00,00:00 ~ 24:00,Y,N,Y,N,Y,Y,Y,Y,N,Y,Y,N,N,Y,N,Y,N,N,N,Y,N,N,2022-11-16,- ㎡,- ㎡
102스타트업 프라이빗 1인실,경기도,고양시 일산동구,백석동,,1288-2 번지,중앙로,1080 번,37.64563853,126.7852311,10447,경기도 고양시 일산동구 중앙로 1080,경기도 고양시 일산동구 백석동 1288-2,275000,월,독립오피스,1명 ~ 1명,00:00 ~ 24:00,00:00 ~ 24:00,00:00 ~ 24:00,00:00 ~ 24:00,00:00 ~ 24:00,00:00 ~ 24:00,00:00 ~ 24:00,Y,Y,Y,N,Y,Y,Y,Y,N,Y,Y,Y,N,Y,N,Y,N,Y,Y,Y,N,N,2022-11-16,"1,824.86 ㎡","22,944.78 ㎡"
102스타트업 프라이빗 3인실,경기도,고양시 일산동구,백석동,,1288-2 번지,중앙로,1080 번,37.64563853,126.7852311,10447,경기도 고양시 일산동구 중앙로 1080,경기도 고양시 일산동구 백석동 1288-2,598000,월,독립오피스,2명 ~ 3명,00:00 ~ 24:00,00:00 ~ 24:00,00:00 ~ 24:00,00:00 ~ 24:00,00:00 ~ 24:00,00:00 ~ 24:00,00:00 ~ 24:00,Y,Y,Y,N,Y,Y,Y,Y,N,Y,Y,Y,N,Y,N,Y,N,Y,Y,Y,N,N,2022-11-16,"1,824.86 ㎡","22,944.78 ㎡"
102스타트업 프라이빗2인실,경기도,고양시 일산동구,백석동,,1288-2 번지,중앙로,1080 번,37.64563853,126.7852311,10447,경기도 고양시 일산동구 중앙로 1080,경기도 고양시 일산동구 백석동 1288-2,495000,월,독립오피스,2명 ~ 2명,00:00 ~ 24:00,00:00 ~ 24:00,00:00 ~ 24:00,00:00 ~ 24:00,00:00 ~ 24:00,00:00 ~ 24:00,00:00 ~ 24:00,Y,Y,Y,N,Y,Y,Y,Y,N,Y,Y,Y,N,Y,N,Y,N,Y,Y,Y,N,N,2022-11-16,"1,824.86 ㎡","22,944.78 ㎡"
102스타트업 프라이빗2인실 내측,경기도,고양시 일산동구,백석동,,1288-2 번지,중앙로,1080 번,37.64563853,126.7852311,10447,경기도 고양시 일산동구 중앙로 1080,경기도 고양시 일산동구 백석동 1288-2,450000,월,독립오피스,2명 ~ 2명,00:00 ~ 24:00,00:00 ~ 24:00,00:00 ~ 24:00,00:00 ~ 24:00,00:00 ~ 24:00,00:00 ~ 24:00,00:00 ~ 24:00,Y,Y,Y,N,Y,Y,Y,Y,N,Y,Y,Y,N,Y,N,Y,N,Y,Y,Y,N,N,2022-11-16,"1,824.86 ㎡","22,944.78 ㎡"
1인 독립사무실 가온비즈니스센터,서울특별시,영등포구,당산2동,,217-4 번지,양평로,24 번,37.53325958,126.9037411,7223,서울특별시 영등포구 양평로 24,서울특별시 영등포구 당산동6가 217-4,330000,월,독립오피스,1명 ~ 1명,00:00 ~ 24:00,00:00 ~ 24:00,00:00 ~ 24:00,00:00 ~ 24:00,00:00 ~ 24:00,00:00 ~ 24:00,00:00 ~ 24:00,Y,Y,Y,Y,Y,Y,Y,Y,N,Y,N,Y,N,Y,N,Y,N,N,Y,Y,N,N,2022-11-16,209.48 ㎡,"1,490.02 ㎡"
1인가산소호사무실 114소호사무실,서울특별시,금천구,가산동,,371-16 번지,가산디지털1로,137 번,37.47765869,126.8819304,8506,서울특별시 금천구 가산디지털1로 137,서울특별시 금천구 가산동 371-16,275000,월,독립오피스,1명 ~ 1명,00:00 ~ 24:00,00:00 ~ 24:00,00:00 ~ 24:00,00:00 ~ 24:00,00:00 ~ 24:00,00:00 ~ 24:00,00:00 ~ 24:00,Y,N,Y,N,Y,Y,Y,Y,N,Y,Y,Y,N,Y,N,Y,N,N,N,Y,N,N,2022-11-16,897.32 ㎡,"18,307.46 ㎡"
1인실 독립오피스 디오빌오피스_기본사용,서울특별시,영등포구,당산2동,,11-33 번지,당산로,222 번,37.53324478,126.9022911,7214,서울특별시 영등포구 당산로 222,서울특별시 영등포구 당산동5가 11-33,275000,월,독립오피스,1명 ~ 1명,00:00 ~ 24:00,00:00 ~ 24:00,00:00 ~ 24:00,00:00 ~ 24:00,00:00 ~ 24:00,00:00 ~ 24:00,00:00 ~ 24:00,Y,N,Y,N,N,Y,Y,Y,N,Y,Y,N,N,Y,N,N,N,N,N,Y,N,N,2022-11-16,- ㎡,- ㎡
"1인실 독립오피스,디오빌오피스_1개월(내측)",서울특별시,영등포구,당산2동,,11-33 번지,당산로,222 번,37.53324478,126.9022911,7214,서울특별시 영등포구 당산로 222,서울특별시 영등포구 당산동5가 11-33,275000,월,독립오피스,1명 ~ 1명,00:00 ~ 24:00,00:00 ~ 24:00,00:00 ~ 24:00,00:00 ~ 24:00,00:00 ~ 24:00,00:00 ~ 24:00,00:00 ~ 24:00,Y,N,Y,N,Y,Y,Y,Y,N,Y,Y,N,N,Y,N,Y,N,N,N,Y,N,N,2022-11-16,- ㎡,- ㎡
1인영등포소호사무실114소호사무실,서울특별시,영등포구,양평1동,,15-1 번지,양산로,53 번,37.52563167,126.8889225,7271,서울특별시 영등포구 양산로 53,서울특별시 영등포구 양평동3가 15-1,275000,월,독립오피스,1명 ~ 1명,00:00 ~ 24:00,00:00 ~ 24:00,00:00 ~ 24:00,00:00 ~ 24:00,00:00 ~ 24:00,00:00 ~ 24:00,00:00 ~ 24:00,Y,N,Y,N,Y,Y,N,Y,N,Y,Y,N,N,Y,N,N,N,N,N,Y,N,N,2022-11-16,"2,611.53 ㎡","29,875.94 ㎡"
2인 독립실 가온비즈니센터,서울특별시,영등포구,당산2동,,217-4 번지,양평로,24 번,37.53325958,126.9037411,7223,서울특별시 영등포구 양평로 24,서울특별시 영등포구 당산동6가 217-4,550000,월,독립오피스,2명 ~ 2명,00:00 ~ 24:00,00:00 ~ 24:00,00:00 ~ 24:00,00:00 ~ 24:00,00:00 ~ 24:00,00:00 ~ 24:00,00:00 ~ 24:00,Y,Y,Y,Y,Y,Y,Y,Y,N,Y,N,Y,N,Y,N,Y,N,N,Y,Y,N,N,2022-11-16,209.48 ㎡,"1,490.02 ㎡"
2인 사무실,인천광역시,미추홀구,문학동,,329-3 번지,승학길,5-30 번,37.43999291,126.6783563,22231,인천광역시 미추홀구 승학길 5-30,인천광역시 미추홀구 문학동 329-3,250000,월,독립오피스,2명 ~ 2명,00:00 ~ 24:00,00:00 ~ 24:00,00:00 ~ 24:00,00:00 ~ 24:00,00:00 ~ 24:00,00:00 ~ 24:00,00:00 ~ 24:00,Y,Y,Y,Y,Y,Y,Y,Y,N,Y,Y,N,N,Y,N,N,N,Y,N,Y,N,N,2022-11-16,389.84 ㎡,"1,497.57 ㎡"
2인실 독립오피스 디오빌오피스,서울특별시,영등포구,당산2동,,11-33 번지,당산로,222 번,37.53324478,126.9022911,7214,서울특별시 영등포구 당산로 222,서울특별시 영등포구 당산동5가 11-33,495000,월,독립오피스,2명 ~ 3명,00:00 ~ 24:00,00:00 ~ 24:00,00:00 ~ 24:00,00:00 ~ 24:00,00:00 ~ 24:00,00:00 ~ 24:00,00:00 ~ 24:00,Y,N,Y,N,Y,Y,Y,Y,N,Y,Y,N,N,Y,N,Y,N,N,N,Y,N,N,2022-11-16,- ㎡,- ㎡
3인 독립실 가온비즈니스센터,서울특별시,영등포구,당산2동,,217-4 번지,양평로,24 번,37.53325958,126.9037411,7223,서울특별시 영등포구 양평로 24,서울특별시 영등포구 당산동6가 217-4,715000,월,독립오피스,1명 ~ 3명,00:00 ~ 24:00,00:00 ~ 24:00,00:00 ~ 24:00,00:00 ~ 24:00,00:00 ~ 24:00,00:00 ~ 24:00,00:00 ~ 24:00,Y,Y,Y,Y,Y,Y,Y,Y,N,Y,N,Y,N,Y,N,Y,N,N,Y,Y,N,N,2022-11-16,209.48 ㎡,"1,490.02 ㎡"
3인 사무실,인천광역시,미추홀구,문학동,,329-3 번지,승학길,5-30 번,37.43999291,126.6783563,22231,인천광역시 미추홀구 승학길 5-30,인천광역시 미추홀구 문학동 329-3,400000,월,독립오피스,3명 ~ 3명,00:00 ~ 24:00,00:00 ~ 24:00,00:00 ~ 24:00,00:00 ~ 24:00,00:00 ~ 24:00,00:00 ~ 24:00,00:00 ~ 24:00,Y,Y,Y,Y,Y,Y,Y,Y,N,Y,Y,N,N,Y,N,N,N,Y,N,Y,N,N,2022-11-16,389.84 ㎡,"1,497.57 ㎡"
3인실 독립오피스 디오빌오피스,서울특별시,영등포구,당산2동,,11-33 번지,당산로,222 번,37.53324478,126.9022911,7214,서울특별시 영등포구 당산로 222,서울특별시 영등포구 당산동5가 11-33,550000,월,독립오피스,1명 ~ 3명,00:00 ~ 24:00,00:00 ~ 24:00,00:00 ~ 24:00,00:00 ~ 24:00,00:00 ~ 24:00,00:00 ~ 24:00,00:00 ~ 24:00,Y,N,Y,N,N,Y,Y,Y,Y,Y,Y,N,N,Y,N,N,N,N,N,Y,N,N,2022-11-16,- ㎡,- ㎡
가몽스페이스,경기도,안양시 만안구,안양동,,533-11 번지,만안로,31-13 번,37.38602481,126.9338635,14035,경기도 안양시 만안구 만안로 31-13,경기도 안양시 만안구 안양동 533-11,400000,월,독립오피스,1명 ~ 1명,00:00 ~ 24:00,00:00 ~ 24:00,00:00 ~ 24:00,00:00 ~ 24:00,00:00 ~ 24:00,00:00 ~ 24:00,00:00 ~ 24:00,Y,N,N,N,Y,Y,N,Y,N,Y,Y,N,N,Y,N,N,Y,N,N,Y,Y,N,2022-11-16,170.16 ㎡,"1,406.53 ㎡"
가몽스페이스 304호,경기도,안양시 만안구,안양동,,533-11 번지,만안로,31-13 번,37.38602481,126.9338635,14035,경기도 안양시 만안구 만안로 31-13,경기도 안양시 만안구 안양동 533-11,330000,월,독립오피스,1명 ~ 2명,00:00 ~ 24:00,00:00 ~ 24:00,00:00 ~ 24:00,00:00 ~ 24:00,00:00 ~ 24:00,00:00 ~ 24:00,00:00 ~ 24:00,Y,N,N,Y,Y,Y,N,Y,N,Y,Y,Y,N,Y,N,Y,N,N,N,Y,Y,N,2022-11-16,170.16 ㎡,"1,406.53 ㎡"
가산 비상주사업자등록 114소호,서울특별시,구로구,구로동,,197-28 번지,디지털로31길,41 번,37.4851718,126.8927513,8375,서울특별시 구로구 디지털로31길 41,서울특별시 구로구 구로동 197-28,70000,월,독립오피스,1명 ~ 3명,00:00 ~ 24:00,00:00 ~ 24:00,00:00 ~ 24:00,00:00 ~ 24:00,00:00 ~ 24:00,00:00 ~ 24:00,00:00 ~ 24:00,Y,N,Y,N,Y,Y,Y,Y,N,Y,Y,N,N,Y,N,Y,N,N,N,Y,N,N,2022-11-16,"2,463.37 ㎡","32,987.11 ㎡"
가산 창업공간비아 6인독립사무실,서울특별시,금천구,가산동,,673 번지,가산디지털1로,16 번,37.46761023,126.8880861,8591,서울특별시 금천구 가산디지털1로 16,서울특별시 금천구 가산동 673,1210000,월,독립오피스,1명 ~ 6명,07:00 ~ 24:00,07:00 ~ 24:00,07:00 ~ 24:00,07:00 ~ 24:00,07:00 ~ 24:00,07:00 ~ 24:00,07:00 ~ 24:00,Y,N,Y,Y,N,Y,Y,N,Y,Y,Y,Y,N,Y,N,Y,N,Y,Y,Y,N,N,2022-11-16,"3,970.2 ㎡","66,644.75 ㎡"
가산공유오피스 114소호사무실,서울특별시,금천구,가산동,,371-16 번지,가산디지털1로,137 번,37.47765869,126.8819304,8506,서울특별시 금천구 가산디지털1로 137,서울특별시 금천구 가산동 371-16,275000,월,독립오피스,1명 ~ 1명,00:00 ~ 24:00,00:00 ~ 24:00,00:00 ~ 24:00,00:00 ~ 24:00,00:00 ~ 24:00,00:00 ~ 24:00,00:00 ~ 24:00,Y,N,Y,N,Y,Y,N,Y,N,Y,Y,Y,N,Y,N,N,N,N,N,Y,N,N,2022-11-16,897.32 ㎡,"18,307.46 ㎡"
가산디지털단지역 스카이엠비즈1인실,서울특별시,금천구,가산동,,60-15 번지,벚꽃로,286 번,37.48035712,126.8841972,8511,서울특별시 금천구 벚꽃로 286,서울특별시 금천구 가산동 60-15,297000,월,독립오피스,1명 ~ 1명,00:00 ~ 24:00,00:00 ~ 24:00,00:00 ~ 24:00,00:00 ~ 24:00,00:00 ~ 24:00,00:00 ~ 24:00,00:00 ~ 24:00,Y,Y,Y,N,N,Y,Y,Y,Y,Y,Y,N,N,Y,N,N,N,N,Y,Y,N,Y,2022-11-16,"3,356.11 ㎡","51,505.41 ㎡"
가산디지털단지역 스카이엠비즈2인실,서울특별시,금천구,가산동,,60-15 번지,벚꽃로,286 번,37.48035712,126.8841972,8511,서울특별시 금천구 벚꽃로 286,서울특별시 금천구 가산동 60-15,396000,월,독립오피스,2명 ~ 2명,00:00 ~ 24:00,00:00 ~ 24:00,00:00 ~ 24:00,00:00 ~ 24:00,00:00 ~ 24:00,00:00 ~ 24:00,00:00 ~ 24:00,Y,Y,Y,N,N,Y,Y,Y,Y,Y,Y,N,N,Y,N,N,N,N,Y,Y,N,Y,2022-11-16,"3,356.11 ㎡","51,505.41 ㎡"
가산비상주사무실 114소호 A,서울특별시,금천구,가산동,,371-16 번지,가산디지털1로,137 번,37.47765869,126.8819304,8506,서울특별시 금천구 가산디지털1로 137,서울특별시 금천구 가산동 371-16,150000,월,독립오피스,1명 ~ 3명,00:00 ~ 24:00,00:00 ~ 24:00,00:00 ~ 24:00,00:00 ~ 24:00,00:00 ~ 24:00,00:00 ~ 24:00,00:00 ~ 24:00,Y,N,Y,N,Y,Y,Y,Y,N,Y,Y,N,N,Y,N,Y,N,N,N,Y,N,N,2022-11-16,897.32 ㎡,"18,307.46 ㎡"
가산비상주소호사무실 114소호 B,서울특별시,금천구,가산동,,371-16 번지,가산디지털1로,137 번,37.47765869,126.8819304,8506,서울특별시 금천구 가산디지털1로 137,서울특별시 금천구 가산동 371-16,70000,월,독립오피스,1명 ~ 3명,00:00 ~ 24:00,00:00 ~ 24:00,00:00 ~ 24:00,00:00 ~ 24:00,00:00 ~ 24:00,00:00 ~ 24:00,00:00 ~ 24:00,Y,N,Y,N,Y,Y,Y,Y,N,Y,Y,N,N,Y,N,Y,N,N,N,Y,N,N,2022-11-16,897.32 ㎡,"18,307.46 ㎡"
"가성비,효율성 좋은 2인 사무실",인천광역시,미추홀구,문학동,,329-3 번지,승학길,5-30 번,37.43995907,126.6783681,22231,인천광역시 미추홀구 승학길 5-30,인천광역시 미추홀구 문학동 329-3,330000,월,독립오피스,1명 ~ 2명,00:00 ~ 24:00,00:00 ~ 24:00,00:00 ~ 24:00,00:00 ~ 24:00,00:00 ~ 24:00,00:00 ~ 24:00,00:00 ~ 24:00,Y,N,Y,Y,Y,Y,Y,Y,N,Y,Y,N,N,Y,N,N,N,Y,N,Y,N,Y,2022-11-16,389.84 ㎡,"1,497.57 ㎡"
강남 2인실 [테헤란센터],서울특별시,강남구,대치동,,955 번지,삼성로82길,20 번,37.50522756,127.0593515,6184,서울특별시 강남구 삼성로82길 20,서울특별시 강남구 대치동 955,748000,월,독립오피스,2명 ~ 2명,00:00 ~ 24:00,00:00 ~ 24:00,00:00 ~ 24:00,00:00 ~ 24:00,00:00 ~ 24:00,00:00 ~ 24:00,00:00 ~ 24:00,Y,Y,Y,Y,Y,Y,Y,Y,N,Y,Y,Y,N,Y,Y,Y,Y,Y,Y,Y,N,N,2022-11-16,166.98 ㎡,978.95 ㎡
강남 공유오피스 유니언워크 1인실,서울특별시,강남구,역삼동,,649 번지,강남대로94길,28 번,37.49962514,127.0295903,6134,서울특별시 강남구 강남대로94길 28,서울특별시 강남구 역삼동 649,495000,월,독립오피스,1명 ~ 1명,00:00 ~ 24:00,00:00 ~ 24:00,00:00 ~ 24:00,00:00 ~ 24:00,00:00 ~ 24:00,00:00 ~ 24:00,00:00 ~ 24:00,Y,Y,Y,Y,N,Y,Y,Y,N,Y,Y,Y,N,Y,Y,Y,N,Y,Y,Y,N,N,2022-11-16,295.5 ㎡,"2,859.49 ㎡"
강남 공유오피스 유니언워크 3인실,서울특별시,강남구,역삼동,,649 번지,강남대로94길,28 번,37.49962514,127.0295903,6134,서울특별시 강남구 강남대로94길 28,서울특별시 강남구 역삼동 649,1237500,월,독립오피스,1명 ~ 3명,00:00 ~ 24:00,00:00 ~ 24:00,00:00 ~ 24:00,00:00 ~ 24:00,00:00 ~ 24:00,00:00 ~ 24:00,00:00 ~ 24:00,Y,Y,Y,Y,Y,Y,Y,Y,N,Y,Y,Y,N,Y,Y,Y,N,Y,Y,Y,N,N,2022-11-16,295.5 ㎡,"2,859.49 ㎡"
강남 공유오피스 유니언워크 4인실,서울특별시,강남구,역삼동,,649 번지,강남대로94길,28 번,37.49962514,127.0295903,6134,서울특별시 강남구 강남대로94길 28,서울특별시 강남구 역삼동 649,1485000,월,독립오피스,1명 ~ 4명,00:00 ~ 24:00,00:00 ~ 24:00,00:00 ~ 24:00,00:00 ~ 24:00,00:00 ~ 24:00,00:00 ~ 24:00,00:00 ~ 24:00,Y,Y,Y,Y,Y,Y,Y,Y,N,Y,Y,Y,N,Y,Y,Y,N,Y,Y,Y,N,N,2022-11-16,295.5 ㎡,"2,859.49 ㎡"
강남 공유오피스 유니언워크 5인실,서울특별시,강남구,역삼동,,649 번지,강남대로94길,28 번,37.49962514,127.0295903,6134,서울특별시 강남구 강남대로94길 28,서울특별시 강남구 역삼동 649,1732500,월,독립오피스,1명 ~ 5명,00:00 ~ 24:00,00:00 ~ 24:00,00:00 ~ 24:00,00:00 ~ 24:00,00:00 ~ 24:00,00:00 ~ 24:00,00:00 ~ 24:00,Y,Y,Y,Y,Y,Y,Y,Y,N,Y,Y,Y,N,Y,Y,Y,N,Y,Y,Y,N,N,2022-11-16,295.5 ㎡,"2,859.49 ㎡"
강남 공유오피스 유니언워크 6인실,서울특별시,강남구,역삼동,,649 번지,강남대로94길,28 번,37.49962514,127.0295903,6134,서울특별시 강남구 강남대로94길 28,서울특별시 강남구 역삼동 649,2145000,월,독립오피스,1명 ~ 6명,00:00 ~ 24:00,00:00 ~ 24:00,00:00 ~ 24:00,00:00 ~ 24:00,00:00 ~ 24:00,00:00 ~ 24:00,00:00 ~ 24:00,Y,Y,Y,Y,Y,Y,Y,Y,N,Y,Y,Y,N,Y,Y,Y,N,Y,Y,Y,N,N,2022-11-16,295.5 ㎡,"2,859.49 ㎡"
강남 비상주사무실가격 114소호,서울특별시,강남구,논현동,,111-13 번지,선릉로131길,8 번,37.51797526,127.040276,6059,서울특별시 강남구 선릉로131길 8,서울특별시 강남구 논현동 111-13,70000,월,독립오피스,1명 ~ 3명,00:00 ~ 24:00,00:00 ~ 24:00,00:00 ~ 24:00,00:00 ~ 24:00,00:00 ~ 24:00,00:00 ~ 24:00,00:00 ~ 24:00,Y,N,Y,N,Y,Y,Y,Y,N,Y,Y,N,N,Y,N,Y,N,N,N,Y,N,N,2022-11-16,716.33 ㎡,"9,470.67 ㎡"
"강남 소호사무실, 공유오피스",서울특별시,강남구,논현동,,164-9 번지,강남대로,508 번,37.50767303,127.0234693,6114,서울특별시 강남구 강남대로 508,서울특별시 강남구 논현동 164-9,440000,월,독립오피스,1명 ~ 2명,00:00 ~ 24:00,00:00 ~ 24:00,00:00 ~ 24:00,00:00 ~ 24:00,00:00 ~ 24:00,00:00 ~ 24:00,00:00 ~ 24:00,Y,N,Y,N,Y,Y,Y,Y,N,Y,N,N,N,Y,N,Y,N,N,Y,Y,N,N,2022-11-16,248.06 ㎡,"2,424.56 ㎡"
강남 아우렌 오피스,서울특별시,강남구,논현동,,20-14 번지,강남대로136길,11 번,37.51311113,127.0216062,6043,서울특별시 강남구 강남대로136길 11,서울특별시 강남구 논현동 20-14,660000,월,독립오피스,1명 ~ 3명,00:00 ~ 24:00,00:00 ~ 24:00,00:00 ~ 24:00,00:00 ~ 24:00,00:00 ~ 24:00,00:00 ~ 24:00,00:00 ~ 24:00,Y,Y,Y,Y,Y,Y,Y,Y,N,Y,N,Y,N,Y,Y,Y,N,Y,Y,Y,N,N,2022-11-16,372.11 ㎡,"2,154.72 ㎡"
강남 오피스 유니언워크 2.5인실,서울특별시,강남구,역삼동,,649 번지,강남대로94길,28 번,37.49962514,127.0295903,6134,서울특별시 강남구 강남대로94길 28,서울특별시 강남구 역삼동 649,1113750,월,독립오피스,1명 ~ 2명,00:00 ~ 24:00,00:00 ~ 24:00,00:00 ~ 24:00,00:00 ~ 24:00,00:00 ~ 24:00,00:00 ~ 24:00,00:00 ~ 24:00,Y,Y,Y,Y,Y,Y,Y,Y,N,Y,Y,Y,N,Y,Y,Y,N,Y,Y,Y,N,N,2022-11-16,295.5 ㎡,"2,859.49 ㎡"
강남 이노코웍스 독립오피스 5인A,서울특별시,강남구,역삼동,,748-30 번지,역삼로19길,3 번,37.49547932,127.0366999,6246,서울특별시 강남구 역삼로19길 3,서울특별시 강남구 역삼동 748-30,1925000,월,독립오피스,1명 ~ 5명,00:00 ~ 24:00,00:00 ~ 24:00,00:00 ~ 24:00,00:00 ~ 24:00,00:00 ~ 24:00,00:00 ~ 24:00,00:00 ~ 24:00,Y,Y,Y,N,N,Y,Y,Y,N,Y,N,N,N,Y,N,N,Y,Y,Y,Y,N,N,2022-11-16,154.38 ㎡,984.51 ㎡
강남 이노코웍스 독립오피스 5인B,서울특별시,강남구,역삼동,,748-30 번지,역삼로19길,3 번,37.49547932,127.0366999,6246,서울특별시 강남구 역삼로19길 3,서울특별시 강남구 역삼동 748-30,2200000,월,독립오피스,1명 ~ 5명,00:00 ~ 24:00,00:00 ~ 24:00,00:00 ~ 24:00,00:00 ~ 24:00,00:00 ~ 24:00,00:00 ~ 24:00,00:00 ~ 24:00,Y,Y,Y,N,N,Y,Y,Y,N,Y,N,N,N,Y,N,N,Y,Y,Y,Y,N,N,2022-11-16,154.38 ㎡,984.51 ㎡
강남 이노코웍스 독립오피스 6인A,서울특별시,강남구,역삼동,,748-30 번지,역삼로19길,3 번,37.49547932,127.0366999,6246,서울특별시 강남구 역삼로19길 3,서울특별시 강남구 역삼동 748-30,1925000,월,독립오피스,1명 ~ 6명,00:00 ~ 24:00,00:00 ~ 24:00,00:00 ~ 24:00,00:00 ~ 24:00,00:00 ~ 24:00,00:00 ~ 24:00,00:00 ~ 24:00,Y,Y,Y,N,N,Y,Y,Y,N,Y,N,N,N,Y,N,N,Y,Y,Y,Y,N,N,2022-11-16,154.38 ㎡,984.51 ㎡
강남 이노코웍스 독립오피스 6인B,서울특별시,강남구,역삼동,,748-30 번지,역삼로19길,3 번,37.49547932,127.0366999,6246,서울특별시 강남구 역삼로19길 3,서울특별시 강남구 역삼동 748-30,2200000,월,독립오피스,1명 ~ 6명,00:00 ~ 24:00,00:00 ~ 24:00,00:00 ~ 24:00,00:00 ~ 24:00,00:00 ~ 24:00,00:00 ~ 24:00,00:00 ~ 24:00,Y,Y,Y,N,N,Y,Y,Y,N,Y,N,N,N,Y,N,N,Y,Y,Y,Y,N,N,2022-11-16,154.38 ㎡,984.51 ㎡
강남 이노코웍스 독립오피스(8인),서울특별시,강남구,역삼동,,748-30 번지,역삼로19길,3 번,37.49547932,127.0366999,6246,서울특별시 강남구 역삼로19길 3,서울특별시 강남구 역삼동 748-30,3025000,월,독립오피스,1명 ~ 8명,00:00 ~ 24:00,00:00 ~ 24:00,00:00 ~ 24:00,00:00 ~ 24:00,00:00 ~ 24:00,00:00 ~ 24:00,00:00 ~ 24:00,Y,Y,Y,N,N,Y,Y,Y,N,Y,N,N,N,Y,N,N,Y,Y,Y,Y,N,N,2022-11-16,154.38 ㎡,984.51 ㎡
강남.역삼 독립 오피스 3인용,서울특별시,강남구,역삼동,,720-9 번지,테헤란로38길,5 번,37.50164256,127.0416306,6221,서울특별시 강남구 테헤란로38길 5,서울특별시 강남구 역삼동 720-9,1200000,월,독립오피스,2명 ~ 3명,09:00 ~ 22:00,09:00 ~ 22:00,09:00 ~ 22:00,09:00 ~ 22:00,09:00 ~ 22:00,휴무일,휴무일,Y,Y,Y,N,Y,Y,Y,Y,N,Y,Y,Y,N,Y,Y,Y,Y,Y,Y,Y,N,N,2022-11-16,197.65 ㎡,"3,431.45 ㎡"
강남공유사무실 114소호 1인실,서울특별시,강남구,논현동,,58 번지,논현로131길,23 번,37.5139129,127.0285565,6046,서울특별시 강남구 논현로131길 23,서울특별시 강남구 논현동 58,40000,월,독립오피스,1명 ~ 3명,00:00 ~ 24:00,00:00 ~ 24:00,00:00 ~ 24:00,00:00 ~ 24:00,00:00 ~ 24:00,00:00 ~ 24:00,00:00 ~ 24:00,N,N,N,N,N,Y,N,N,Y,N,N,N,N,N,N,N,N,N,N,Y,N,N,2022-11-16,456.96 ㎡,"2,563.25 ㎡"
강남공유오피스 114소호 A,서울특별시,강남구,논현동,,111-13 번지,선릉로131길,8 번,37.51797526,127.040276,6059,서울특별시 강남구 선릉로131길 8,서울특별시 강남구 논현동 111-13,350000,월,독립오피스,1명 ~ 3명,00:00 ~ 24:00,00:00 ~ 24:00,00:00 ~ 24:00,00:00 ~ 24:00,00:00 ~ 24:00,00:00 ~ 24:00,00:00 ~ 24:00,Y,N,Y,N,Y,Y,Y,Y,N,Y,Y,N,N,Y,N,Y,N,N,N,Y,N,N,2022-11-16,716.33 ㎡,"9,470.67 ㎡"
강남공유오피스 114소호_1인실,서울특별시,강남구,논현동,,58 번지,논현로131길,23 번,37.5139129,127.0285565,6046,서울특별시 강남구 논현로131길 23,서울특별시 강남구 논현동 58,40000,월,독립오피스,1명 ~ 3명,00:00 ~ 24:00,00:00 ~ 24:00,00:00 ~ 24:00,00:00 ~ 24:00,00:00 ~ 24:00,00:00 ~ 24:00,00:00 ~ 24:00,N,N,N,N,N,Y,N,N,Y,N,N,N,N,N,N,N,N,N,N,Y,N,N,2022-11-16,456.96 ㎡,"2,563.25 ㎡"
강남비상주 114소호_기본계약(월),서울특별시,강남구,논현동,,58 번지,논현로131길,23 번,37.5139129,127.0285565,6046,서울특별시 강남구 논현로131길 23,서울특별시 강남구 논현동 58,40000,월,독립오피스,1명 ~ 3명,00:00 ~ 24:00,00:00 ~ 24:00,00:00 ~ 24:00,00:00 ~ 24:00,00:00 ~ 24:00,00:00 ~ 24:00,00:00 ~ 24:00,N,N,N,N,N,Y,N,N,Y,N,N,N,N,N,N,N,N,N,N,Y,N,N,2022-11-16,456.96 ㎡,"2,563.25 ㎡"
강남비상주사무실 114소호 B,서울특별시,강남구,논현동,,111-13 번지,선릉로131길,8 번,37.51797526,127.040276,6059,서울특별시 강남구 선릉로131길 8,서울특별시 강남구 논현동 111-13,150000,월,독립오피스,1명 ~ 3명,00:00 ~ 24:00,00:00 ~ 24:00,00:00 ~ 24:00,00:00 ~ 24:00,00:00 ~ 24:00,00:00 ~ 24:00,00:00 ~ 24:00,Y,N,Y,N,Y,Y,Y,Y,N,Y,Y,N,N,Y,N,Y,N,N,N,Y,N,N,2022-11-16,716.33 ㎡,"9,470.67 ㎡"
강남비상주사무실 114소호_기본계약(월),서울특별시,강남구,논현동,,58 번지,논현로131길,23 번,37.5139129,127.0285565,6046,서울특별시 강남구 논현로131길 23,서울특별시 강남구 논현동 58,40000,월,독립오피스,1명 ~ 3명,00:00 ~ 24:00,00:00 ~ 24:00,00:00 ~ 24:00,00:00 ~ 24:00,00:00 ~ 24:00,00:00 ~ 24:00,00:00 ~ 24:00,N,N,N,N,N,Y,N,N,Y,N,N,N,N,N,N,N,N,N,N,Y,N,N,2022-11-16,456.96 ㎡,"2,563.25 ㎡"
강남비상주오피스 114소호_온라인 계약,서울특별시,강남구,논현동,,58 번지,논현로131길,23 번,37.5139129,127.0285565,6046,서울특별시 강남구 논현로131길 23,서울특별시 강남구 논현동 58,40000,월,독립오피스,1명 ~ 3명,00:00 ~ 24:00,00:00 ~ 24:00,00:00 ~ 24:00,00:00 ~ 24:00,00:00 ~ 24:00,00:00 ~ 24:00,00:00 ~ 24:00,N,N,N,N,N,Y,N,N,Y,N,N,N,N,N,N,N,N,N,N,Y,N,N,2022-11-16,456.96 ㎡,"2,563.25 ㎡"
강남소호사무실 114소호 1인실,서울특별시,강남구,논현동,,58 번지,논현로131길,23 번,37.5139129,127.0285565,6046,서울특별시 강남구 논현로131길 23,서울특별시 강남구 논현동 58,40000,월,독립오피스,1명 ~ 3명,00:00 ~ 24:00,00:00 ~ 24:00,00:00 ~ 24:00,00:00 ~ 24:00,00:00 ~ 24:00,00:00 ~ 24:00,00:00 ~ 24:00,N,N,N,N,N,Y,N,N,Y,N,N,N,N,N,N,N,N,N,N,Y,N,N,2022-11-16,456.96 ㎡,"2,563.25 ㎡"
강남소호사무실 114소호 C,서울특별시,강남구,논현동,,111-13 번지,선릉로131길,8 번,37.51797526,127.040276,6059,서울특별시 강남구 선릉로131길 8,서울특별시 강남구 논현동 111-13,250000,월,독립오피스,1명 ~ 3명,00:00 ~ 24:00,00:00 ~ 24:00,00:00 ~ 24:00,00:00 ~ 24:00,00:00 ~ 24:00,00:00 ~ 24:00,00:00 ~ 24:00,Y,N,Y,N,Y,Y,Y,Y,N,Y,Y,N,N,Y,N,Y,N,N,N,Y,N,N,2022-11-16,716.33 ㎡,"9,470.67 ㎡"
강남소호사무실 오피스링크 2인실,서울특별시,서초구,잠원동,,76-7 번지,반포대로,300-3 번,37.50578145,127.0012367,6509,서울특별시 서초구 반포대로 300-3,서울특별시 서초구 잠원동 76-7,550000,월,독립오피스,1명 ~ 2명,00:00 ~ 24:00,00:00 ~ 24:00,00:00 ~ 24:00,00:00 ~ 24:00,00:00 ~ 24:00,00:00 ~ 24:00,00:00 ~ 24:00,Y,N,Y,N,Y,Y,Y,Y,N,Y,Y,Y,N,Y,Y,Y,N,Y,Y,Y,N,N,2022-11-16,442.22 ㎡,"3,957.28 ㎡"
강남소호사무실 오피스링크 3인실,서울특별시,서초구,잠원동,,76-7 번지,반포대로,300-3 번,37.50578145,127.0012367,6509,서울특별시 서초구 반포대로 300-3,서울특별시 서초구 잠원동 76-7,825000,월,독립오피스,1명 ~ 3명,00:00 ~ 24:00,00:00 ~ 24:00,00:00 ~ 24:00,00:00 ~ 24:00,00:00 ~ 24:00,00:00 ~ 24:00,00:00 ~ 24:00,Y,N,Y,N,Y,Y,Y,Y,N,Y,Y,Y,N,Y,Y,Y,N,Y,Y,Y,N,N,2022-11-16,442.22 ㎡,"3,957.28 ㎡"
강남소호사무실 오피스링크 4인실,서울특별시,서초구,잠원동,,76-7 번지,반포대로,300-3 번,37.50578145,127.0012367,6509,서울특별시 서초구 반포대로 300-3,서울특별시 서초구 잠원동 76-7,990000,월,독립오피스,1명 ~ 4명,00:00 ~ 24:00,00:00 ~ 24:00,00:00 ~ 24:00,00:00 ~ 24:00,00:00 ~ 24:00,00:00 ~ 24:00,00:00 ~ 24:00,Y,N,Y,N,Y,Y,Y,Y,N,Y,Y,Y,N,Y,Y,Y,N,Y,Y,Y,N,N,2022-11-16,442.22 ㎡,"3,957.28 ㎡"
강남역 소호사무실 비타임 (2인),서울특별시,서초구,서초동,,1327-33 번지,서초대로74길,33 번,37.49462035,127.0276061,6621,서울특별시 서초구 서초대로74길 33,서울특별시 서초구 서초동 1327-33,660000,월,독립오피스,1명 ~ 3명,00:00 ~ 24:00,00:00 ~ 24:00,00:00 ~ 24:00,00:00 ~ 24:00,00:00 ~ 24:00,00:00 ~ 24:00,00:00 ~ 24:00,Y,N,Y,Y,Y,Y,Y,Y,N,Y,N,N,N,Y,N,Y,N,N,N,Y,N,Y,2022-11-16,807.38 ㎡,"9,904.4 ㎡"
강남역 소호사무실 비타임 (3인),서울특별시,서초구,서초동,,1327-33 번지,서초대로74길,33 번,37.49462035,127.0276061,6621,서울특별시 서초구 서초대로74길 33,서울특별시 서초구 서초동 1327-33,990000,월,독립오피스,1명 ~ 3명,00:00 ~ 24:00,00:00 ~ 24:00,00:00 ~ 24:00,00:00 ~ 24:00,00:00 ~ 24:00,00:00 ~ 24:00,00:00 ~ 24:00,Y,N,Y,Y,Y,Y,Y,Y,N,Y,N,N,N,Y,N,Y,N,N,N,Y,N,Y,2022-11-16,807.38 ㎡,"9,904.4 ㎡"
강남역 휴스피치 5인 독립 오피스,서울특별시,강남구,역삼동,,827-4 번지,테헤란로4길,27 번,37.49669224,127.0304223,6240,서울특별시 강남구 테헤란로4길 27,서울특별시 강남구 역삼동 827-4,80000,일,독립오피스,1명 ~ 5명,09:00 ~ 18:00,09:00 ~ 18:00,09:00 ~ 18:00,09:00 ~ 18:00,09:00 ~ 18:00,09:00 ~ 18:00,휴무일,Y,N,Y,N,N,Y,N,N,Y,Y,N,Y,N,Y,N,Y,N,N,Y,Y,N,N,2022-11-16,144.5 ㎡,961.2 ㎡
강남역 휴스피치 7인 오피스공간,서울특별시,강남구,역삼동,,827-4 번지,테헤란로4길,27 번,37.49669224,127.0304223,6240,서울특별시 강남구 테헤란로4길 27,서울특별시 강남구 역삼동 827-4,120000,일,독립오피스,1명 ~ 7명,09:00 ~ 18:00,09:00 ~ 18:00,09:00 ~ 18:00,09:00 ~ 18:00,09:00 ~ 18:00,09:00 ~ 18:00,휴무일,Y,N,Y,N,N,Y,N,N,Y,Y,N,Y,N,Y,N,Y,N,Y,Y,Y,N,N,2022-11-16,144.5 ㎡,961.2 ㎡
강변역 플렉스 소호사무실,서울특별시,광진구,구의동,,546-4 번지,광나루로56길,85 번,37.53572518,127.0956922,5116,서울특별시 광진구 광나루로56길 85,서울특별시 광진구 구의동 546-4,20000,일,독립오피스,1명 ~ 2명,10:00 ~ 20:00,10:00 ~ 20:00,10:00 ~ 20:00,10:00 ~ 20:00,10:00 ~ 20:00,10:00 ~ 20:00,10:00 ~ 20:00,N,Y,Y,Y,N,Y,N,N,Y,N,Y,Y,N,N,Y,N,N,N,N,Y,N,N,2022-11-16,"13,319.84 ㎡","259,730.85 ㎡"
강북소호사무실 비즈클레버,서울특별시,강북구,수유동,,472-193 번지,삼양로,328 번,37.63269632,127.0178419,1111,서울특별시 강북구 삼양로 328,서울특별시 강북구 수유동 472-193,385000,월,독립오피스,1명 ~ 1명,09:00 ~ 22:00,09:00 ~ 22:00,09:00 ~ 22:00,09:00 ~ 22:00,09:00 ~ 22:00,09:00 ~ 22:00,09:00 ~ 22:00,Y,Y,Y,N,Y,Y,Y,N,Y,Y,N,N,N,Y,N,Y,Y,N,N,Y,N,N,2022-11-16,164.04 ㎡,781.12 ㎡
개인쇼핑몰 운영용 동대문사무실,서울특별시,동대문구,용두동,,36-10 번지,고산자로,377 번,37.57336891,127.0376881,2590,서울특별시 동대문구 고산자로 377,서울특별시 동대문구 용두동 36-10,550000,월,독립오피스,1명 ~ 2명,00:00 ~ 24:00,00:00 ~ 24:00,00:00 ~ 24:00,00:00 ~ 24:00,00:00 ~ 24:00,00:00 ~ 24:00,00:00 ~ 24:00,Y,N,Y,Y,Y,Y,Y,Y,N,Y,N,N,N,Y,N,Y,N,N,N,Y,N,N,2022-11-16,369.23 ㎡,"2,884.37 ㎡"
건국공간 공유오피스 독립실 3인실,서울특별시,광진구,화양동,,37-77 번지,아차산로21길,64 번,37.54467931,127.0664321,5014,서울특별시 광진구 아차산로21길 64,서울특별시 광진구 화양동 37-77,550000,월,독립오피스,3명 ~ 4명,00:00 ~ 24:00,00:00 ~ 24:00,00:00 ~ 24:00,00:00 ~ 24:00,00:00 ~ 24:00,00:00 ~ 24:00,00:00 ~ 24:00,Y,N,Y,N,Y,Y,Y,Y,N,Y,N,Y,N,Y,N,Y,Y,N,N,Y,N,N,2022-11-16,87.96 ㎡,457.62 ㎡
건국공간 공유오피스 독립실 6인실,서울특별시,광진구,화양동,,37-77 번지,아차산로21길,64 번,37.54467931,127.0664321,5014,서울특별시 광진구 아차산로21길 64,서울특별시 광진구 화양동 37-77,825000,월,독립오피스,5명 ~ 7명,00:00 ~ 24:00,00:00 ~ 24:00,00:00 ~ 24:00,00:00 ~ 24:00,00:00 ~ 24:00,00:00 ~ 24:00,00:00 ~ 24:00,Y,N,Y,N,Y,Y,Y,Y,N,Y,N,Y,N,Y,N,Y,Y,N,N,Y,N,N,2022-11-16,87.96 ㎡,457.62 ㎡
공간구독서비스[모아]1인실 강남역,서울특별시,서초구,서초동,,1329-8 번지,강남대로,341 번,37.4932549,127.0293618,6626,서울특별시 서초구 강남대로 341,서울특별시 서초구 서초동 1329-8,22000,일,독립오피스,1명 ~ 1명,09:00 ~ 18:00,09:00 ~ 18:00,09:00 ~ 18:00,09:00 ~ 18:00,09:00 ~ 18:00,휴무일,휴무일,Y,N,Y,Y,Y,Y,Y,N,Y,Y,Y,Y,N,Y,N,N,Y,Y,Y,Y,N,N,2022-11-16,456.21 ㎡,"6,197.92 ㎡"
공간구독서비스[모아]1인실 언주점,서울특별시,강남구,논현동,,237 번지,언주로113길,7 번,37.5093046,127.0367849,6109,서울특별시 강남구 언주로113길 7,서울특별시 강남구 논현동 237,33000,일,독립오피스,1명 ~ 1명,09:00 ~ 18:00,09:00 ~ 18:00,09:00 ~ 18:00,09:00 ~ 18:00,09:00 ~ 18:00,휴무일,휴무일,N,N,Y,N,Y,Y,Y,N,Y,N,Y,Y,N,Y,N,N,N,Y,Y,Y,N,N,2022-11-16,257.72 ㎡,"2,123.16 ㎡"
공간구독서비스[모아]1인실 역삼역,서울특별시,강남구,역삼동,,677 번지,테헤란로33길,18 번,37.50300242,127.039336,6142,서울특별시 강남구 테헤란로33길 18,서울특별시 강남구 역삼동 677,22000,일,독립오피스,1명 ~ 1명,10:00 ~ 18:00,10:00 ~ 18:00,10:00 ~ 18:00,10:00 ~ 18:00,10:00 ~ 18:00,휴무일,휴무일,Y,Y,Y,Y,Y,Y,Y,N,Y,Y,Y,Y,N,Y,Y,N,Y,Y,Y,Y,N,N,2022-11-16,295.6 ㎡,"2,637.96 ㎡"
공간구독서비스[모아]2인실 언주점,서울특별시,강남구,논현동,,237 번지,언주로113길,7 번,37.5093046,127.0367849,6109,서울특별시 강남구 언주로113길 7,서울특별시 강남구 논현동 237,44000,일,독립오피스,1명 ~ 2명,09:00 ~ 18:00,09:00 ~ 18:00,09:00 ~ 18:00,09:00 ~ 18:00,09:00 ~ 18:00,휴무일,휴무일,N,Y,Y,N,Y,Y,Y,N,Y,N,Y,Y,N,Y,N,N,N,Y,Y,Y,N,N,2022-11-16,257.72 ㎡,"2,123.16 ㎡"
공간구독서비스[모아]2인실 역삼역,서울특별시,강남구,역삼동,,677 번지,테헤란로33길,18 번,37.50300242,127.039336,6142,서울특별시 강남구 테헤란로33길 18,서울특별시 강남구 역삼동 677,44000,일,독립오피스,1명 ~ 2명,10:00 ~ 18:00,10:00 ~ 18:00,10:00 ~ 18:00,10:00 ~ 18:00,10:00 ~ 18:00,휴무일,휴무일,Y,Y,Y,Y,Y,Y,Y,N,Y,Y,Y,Y,N,Y,Y,N,N,Y,Y,Y,N,N,2022-11-16,295.6 ㎡,"2,637.96 ㎡"
공간구독서비스[모아]2인실 을지로,서울특별시,중구,다동,,88 번지,남대문로,117 번,37.56778374,126.9823058,4522,서울특별시 중구 남대문로 117,서울특별시 중구 다동 88,44000,일,독립오피스,1명 ~ 2명,09:00 ~ 18:00,09:00 ~ 18:00,09:00 ~ 18:00,09:00 ~ 18:00,09:00 ~ 18:00,휴무일,휴무일,N,N,Y,N,Y,Y,Y,N,Y,N,Y,Y,N,Y,N,N,N,Y,Y,Y,N,N,2022-11-16,687.42 ㎡,"14,698.47 ㎡"
공간구독서비스[모아]3인실 언주점,서울특별시,강남구,논현동,,237 번지,언주로113길,7 번,37.5093046,127.0367849,6109,서울특별시 강남구 언주로113길 7,서울특별시 강남구 논현동 237,66000,일,독립오피스,1명 ~ 3명,09:00 ~ 18:00,09:00 ~ 18:00,09:00 ~ 18:00,09:00 ~ 18:00,09:00 ~ 18:00,휴무일,휴무일,N,N,Y,N,Y,Y,Y,N,Y,N,Y,Y,N,Y,N,N,N,Y,Y,Y,N,N,2022-11-16,257.72 ㎡,"2,123.16 ㎡"
공간구독서비스[모아]3인실 역삼역,서울특별시,강남구,역삼동,,677 번지,테헤란로33길,18 번,37.50300242,127.039336,6142,서울특별시 강남구 테헤란로33길 18,서울특별시 강남구 역삼동 677,66000,일,독립오피스,1명 ~ 3명,10:00 ~ 18:00,10:00 ~ 18:00,10:00 ~ 18:00,10:00 ~ 18:00,10:00 ~ 18:00,휴무일,휴무일,Y,Y,Y,Y,Y,Y,N,N,Y,Y,Y,Y,N,Y,Y,N,Y,Y,Y,Y,N,N,2022-11-16,295.6 ㎡,"2,637.96 ㎡"
공간구독서비스[모아]3인실 을지로,서울특별시,중구,다동,,88 번지,남대문로,117 번,37.56778374,126.9823058,4522,서울특별시 중구 남대문로 117,서울특별시 중구 다동 88,66000,일,독립오피스,1명 ~ 3명,09:00 ~ 18:00,09:00 ~ 18:00,09:00 ~ 18:00,09:00 ~ 18:00,09:00 ~ 18:00,휴무일,휴무일,N,N,Y,N,Y,Y,Y,N,Y,N,Y,Y,N,Y,N,N,N,Y,Y,Y,N,N,2022-11-16,687.42 ㎡,"14,698.47 ㎡"
공간구독서비스[모아]비상주 신논현,서울특별시,강남구,논현동,,165 번지,강남대로,502 번,37.50713266,127.0236764,6119,서울특별시 강남구 강남대로 502,서울특별시 강남구 논현동 165,250000,월,독립오피스,1명 ~ 1명,09:00 ~ 18:00,09:00 ~ 18:00,09:00 ~ 18:00,09:00 ~ 18:00,09:00 ~ 18:00,휴무일,휴무일,N,N,Y,Y,N,Y,Y,N,Y,N,Y,Y,N,Y,N,N,Y,N,Y,Y,N,N,2022-11-16,549.48 ㎡,"5,054.95 ㎡"
공간구독서비스[모아]비상주 역삼점,서울특별시,강남구,역삼동,,677 번지,테헤란로33길,18 번,37.50300242,127.039336,6142,서울특별시 강남구 테헤란로33길 18,서울특별시 강남구 역삼동 677,16500,일,독립오피스,1명 ~ 1명,10:00 ~ 18:00,10:00 ~ 18:00,10:00 ~ 18:00,10:00 ~ 18:00,10:00 ~ 18:00,휴무일,휴무일,N,N,N,N,N,Y,Y,N,Y,N,N,N,N,N,N,N,N,N,N,Y,N,N,2022-11-16,295.6 ㎡,"2,637.96 ㎡"
공간채비 독립사무실 오피스,서울특별시,중구,필동,,90 번지,서애로1길,11 번,37.56134257,126.9985981,4619,서울특별시 중구 서애로1길 11,서울특별시 중구 충무로5가 90,1000000,월,독립오피스,1명 ~ 6명,09:00 ~ 18:00,09:00 ~ 18:00,09:00 ~ 18:00,09:00 ~ 18:00,09:00 ~ 18:00,휴무일,휴무일,Y,N,N,N,N,Y,N,N,Y,Y,Y,N,N,Y,Y,Y,N,N,N,Y,N,N,2022-11-16,"1,703.59 ㎡","12,220.38 ㎡"
공간i 공유 오피스 비상주 사무실,서울특별시,서초구,양재동,,215 번지,매헌로,16 번,37.46246735,127.0369479,6771,서울특별시 서초구 매헌로 16,서울특별시 서초구 양재동 215,99000,월,독립오피스,1명 ~ 2명,00:00 ~ 24:00,00:00 ~ 24:00,00:00 ~ 24:00,00:00 ~ 24:00,00:00 ~ 24:00,00:00 ~ 24:00,00:00 ~ 24:00,Y,Y,Y,Y,Y,Y,Y,Y,N,Y,Y,Y,N,Y,Y,Y,Y,Y,Y,Y,N,Y,2022-11-16,- ㎡,- ㎡
공유오피스 다온 마포점 1인실,서울특별시,마포구,마포동,,236-1 번지,마포대로4나길,46 번,37.53734097,126.9450295,4176,서울특별시 마포구 마포대로4나길 46,서울특별시 마포구 마포동 236-1,330000,월,독립오피스,1명 ~ 1명,00:00 ~ 24:00,00:00 ~ 24:00,00:00 ~ 24:00,00:00 ~ 24:00,00:00 ~ 24:00,00:00 ~ 24:00,00:00 ~ 24:00,Y,N,Y,Y,Y,Y,Y,Y,N,Y,Y,Y,N,Y,N,Y,N,Y,Y,Y,N,N,2022-11-16,- ㎡,- ㎡
공유오피스 다온 마포점 4인실,서울특별시,마포구,마포동,,236-1 번지,마포대로4나길,46 번,37.53734097,126.9450295,4176,서울특별시 마포구 마포대로4나길 46,서울특별시 마포구 마포동 236-1,660000,월,독립오피스,1명 ~ 4명,00:00 ~ 24:00,00:00 ~ 24:00,00:00 ~ 24:00,00:00 ~ 24:00,00:00 ~ 24:00,00:00 ~ 24:00,00:00 ~ 24:00,Y,N,Y,Y,Y,Y,Y,Y,N,Y,Y,Y,N,Y,N,Y,N,Y,Y,Y,N,N,2022-11-16,- ㎡,- ㎡
공유오피스 다온 마포점 7인실,서울특별시,마포구,마포동,,236-1 번지,마포대로4나길,46 번,37.53734097,126.9450295,4176,서울특별시 마포구 마포대로4나길 46,서울특별시 마포구 마포동 236-1,990000,월,독립오피스,1명 ~ 7명,00:00 ~ 24:00,00:00 ~ 24:00,00:00 ~ 24:00,00:00 ~ 24:00,00:00 ~ 24:00,00:00 ~ 24:00,00:00 ~ 24:00,Y,N,Y,Y,Y,Y,Y,Y,N,Y,Y,Y,N,Y,N,Y,N,Y,Y,Y,N,N,2022-11-16,- ㎡,- ㎡
공유오피스 원일공유,서울특별시,영등포구,당산1동,,398-20 번지,당산로29길,3 번,37.52585767,126.8947633,7261,서울특별시 영등포구 당산로29길 3,서울특별시 영등포구 당산동3가 398-20,20000,일,독립오피스,1명 ~ 1명,00:00 ~ 24:00,00:00 ~ 24:00,00:00 ~ 24:00,00:00 ~ 24:00,00:00 ~ 24:00,00:00 ~ 24:00,00:00 ~ 24:00,Y,N,Y,N,Y,Y,N,Y,N,Y,N,Y,N,N,Y,N,N,N,N,Y,N,N,2022-11-16,209.4 ㎡,951.6 ㎡
공유오피스 ILTER 일터 1인실,서울특별시,마포구,노고산동,,107-17 번지,백범로,8 번,37.55400394,126.9367317,4100,서울특별시 마포구 백범로 8,서울특별시 마포구 노고산동 107-17,33000,일,독립오피스,1명 ~ 1명,00:00 ~ 24:00,00:00 ~ 24:00,00:00 ~ 24:00,00:00 ~ 24:00,00:00 ~ 24:00,00:00 ~ 24:00,00:00 ~ 24:00,Y,Y,Y,N,Y,Y,Y,Y,N,Y,Y,N,N,Y,N,Y,Y,Y,Y,Y,N,N,2022-11-16,777.14 ㎡,"16,787.93 ㎡"
공유오피스 ILTER 일터 2인실,서울특별시,마포구,노고산동,,107-17 번지,백범로,8 번,37.55400394,126.9367317,4100,서울특별시 마포구 백범로 8,서울특별시 마포구 노고산동 107-17,39000,일,독립오피스,2명 ~ 2명,00:00 ~ 24:00,00:00 ~ 24:00,00:00 ~ 24:00,00:00 ~ 24:00,00:00 ~ 24:00,00:00 ~ 24:00,00:00 ~ 24:00,Y,Y,Y,N,Y,Y,Y,Y,N,Y,Y,N,N,Y,N,Y,Y,Y,Y,Y,N,N,2022-11-16,777.14 ㎡,"16,787.93 ㎡"
공유오피스 ILTER 일터 3인실,서울특별시,마포구,노고산동,,107-17 번지,백범로,8 번,37.55400394,126.9367317,4100,서울특별시 마포구 백범로 8,서울특별시 마포구 노고산동 107-17,55000,일,독립오피스,3명 ~ 3명,00:00 ~ 24:00,00:00 ~ 24:00,00:00 ~ 24:00,00:00 ~ 24:00,00:00 ~ 24:00,00:00 ~ 24:00,00:00 ~ 24:00,Y,Y,Y,N,Y,Y,Y,Y,N,Y,Y,N,N,Y,N,Y,Y,Y,Y,Y,N,N,2022-11-16,777.14 ㎡,"16,787.93 ㎡"
공유오피스 ILTER 일터 5인실,서울특별시,마포구,노고산동,,107-17 번지,백범로,8 번,37.55400394,126.9367317,4100,서울특별시 마포구 백범로 8,서울특별시 마포구 노고산동 107-17,88000,일,독립오피스,5명 ~ 5명,00:00 ~ 24:00,00:00 ~ 24:00,00:00 ~ 24:00,00:00 ~ 24:00,00:00 ~ 24:00,00:00 ~ 24:00,00:00 ~ 24:00,Y,Y,Y,N,Y,Y,Y,Y,N,Y,Y,N,N,Y,N,Y,Y,Y,Y,Y,N,N,2022-11-16,777.14 ㎡,"16,787.93 ㎡"
공유오피스 moo 목동역점 양천구,서울특별시,양천구,신정동,,996-1 번지,목동로19길,11 번,37.52485587,126.8632138,8022,서울특별시 양천구 목동로19길 11,서울특별시 양천구 신정동 996-1,341000,월,독립오피스,1명 ~ 3명,휴무일,휴무일,휴무일,휴무일,휴무일,휴무일,휴무일,Y,Y,Y,N,Y,Y,Y,Y,N,Y,N,Y,N,Y,N,N,N,N,N,Y,N,N,2022-11-16,223.1 ㎡,"1,486.85 ㎡"
공존 독립오피스,서울특별시,종로구,숭인동,,65-17 번지,지봉로,56-1 번,37.57508241,127.0158952,3113,서울특별시 종로구 지봉로 56-1,서울특별시 종로구 숭인동 65-17,880000,월,독립오피스,1명 ~ 6명,00:00 ~ 24:00,00:00 ~ 24:00,00:00 ~ 24:00,00:00 ~ 24:00,00:00 ~ 24:00,00:00 ~ 24:00,00:00 ~ 24:00,Y,N,N,N,N,Y,N,Y,N,Y,N,N,N,N,N,N,N,N,N,Y,N,N,2022-11-16,52.02 ㎡,312.12 ㎡
"교대 유니언워크 사무실, 스터디룸",서울특별시,서초구,서초동,,1670-15 번지,서초대로56길,18 번,37.49372846,127.0170232,6633,서울특별시 서초구 서초대로56길 18,서울특별시 서초구 서초동 1670-15,1540000,월,독립오피스,1명 ~ 4명,00:00 ~ 24:00,00:00 ~ 24:00,00:00 ~ 24:00,00:00 ~ 24:00,00:00 ~ 24:00,휴무일,휴무일,Y,N,N,N,Y,Y,N,Y,N,Y,N,Y,N,Y,Y,N,N,Y,N,Y,Y,N,2022-11-16,197.32 ㎡,"1,171.86 ㎡"
구로 1인사무실 114소호 4만원,서울특별시,금천구,가산동,,371-16 번지,가산디지털1로,137 번,37.47765869,126.8819304,8506,서울특별시 금천구 가산디지털1로 137,서울특별시 금천구 가산동 371-16,70000,월,독립오피스,1명 ~ 3명,00:00 ~ 24:00,00:00 ~ 24:00,00:00 ~ 24:00,00:00 ~ 24:00,00:00 ~ 24:00,00:00 ~ 24:00,00:00 ~ 24:00,Y,N,Y,N,Y,Y,Y,Y,N,Y,Y,N,N,Y,N,Y,N,N,N,Y,N,N,2022-11-16,897.32 ㎡,"18,307.46 ㎡"
구로공유오피스 114소호사무실 A,서울특별시,구로구,구로동,,197-28 번지,디지털로31길,41 번,37.4851718,126.8927513,8375,서울특별시 구로구 디지털로31길 41,서울특별시 구로구 구로동 197-28,440000,월,독립오피스,2명 ~ 3명,00:00 ~ 24:00,00:00 ~ 24:00,00:00 ~ 24:00,00:00 ~ 24:00,00:00 ~ 24:00,00:00 ~ 24:00,00:00 ~ 24:00,Y,N,Y,Y,N,Y,Y,Y,N,Y,Y,N,N,Y,N,Y,N,N,N,Y,N,N,2022-11-16,"2,463.37 ㎡","32,987.11 ㎡"
구로디지털2인실 구로소호114 B,서울특별시,구로구,구로동,,197-28 번지,디지털로31길,41 번,37.4851718,126.8927513,8375,서울특별시 구로구 디지털로31길 41,서울특별시 구로구 구로동 197-28,390000,월,독립오피스,1명 ~ 2명,00:00 ~ 24:00,00:00 ~ 24:00,00:00 ~ 24:00,00:00 ~ 24:00,00:00 ~ 24:00,00:00 ~ 24:00,00:00 ~ 24:00,Y,Y,Y,Y,Y,Y,Y,Y,N,Y,Y,Y,N,Y,N,Y,N,N,Y,Y,N,N,2022-11-16,"2,463.37 ㎡","32,987.11 ㎡"
구로디지털단지 창가2인실 구로소호,서울특별시,구로구,구로동,,197-28 번지,디지털로31길,41 번,37.4851718,126.8927513,8375,서울특별시 구로구 디지털로31길 41,서울특별시 구로구 구로동 197-28,400000,월,독립오피스,2명 ~ 2명,00:00 ~ 24:00,00:00 ~ 24:00,00:00 ~ 24:00,00:00 ~ 24:00,00:00 ~ 24:00,00:00 ~ 24:00,00:00 ~ 24:00,Y,N,Y,Y,N,Y,Y,Y,N,Y,Y,N,N,Y,N,Y,N,N,N,Y,N,N,2022-11-16,"2,463.37 ㎡","32,987.11 ㎡"
구로디지털단지3인실[후이즈키스톤],서울특별시,구로구,구로동,,811 번지,디지털로34길,55 번,37.48428564,126.8992821,8378,서울특별시 구로구 디지털로34길 55,서울특별시 구로구 구로동 811,792000,월,독립오피스,1명 ~ 3명,00:00 ~ 24:00,00:00 ~ 24:00,00:00 ~ 24:00,00:00 ~ 24:00,00:00 ~ 24:00,00:00 ~ 24:00,00:00 ~ 24:00,Y,N,Y,N,Y,Y,Y,Y,N,Y,Y,Y,N,Y,N,Y,N,Y,Y,Y,N,N,2022-11-16,"6,025.08 ㎡","93,431.55 ㎡"
구로디지털단지4인실[후이즈키스톤],서울특별시,구로구,구로동,,811 번지,디지털로34길,55 번,37.48428564,126.8992821,8378,서울특별시 구로구 디지털로34길 55,서울특별시 구로구 구로동 811,1144000,월,독립오피스,1명 ~ 4명,00:00 ~ 24:00,00:00 ~ 24:00,00:00 ~ 24:00,00:00 ~ 24:00,00:00 ~ 24:00,00:00 ~ 24:00,00:00 ~ 24:00,Y,N,Y,N,Y,Y,Y,Y,N,Y,Y,Y,N,N,N,Y,N,Y,Y,Y,N,N,2022-11-16,"6,025.08 ㎡","93,431.55 ㎡"
구로디지털단지5인실[후이즈키스톤],서울특별시,구로구,구로동,,811 번지,디지털로34길,55 번,37.48428564,126.8992821,8378,서울특별시 구로구 디지털로34길 55,서울특별시 구로구 구로동 811,1584000,월,독립오피스,1명 ~ 5명,00:00 ~ 24:00,00:00 ~ 24:00,00:00 ~ 24:00,00:00 ~ 24:00,00:00 ~ 24:00,00:00 ~ 24:00,00:00 ~ 24:00,Y,N,Y,N,Y,Y,Y,Y,N,Y,Y,Y,N,Y,N,Y,N,Y,Y,Y,N,N,2022-11-16,"6,025.08 ㎡","93,431.55 ㎡"
구로디지털단지6인실[후이즈키스톤],서울특별시,구로구,구로동,,811 번지,디지털로34길,55 번,37.48428564,126.8992821,8378,서울특별시 구로구 디지털로34길 55,서울특별시 구로구 구로동 811,1848000,월,독립오피스,1명 ~ 6명,00:00 ~ 24:00,00:00 ~ 24:00,00:00 ~ 24:00,00:00 ~ 24:00,00:00 ~ 24:00,00:00 ~ 24:00,00:00 ~ 24:00,Y,N,Y,N,Y,Y,Y,Y,N,Y,Y,Y,N,Y,N,Y,N,Y,Y,Y,N,N,2022-11-16,"6,025.08 ㎡","93,431.55 ㎡"
구로비상주사무실 114소호A,서울특별시,구로구,구로동,,197-28 번지,디지털로31길,41 번,37.4851718,126.8927513,8375,서울특별시 구로구 디지털로31길 41,서울특별시 구로구 구로동 197-28,150000,월,독립오피스,1명 ~ 3명,00:00 ~ 24:00,00:00 ~ 24:00,00:00 ~ 24:00,00:00 ~ 24:00,00:00 ~ 24:00,00:00 ~ 24:00,00:00 ~ 24:00,Y,N,Y,N,Y,Y,Y,Y,N,Y,Y,N,N,Y,N,Y,N,N,N,Y,N,N,2022-11-16,"2,463.37 ㎡","32,987.11 ㎡"
구로비상주사무실 독립오피스 2인실,서울특별시,구로구,구로동,,197-28 번지,디지털로31길,41 번,37.4851718,126.8927513,8375,서울특별시 구로구 디지털로31길 41,서울특별시 구로구 구로동 197-28,275000,월,독립오피스,1명 ~ 2명,00:00 ~ 24:00,00:00 ~ 24:00,00:00 ~ 24:00,00:00 ~ 24:00,00:00 ~ 24:00,00:00 ~ 24:00,00:00 ~ 24:00,Y,N,Y,N,Y,Y,Y,Y,N,Y,Y,N,N,Y,N,Y,N,N,Y,Y,N,N,2022-11-16,"2,463.37 ㎡","32,987.11 ㎡"
구로비즈니스센터 소호114 B,서울특별시,구로구,구로동,,197-28 번지,디지털로31길,41 번,37.4851718,126.8927513,8375,서울특별시 구로구 디지털로31길 41,서울특별시 구로구 구로동 197-28,550000,월,독립오피스,1명 ~ 3명,00:00 ~ 24:00,00:00 ~ 24:00,00:00 ~ 24:00,00:00 ~ 24:00,00:00 ~ 24:00,00:00 ~ 24:00,00:00 ~ 24:00,Y,N,Y,Y,Y,Y,Y,Y,N,Y,Y,N,N,Y,N,Y,N,N,Y,Y,N,N,2022-11-16,"2,463.37 ㎡","32,987.11 ㎡"
구로사무실 넥스트데이 2인-30인,서울특별시,구로구,구로동,,197-21 번지,디지털로31길,12 번,37.48510657,126.8953634,8380,서울특별시 구로구 디지털로31길 12,서울특별시 구로구 구로동 197-21,880000,월,독립오피스,1명 ~ 2명,00:00 ~ 24:00,00:00 ~ 24:00,00:00 ~ 24:00,00:00 ~ 24:00,00:00 ~ 24:00,00:00 ~ 24:00,00:00 ~ 24:00,Y,N,Y,N,Y,Y,Y,Y,N,Y,Y,Y,N,Y,Y,Y,Y,N,Y,Y,Y,Y,2022-11-16,"3,514.94 ㎡","46,549.73 ㎡"
구로소호114 창가자리 1인실,서울특별시,구로구,구로동,,197-28 번지,디지털로31길,41 번,37.4851718,126.8927513,8375,서울특별시 구로구 디지털로31길 41,서울특별시 구로구 구로동 197-28,330000,월,독립오피스,1명 ~ 1명,00:00 ~ 24:00,00:00 ~ 24:00,00:00 ~ 24:00,00:00 ~ 24:00,00:00 ~ 24:00,00:00 ~ 24:00,00:00 ~ 24:00,Y,N,Y,Y,N,Y,Y,Y,N,Y,Y,N,N,Y,N,Y,N,N,N,Y,N,N,2022-11-16,"2,463.37 ㎡","32,987.11 ㎡"
구로소호114 창측자리 3인실,서울특별시,구로구,구로동,,197-28 번지,디지털로31길,41 번,37.4851718,126.8927513,8375,서울특별시 구로구 디지털로31길 41,서울특별시 구로구 구로동 197-28,450000,월,독립오피스,1명 ~ 1명,00:00 ~ 24:00,00:00 ~ 24:00,00:00 ~ 24:00,00:00 ~ 24:00,00:00 ~ 24:00,00:00 ~ 24:00,00:00 ~ 24:00,Y,N,Y,N,N,Y,Y,Y,N,Y,Y,Y,N,Y,N,N,N,N,N,Y,N,N,2022-11-16,"2,463.37 ㎡","32,987.11 ㎡"
"구로소호114, 1인실",서울특별시,구로구,구로동,,197-28 번지,디지털로31길,41 번,37.4851718,126.8927513,8375,서울특별시 구로구 디지털로31길 41,서울특별시 구로구 구로동 197-28,280000,월,독립오피스,1명 ~ 1명,00:00 ~ 24:00,00:00 ~ 24:00,00:00 ~ 24:00,00:00 ~ 24:00,00:00 ~ 24:00,00:00 ~ 24:00,00:00 ~ 24:00,Y,N,Y,N,N,Y,Y,Y,N,Y,Y,N,N,Y,N,Y,N,N,N,Y,N,N,2022-11-16,"2,463.37 ㎡","32,987.11 ㎡"
"구로소호114, 2인실",서울특별시,구로구,구로동,,197-28 번지,디지털로31길,41 번,37.4851718,126.8927513,8375,서울특별시 구로구 디지털로31길 41,서울특별시 구로구 구로동 197-28,418000,월,독립오피스,2명 ~ 3명,00:00 ~ 24:00,00:00 ~ 24:00,00:00 ~ 24:00,00:00 ~ 24:00,00:00 ~ 24:00,00:00 ~ 24:00,00:00 ~ 24:00,Y,N,Y,N,N,Y,Y,Y,N,Y,Y,N,N,Y,N,Y,N,N,N,Y,N,N,2022-11-16,"2,463.37 ㎡","32,987.11 ㎡"
"구로소호114, 3인실",서울특별시,구로구,구로동,,197-28 번지,디지털로31길,41 번,37.4851718,126.8927513,8375,서울특별시 구로구 디지털로31길 41,서울특별시 구로구 구로동 197-28,550000,월,독립오피스,1명 ~ 1명,00:00 ~ 24:00,00:00 ~ 24:00,00:00 ~ 24:00,00:00 ~ 24:00,00:00 ~ 24:00,00:00 ~ 24:00,00:00 ~ 24:00,Y,N,Y,Y,N,Y,Y,Y,N,Y,Y,N,N,Y,N,Y,N,N,N,Y,N,N,2022-11-16,"2,463.37 ㎡","32,987.11 ㎡"
"구로소호114, 독립된 1인실",서울특별시,구로구,구로동,,197-28 번지,디지털로31길,41 번,37.4851718,126.8927513,8375,서울특별시 구로구 디지털로31길 41,서울특별시 구로구 구로동 197-28,250000,월,독립오피스,1명 ~ 1명,00:00 ~ 24:00,00:00 ~ 24:00,00:00 ~ 24:00,00:00 ~ 24:00,00:00 ~ 24:00,00:00 ~ 24:00,00:00 ~ 24:00,Y,N,Y,Y,N,Y,Y,Y,N,Y,Y,N,N,Y,N,Y,N,N,N,Y,N,N,2022-11-16,"2,463.37 ㎡","32,987.11 ㎡"
구로소호사무실 2인실 창가,서울특별시,구로구,구로동,,197-28 번지,디지털로31길,41 번,37.4851718,126.8927513,8375,서울특별시 구로구 디지털로31길 41,서울특별시 구로구 구로동 197-28,490000,월,독립오피스,2명 ~ 2명,00:00 ~ 24:00,00:00 ~ 24:00,00:00 ~ 24:00,00:00 ~ 24:00,00:00 ~ 24:00,00:00 ~ 24:00,00:00 ~ 24:00,Y,N,Y,N,N,Y,Y,Y,N,Y,Y,N,N,Y,N,Y,N,N,N,Y,N,N,2022-11-16,"2,463.37 ㎡","32,987.11 ㎡"
구로소호사무실 독립오피스 4인실,서울특별시,구로구,구로동,,197-28 번지,디지털로31길,41 번,37.4851718,126.8927513,8375,서울특별시 구로구 디지털로31길 41,서울특별시 구로구 구로동 197-28,700000,월,독립오피스,1명 ~ 4명,00:00 ~ 24:00,00:00 ~ 24:00,00:00 ~ 24:00,00:00 ~ 24:00,00:00 ~ 24:00,00:00 ~ 24:00,00:00 ~ 24:00,Y,N,Y,N,Y,Y,Y,Y,N,Y,Y,N,N,Y,N,Y,N,N,Y,Y,N,N,2022-11-16,"2,463.37 ㎡","32,987.11 ㎡"
구월동 남인천세무서뒤편 1인사무실,인천광역시,남동구,구월동,,1542-1 번지,선수촌공원로23번길,11 번,37.44087563,126.7086512,21582,인천광역시 남동구 선수촌공원로23번길 11,인천광역시 남동구 구월동 1542-1,220000,월,독립오피스,1명 ~ 1명,00:00 ~ 24:00,00:00 ~ 24:00,00:00 ~ 24:00,00:00 ~ 24:00,00:00 ~ 24:00,00:00 ~ 24:00,00:00 ~ 24:00,Y,N,Y,Y,Y,Y,Y,Y,N,Y,Y,Y,N,Y,N,N,N,Y,N,Y,N,N,2022-11-16,786.4 ㎡,"6,891.01 ㎡"
그림 비즈 - 2인실 안내,서울특별시,마포구,상암동,,1602 번지,월드컵북로,400 번,37.58045107,126.8898935,3925,서울특별시 마포구 월드컵북로 400,서울특별시 마포구 상암동 1602,44000,일,독립오피스,1명 ~ 2명,00:00 ~ 24:00,00:00 ~ 24:00,00:00 ~ 24:00,00:00 ~ 24:00,00:00 ~ 24:00,00:00 ~ 24:00,00:00 ~ 24:00,Y,Y,Y,Y,Y,Y,Y,Y,N,Y,Y,Y,N,Y,N,Y,N,Y,Y,Y,N,N,2022-11-16,"1,981.49 ㎡","16,424.81 ㎡"
그림 비즈니스센터 - 1인실 안내,서울특별시,마포구,상암동,,1602 번지,월드컵북로,400 번,37.58045107,126.8898935,3925,서울특별시 마포구 월드컵북로 400,서울특별시 마포구 상암동 1602,33000,일,독립오피스,1명 ~ 1명,00:00 ~ 24:00,00:00 ~ 24:00,00:00 ~ 24:00,00:00 ~ 24:00,00:00 ~ 24:00,00:00 ~ 24:00,00:00 ~ 24:00,Y,Y,Y,Y,Y,Y,Y,Y,N,Y,Y,Y,N,Y,N,Y,N,Y,Y,Y,N,N,2022-11-16,"1,981.49 ㎡","16,424.81 ㎡"
김포 사업자등록주소 114소호 A,경기도,김포시,사우동,,929 번지,김포대로,847 번,37.61969658,126.7196475,10110,경기도 김포시 김포대로 847,경기도 김포시 사우동 929,70000,월,독립오피스,1명 ~ 3명,00:00 ~ 24:00,00:00 ~ 24:00,00:00 ~ 24:00,00:00 ~ 24:00,00:00 ~ 24:00,00:00 ~ 24:00,00:00 ~ 24:00,Y,N,Y,N,Y,Y,Y,Y,N,Y,Y,N,N,Y,N,Y,N,N,N,Y,N,N,2022-11-16,- ㎡,- ㎡
김포공유오피스 114소호 B,경기도,김포시,사우동,,929 번지,김포대로,847 번,37.61969658,126.7196475,10110,경기도 김포시 김포대로 847,경기도 김포시 사우동 929,350000,월,독립오피스,1명 ~ 3명,00:00 ~ 24:00,00:00 ~ 24:00,00:00 ~ 24:00,00:00 ~ 24:00,00:00 ~ 24:00,00:00 ~ 24:00,00:00 ~ 24:00,Y,N,Y,N,Y,Y,Y,Y,N,Y,Y,N,N,Y,N,Y,N,N,N,Y,N,N,2022-11-16,- ㎡,- ㎡
김포비상주사무실 114소호 C,경기도,김포시,사우동,,929 번지,김포대로,847 번,37.61969658,126.7196475,10110,경기도 김포시 김포대로 847,경기도 김포시 사우동 929,150000,월,독립오피스,1명 ~ 3명,00:00 ~ 24:00,00:00 ~ 24:00,00:00 ~ 24:00,00:00 ~ 24:00,00:00 ~ 24:00,00:00 ~ 24:00,00:00 ~ 24:00,Y,N,Y,N,Y,Y,Y,Y,N,Y,Y,N,N,Y,N,Y,N,N,N,Y,N,N,2022-11-16,- ㎡,- ㎡
김포소호사무실 114소호 D,경기도,김포시,사우동,,929 번지,김포대로,847 번,37.61969658,126.7196475,10110,경기도 김포시 김포대로 847,경기도 김포시 사우동 929,250000,월,독립오피스,1명 ~ 3명,00:00 ~ 24:00,00:00 ~ 24:00,00:00 ~ 24:00,00:00 ~ 24:00,00:00 ~ 24:00,00:00 ~ 24:00,00:00 ~ 24:00,Y,N,Y,N,Y,Y,Y,Y,N,Y,Y,N,N,Y,N,Y,N,N,N,Y,N,N,2022-11-16,- ㎡,- ㎡
낙성대 공유오피스 트그 3인 팀룸,서울특별시,관악구,봉천동,,1686-13 번지,남부순환로,1921-1 번,37.4776398,126.9629527,8801,서울특별시 관악구 남부순환로 1921-1,서울특별시 관악구 봉천동 1686-13,880000,월,독립오피스,1명 ~ 3명,00:00 ~ 24:00,00:00 ~ 24:00,00:00 ~ 24:00,00:00 ~ 24:00,00:00 ~ 24:00,00:00 ~ 24:00,00:00 ~ 24:00,Y,Y,Y,N,Y,Y,Y,Y,N,Y,N,Y,N,Y,Y,Y,Y,Y,Y,Y,N,N,2022-11-16,187.86 ㎡,869.1 ㎡
낙성대 공유오피스 트그 5인 팀룸,서울특별시,관악구,봉천동,,1686-13 번지,남부순환로,1921-1 번,37.4776398,126.9629527,8801,서울특별시 관악구 남부순환로 1921-1,서울특별시 관악구 봉천동 1686-13,880000,월,독립오피스,1명 ~ 5명,00:00 ~ 24:00,00:00 ~ 24:00,00:00 ~ 24:00,00:00 ~ 24:00,00:00 ~ 24:00,00:00 ~ 24:00,00:00 ~ 24:00,Y,Y,Y,N,Y,Y,Y,Y,N,Y,N,Y,N,Y,Y,Y,Y,Y,Y,Y,N,N,2022-11-16,187.86 ㎡,869.1 ㎡
남양주소호사무실 비즈클레버,경기도,남양주시,금곡동,,423-5 번지,금곡로,64 번,37.63426909,127.210182,12237,경기도 남양주시 금곡로 64,경기도 남양주시 금곡동 423-5,220000,월,독립오피스,1명 ~ 1명,07:00 ~ 23:00,07:00 ~ 23:00,07:00 ~ 23:00,07:00 ~ 23:00,07:00 ~ 23:00,07:00 ~ 23:00,07:00 ~ 23:00,Y,N,Y,N,Y,Y,Y,N,N,Y,Y,Y,N,Y,Y,N,N,N,N,Y,N,N,2022-11-16,360.1 ㎡,"1,738.27 ㎡"
남인천세무서 뒤편 소호개인사무실,인천광역시,남동구,구월동,,1542-1 번지,선수촌공원로23번길,11 번,37.44087563,126.7086512,21582,인천광역시 남동구 선수촌공원로23번길 11,인천광역시 남동구 구월동 1542-1,506000,월,독립오피스,1명 ~ 6명,00:00 ~ 24:00,00:00 ~ 24:00,00:00 ~ 24:00,00:00 ~ 24:00,00:00 ~ 24:00,00:00 ~ 24:00,00:00 ~ 24:00,Y,N,Y,Y,Y,Y,Y,Y,N,Y,Y,Y,N,Y,N,N,N,Y,N,Y,N,N,2022-11-16,786.4 ㎡,"6,891.01 ㎡"
남인천세무서 뒤편 있는 공동사무실,인천광역시,남동구,구월동,,1542-1 번지,선수촌공원로23번길,11 번,37.44087563,126.7086512,21582,인천광역시 남동구 선수촌공원로23번길 11,인천광역시 남동구 구월동 1542-1,220000,월,독립오피스,1명 ~ 1명,00:00 ~ 24:00,00:00 ~ 24:00,00:00 ~ 24:00,00:00 ~ 24:00,00:00 ~ 24:00,00:00 ~ 24:00,00:00 ~ 24:00,Y,N,Y,Y,Y,Y,Y,Y,N,Y,Y,Y,N,Y,N,N,N,Y,N,Y,N,N,2022-11-16,786.4 ㎡,"6,891.01 ㎡"
넥스멘토 공유오피스,경기도,성남시 수정구,태평동,,6795 번지,성남대로,1275-1 번,37.44380393,127.1266629,13110,경기도 성남시 수정구 성남대로 1275-1,경기도 성남시 수정구 태평동 6795,40000,월,독립오피스,1명 ~ 30명,00:00 ~ 24:00,00:00 ~ 24:00,00:00 ~ 24:00,00:00 ~ 24:00,00:00 ~ 24:00,00:00 ~ 24:00,00:00 ~ 24:00,Y,Y,Y,N,Y,Y,N,Y,N,Y,Y,Y,N,Y,N,Y,N,Y,Y,Y,N,N,2022-11-16,149.77 ㎡,"1,048.39 ㎡"
넥스트데이 서초 공유오피스 4인실,서울특별시,서초구,서초동,,1575-1 번지,반포대로28길,94 번,37.49194124,127.0133492,6644,서울특별시 서초구 반포대로28길 94,서울특별시 서초구 서초동 1575-1,1540000,월,독립오피스,1명 ~ 4명,00:00 ~ 24:00,00:00 ~ 24:00,00:00 ~ 24:00,00:00 ~ 24:00,00:00 ~ 24:00,00:00 ~ 24:00,00:00 ~ 24:00,Y,Y,Y,N,Y,Y,Y,Y,N,Y,Y,Y,N,Y,Y,Y,Y,N,N,Y,N,N,2022-11-16,585.27 ㎡,"8,138.2 ㎡"
넥스트데이 서초 공유오피스 5인실,서울특별시,서초구,서초동,,1575-1 번지,반포대로28길,94 번,37.49194124,127.0133492,6644,서울특별시 서초구 반포대로28길 94,서울특별시 서초구 서초동 1575-1,1925000,월,독립오피스,1명 ~ 5명,00:00 ~ 24:00,00:00 ~ 24:00,00:00 ~ 24:00,00:00 ~ 24:00,00:00 ~ 24:00,00:00 ~ 24:00,00:00 ~ 24:00,Y,Y,Y,N,Y,Y,Y,Y,N,Y,Y,Y,N,Y,Y,Y,Y,Y,Y,Y,N,N,2022-11-16,585.27 ㎡,"8,138.2 ㎡"
넥스트데이 서초 공유오피스 6인실,서울특별시,서초구,서초동,,1575-1 번지,반포대로28길,94 번,37.49194124,127.0133492,6644,서울특별시 서초구 반포대로28길 94,서울특별시 서초구 서초동 1575-1,2310000,월,독립오피스,1명 ~ 6명,00:00 ~ 24:00,00:00 ~ 24:00,00:00 ~ 24:00,00:00 ~ 24:00,00:00 ~ 24:00,00:00 ~ 24:00,00:00 ~ 24:00,Y,Y,Y,N,Y,Y,Y,Y,N,Y,Y,Y,N,Y,Y,Y,Y,Y,Y,Y,N,N,2022-11-16,585.27 ㎡,"8,138.2 ㎡"
넥스트데이 서초 공유오피스 7인실,서울특별시,서초구,서초동,,1575-1 번지,반포대로28길,94 번,37.49194124,127.0133492,6644,서울특별시 서초구 반포대로28길 94,서울특별시 서초구 서초동 1575-1,2695000,월,독립오피스,1명 ~ 7명,00:00 ~ 24:00,00:00 ~ 24:00,00:00 ~ 24:00,00:00 ~ 24:00,00:00 ~ 24:00,00:00 ~ 24:00,00:00 ~ 24:00,Y,Y,Y,N,Y,Y,Y,Y,N,Y,Y,Y,N,Y,Y,Y,Y,N,N,Y,N,N,2022-11-16,585.27 ㎡,"8,138.2 ㎡"
넥스트데이 서초 공유오피스 8인실,서울특별시,서초구,서초동,,1575-1 번지,반포대로28길,94 번,37.49194124,127.0133492,6644,서울특별시 서초구 반포대로28길 94,서울특별시 서초구 서초동 1575-1,3080000,월,독립오피스,1명 ~ 8명,00:00 ~ 24:00,00:00 ~ 24:00,00:00 ~ 24:00,00:00 ~ 24:00,00:00 ~ 24:00,00:00 ~ 24:00,00:00 ~ 24:00,Y,Y,Y,N,Y,Y,Y,Y,N,Y,Y,Y,N,Y,Y,Y,Y,Y,Y,Y,N,N,2022-11-16,585.27 ㎡,"8,138.2 ㎡"
넥스트데이 서초 공유오피스12인실,서울특별시,서초구,서초동,,1575-1 번지,반포대로28길,94 번,37.49194124,127.0133492,6644,서울특별시 서초구 반포대로28길 94,서울특별시 서초구 서초동 1575-1,4620000,월,독립오피스,1명 ~ 12명,00:00 ~ 24:00,00:00 ~ 24:00,00:00 ~ 24:00,00:00 ~ 24:00,00:00 ~ 24:00,00:00 ~ 24:00,00:00 ~ 24:00,Y,Y,Y,N,Y,Y,Y,Y,N,Y,Y,Y,N,Y,Y,Y,Y,Y,Y,Y,N,N,2022-11-16,585.27 ㎡,"8,138.2 ㎡"
넥스트데이 서초2호점 1인실,서울특별시,서초구,서초동,,1575-1 번지,반포대로28길,94 번,37.49194124,127.0133492,6644,서울특별시 서초구 반포대로28길 94,서울특별시 서초구 서초동 1575-1,1045000,월,독립오피스,1명 ~ 1명,00:00 ~ 24:00,00:00 ~ 24:00,00:00 ~ 24:00,00:00 ~ 24:00,00:00 ~ 24:00,00:00 ~ 24:00,00:00 ~ 24:00,Y,Y,Y,N,Y,Y,Y,Y,N,Y,Y,Y,N,Y,Y,Y,Y,Y,Y,Y,N,N,2022-11-16,585.27 ㎡,"8,138.2 ㎡"
넥스트데이 서초2호점 2인실,서울특별시,서초구,서초동,,1575-1 번지,반포대로28길,94 번,37.49194124,127.0133492,6644,서울특별시 서초구 반포대로28길 94,서울특별시 서초구 서초동 1575-1,1496000,월,독립오피스,1명 ~ 3명,00:00 ~ 24:00,00:00 ~ 24:00,00:00 ~ 24:00,00:00 ~ 24:00,00:00 ~ 24:00,00:00 ~ 24:00,00:00 ~ 24:00,Y,Y,Y,Y,Y,Y,Y,Y,N,Y,Y,Y,N,Y,Y,Y,Y,Y,Y,Y,N,N,2022-11-16,585.27 ㎡,"8,138.2 ㎡"
넥스트데이 서초2호점 3인실,서울특별시,서초구,서초동,,1575-1 번지,반포대로28길,94 번,37.49194124,127.0133492,6644,서울특별시 서초구 반포대로28길 94,서울특별시 서초구 서초동 1575-1,2156000,월,독립오피스,1명 ~ 3명,00:00 ~ 24:00,00:00 ~ 24:00,00:00 ~ 24:00,00:00 ~ 24:00,00:00 ~ 24:00,00:00 ~ 24:00,00:00 ~ 24:00,Y,Y,Y,N,Y,Y,Y,Y,N,Y,Y,Y,N,Y,Y,Y,Y,Y,Y,Y,N,N,2022-11-16,585.27 ㎡,"8,138.2 ㎡"
넥스트데이 서초2호점 사무좌석,서울특별시,서초구,서초동,,1575-1 번지,반포대로28길,94 번,37.49194124,127.0133492,6644,서울특별시 서초구 반포대로28길 94,서울특별시 서초구 서초동 1575-1,330000,월,독립오피스,1명 ~ 1명,00:00 ~ 24:00,00:00 ~ 24:00,00:00 ~ 24:00,00:00 ~ 24:00,00:00 ~ 24:00,00:00 ~ 24:00,00:00 ~ 24:00,Y,Y,Y,N,Y,Y,Y,Y,N,Y,Y,Y,N,Y,Y,Y,Y,Y,Y,Y,N,N,2022-11-16,585.27 ㎡,"8,138.2 ㎡"
노블소호비즈 1인실 - 가성비 갑,경기도,고양시 일산동구,장항동,,756-2 번지,호수로,646-24 번,37.65970915,126.7678228,10401,경기도 고양시 일산동구 호수로 646-24,경기도 고양시 일산동구 장항동 756-2,198000,월,독립오피스,1명 ~ 1명,00:00 ~ 24:00,00:00 ~ 24:00,00:00 ~ 24:00,00:00 ~ 24:00,00:00 ~ 24:00,00:00 ~ 24:00,00:00 ~ 24:00,Y,N,Y,N,N,Y,Y,Y,N,Y,Y,N,N,Y,N,Y,N,N,N,Y,N,N,2022-11-16,"1,346.03 ㎡","11,181.5 ㎡"
노블소호비즈 1인실 - 사이즈 大,경기도,고양시 일산동구,장항동,,756-2 번지,호수로,646-24 번,37.65970915,126.7678228,10401,경기도 고양시 일산동구 호수로 646-24,경기도 고양시 일산동구 장항동 756-2,275000,월,독립오피스,1명 ~ 2명,00:00 ~ 24:00,00:00 ~ 24:00,00:00 ~ 24:00,00:00 ~ 24:00,00:00 ~ 24:00,00:00 ~ 24:00,00:00 ~ 24:00,Y,N,Y,N,N,Y,Y,Y,N,Y,Y,N,N,Y,N,Y,N,N,N,Y,N,N,2022-11-16,"1,346.03 ㎡","11,181.5 ㎡"
노블소호비즈 2인실 - 가성비 갑,경기도,고양시 일산동구,장항동,,756-2 번지,호수로,646-24 번,37.65970915,126.7678228,10401,경기도 고양시 일산동구 호수로 646-24,경기도 고양시 일산동구 장항동 756-2,385000,월,독립오피스,1명 ~ 2명,00:00 ~ 24:00,00:00 ~ 24:00,00:00 ~ 24:00,00:00 ~ 24:00,00:00 ~ 24:00,00:00 ~ 24:00,00:00 ~ 24:00,Y,N,Y,N,N,Y,Y,Y,N,Y,Y,N,N,Y,N,Y,N,N,N,Y,N,N,2022-11-16,"1,346.03 ㎡","11,181.5 ㎡"
노블소호비즈 2인실 - 창문 유,경기도,고양시 일산동구,장항동,,756-2 번지,호수로,646-24 번,37.65970915,126.7678228,10401,경기도 고양시 일산동구 호수로 646-24,경기도 고양시 일산동구 장항동 756-2,440000,월,독립오피스,1명 ~ 2명,00:00 ~ 24:00,00:00 ~ 24:00,00:00 ~ 24:00,00:00 ~ 24:00,00:00 ~ 24:00,00:00 ~ 24:00,00:00 ~ 24:00,Y,N,Y,N,N,Y,Y,Y,N,Y,Y,N,N,Y,N,Y,N,N,N,Y,N,N,2022-11-16,"1,346.03 ㎡","11,181.5 ㎡"
노블소호비즈 3인실 - 가성비 갑,경기도,고양시 일산동구,장항동,,756 번지,중앙로1275번길,60-31 번,37.6601087,126.7684891,10401,경기도 고양시 일산동구 중앙로1275번길 60-31,경기도 고양시 일산동구 장항동 756,462000,월,독립오피스,1명 ~ 3명,00:00 ~ 24:00,00:00 ~ 24:00,00:00 ~ 24:00,00:00 ~ 24:00,00:00 ~ 24:00,00:00 ~ 24:00,00:00 ~ 24:00,Y,N,Y,N,N,Y,Y,Y,N,Y,Y,N,N,Y,N,Y,N,N,N,Y,N,N,2022-11-16,"1,039.28 ㎡","7,006.68 ㎡"
노블소호비즈 3인실 - 가성비 갑,경기도,고양시 일산동구,장항동,,756 번지,중앙로1275번길,60-31 번,37.6601087,126.7684891,10401,경기도 고양시 일산동구 중앙로1275번길 60-31,경기도 고양시 일산동구 장항동 756,550000,월,독립오피스,1명 ~ 3명,00:00 ~ 24:00,00:00 ~ 24:00,00:00 ~ 24:00,00:00 ~ 24:00,00:00 ~ 24:00,00:00 ~ 24:00,00:00 ~ 24:00,Y,N,Y,N,N,Y,Y,Y,N,Y,Y,N,N,Y,N,Y,N,N,N,Y,N,N,2022-11-16,"1,039.28 ㎡","7,006.68 ㎡"
노블소호비즈 5인실 - 창有,경기도,고양시 일산동구,장항동,,756-2 번지,호수로,646-24 번,37.65971022,126.7678138,10401,경기도 고양시 일산동구 호수로 646-24,경기도 고양시 일산동구 장항동 756-2,638000,월,독립오피스,1명 ~ 5명,00:00 ~ 24:00,00:00 ~ 24:00,00:00 ~ 24:00,00:00 ~ 24:00,00:00 ~ 24:00,00:00 ~ 24:00,00:00 ~ 24:00,Y,Y,Y,N,Y,Y,Y,Y,N,Y,Y,N,N,Y,N,Y,N,N,N,Y,N,N,2022-11-16,"1,346.03 ㎡","11,181.5 ㎡"
노블스타 김포시청점 - 1인실,경기도,김포시,사우동,,938 번지,돌문로,50-20 번,37.62011728,126.7182245,10108,경기도 김포시 돌문로 50-20,경기도 김포시 사우동 938,187000,월,독립오피스,1명 ~ 1명,00:00 ~ 24:00,00:00 ~ 24:00,00:00 ~ 24:00,00:00 ~ 24:00,00:00 ~ 24:00,00:00 ~ 24:00,00:00 ~ 24:00,Y,Y,Y,N,Y,Y,Y,Y,N,Y,N,Y,N,N,N,Y,N,N,N,Y,N,N,2022-11-16,399.0 ㎡,"3,705.58 ㎡"
노블스타 김포시청점 1인(창有),경기도,김포시,사우동,,938 번지,돌문로,50-20 번,37.62011728,126.7182245,10108,경기도 김포시 돌문로 50-20,경기도 김포시 사우동 938,286000,월,독립오피스,1명 ~ 1명,00:00 ~ 24:00,00:00 ~ 24:00,00:00 ~ 24:00,00:00 ~ 24:00,00:00 ~ 24:00,00:00 ~ 24:00,00:00 ~ 24:00,Y,Y,Y,N,Y,Y,Y,Y,N,Y,N,Y,N,Y,N,Y,N,N,N,Y,N,N,2022-11-16,399.0 ㎡,"3,705.58 ㎡"
노블스타 김포시청점 2인사무실창有,경기도,김포시,사우동,,938 번지,돌문로,50-20 번,37.62011728,126.7182245,10108,경기도 김포시 돌문로 50-20,경기도 김포시 사우동 938,440000,월,독립오피스,1명 ~ 2명,00:00 ~ 24:00,00:00 ~ 24:00,00:00 ~ 24:00,00:00 ~ 24:00,00:00 ~ 24:00,00:00 ~ 24:00,00:00 ~ 24:00,Y,Y,Y,N,Y,Y,Y,Y,N,Y,N,Y,N,Y,N,Y,N,N,N,Y,N,N,2022-11-16,399.0 ㎡,"3,705.58 ㎡"
다빈,인천광역시,연수구,송도동,,33-1 번지,인천타워대로,251 번,37.39313379,126.6328666,22008,인천광역시 연수구 인천광역시타워대로 251,인천광역시 연수구 송도동 33-1,77000,일,독립오피스,1명 ~ 5명,10:00 ~ 19:00,10:00 ~ 19:00,10:00 ~ 19:00,10:00 ~ 19:00,10:00 ~ 19:00,휴무일,휴무일,Y,N,Y,N,Y,Y,Y,N,Y,Y,Y,N,N,Y,N,N,N,Y,N,Y,N,N,2022-11-16,"10,002.62 ㎡","254,357.79 ㎡"
당산역10번옆 디오빌오피스,서울특별시,영등포구,당산2동,,11-33 번지,당산로,222 번,37.53324478,126.9022911,7214,서울특별시 영등포구 당산로 222,서울특별시 영등포구 당산동5가 11-33,275000,월,독립오피스,1명 ~ 3명,00:00 ~ 24:00,00:00 ~ 24:00,00:00 ~ 24:00,00:00 ~ 24:00,00:00 ~ 24:00,00:00 ~ 24:00,00:00 ~ 24:00,Y,N,Y,N,Y,Y,Y,Y,N,Y,Y,N,N,Y,N,Y,N,N,N,Y,N,N,2022-11-16,- ㎡,- ㎡
당신에게열림 김포 사우 1인사무실,경기도,김포시,사우동,,918 번지,김포대로,831 번,37.61899814,126.7210587,10110,경기도 김포시 김포대로 831,경기도 김포시 사우동 918,275000,월,독립오피스,1명 ~ 1명,00:00 ~ 24:00,00:00 ~ 24:00,00:00 ~ 24:00,00:00 ~ 24:00,00:00 ~ 24:00,00:00 ~ 24:00,00:00 ~ 24:00,Y,N,Y,N,N,Y,Y,Y,N,Y,Y,N,N,Y,N,Y,N,N,Y,Y,N,N,2022-11-16,416.49 ㎡,"2,957.0 ㎡"
당신에게열림 김포 사우 2인사무실,경기도,김포시,사우동,,918 번지,김포대로,831 번,37.61899814,126.7210587,10110,경기도 김포시 김포대로 831,경기도 김포시 사우동 918,319000,월,독립오피스,1명 ~ 2명,00:00 ~ 24:00,00:00 ~ 24:00,00:00 ~ 24:00,00:00 ~ 24:00,00:00 ~ 24:00,00:00 ~ 24:00,00:00 ~ 24:00,Y,N,Y,N,N,Y,Y,Y,N,Y,Y,N,N,Y,N,Y,N,N,Y,Y,N,N,2022-11-16,416.49 ㎡,"2,957.0 ㎡"
당신에게열림 김포 사우 3인사무실,경기도,김포시,사우동,,918 번지,김포대로,831 번,37.61899814,126.7210587,10110,경기도 김포시 김포대로 831,경기도 김포시 사우동 918,385000,월,독립오피스,1명 ~ 3명,00:00 ~ 24:00,00:00 ~ 24:00,00:00 ~ 24:00,00:00 ~ 24:00,00:00 ~ 24:00,00:00 ~ 24:00,00:00 ~ 24:00,Y,N,Y,N,N,Y,Y,Y,N,Y,Y,N,N,Y,N,Y,N,N,Y,Y,N,N,2022-11-16,416.49 ㎡,"2,957.0 ㎡"
당신에게열림 김포 사우 4인사무실,경기도,김포시,사우동,,918 번지,김포대로,831 번,37.61899814,126.7210587,10110,경기도 김포시 김포대로 831,경기도 김포시 사우동 918,440000,월,독립오피스,1명 ~ 4명,00:00 ~ 24:00,00:00 ~ 24:00,00:00 ~ 24:00,00:00 ~ 24:00,00:00 ~ 24:00,00:00 ~ 24:00,00:00 ~ 24:00,Y,N,Y,N,N,Y,Y,Y,N,Y,Y,N,N,Y,N,Y,N,N,Y,Y,N,N,2022-11-16,416.49 ㎡,"2,957.0 ㎡"
대구 소호(1인) 사무실,대구광역시,수성구,신매동,,599-11 번지,고산로4안길,9-12 번,35.83180987,128.7041587,42287,대구광역시 수성구 고산로4안길 9-12,대구광역시 수성구 신매동 599-11,187000,월,독립오피스,1명 ~ 1명,09:00 ~ 22:00,09:00 ~ 22:00,09:00 ~ 22:00,09:00 ~ 22:00,09:00 ~ 22:00,09:00 ~ 22:00,휴무일,Y,N,N,N,N,Y,N,N,Y,Y,N,N,N,N,N,N,N,N,N,Y,N,N,2022-11-16,137.16 ㎡,346.84 ㎡
대구 스마트워크센터 2인실,대구광역시,북구,산격동,,505-7 번지,동북로,117 번,35.90216834,128.6065326,41519,대구광역시 북구 동북로 117,대구광역시 북구 산격동 505-7,300000,월,독립오피스,2명 ~ 3명,00:00 ~ 24:00,00:00 ~ 24:00,00:00 ~ 24:00,00:00 ~ 24:00,00:00 ~ 24:00,00:00 ~ 24:00,00:00 ~ 24:00,Y,N,Y,N,Y,Y,N,Y,N,Y,Y,Y,N,Y,Y,N,Y,Y,N,Y,N,N,2022-11-16,"1,038.56 ㎡","14,694.81 ㎡"
대구 스마트워크센터 3인실,대구광역시,북구,산격동,,505-7 번지,동북로,117 번,35.90216834,128.6065326,41519,대구광역시 북구 동북로 117,대구광역시 북구 산격동 505-7,500000,월,독립오피스,3명 ~ 4명,00:00 ~ 24:00,00:00 ~ 24:00,00:00 ~ 24:00,00:00 ~ 24:00,00:00 ~ 24:00,00:00 ~ 24:00,00:00 ~ 24:00,Y,N,Y,N,Y,Y,N,Y,N,Y,Y,Y,N,Y,Y,N,Y,Y,N,Y,N,N,2022-11-16,"1,038.56 ㎡","14,694.81 ㎡"
대전 필로스페이스 독립 사무실,대전광역시,유성구,장대동,,331-8 번지,유성대로,773 번,36.36134283,127.3356586,34165,대전광역시 유성구 유성대로 773,대전광역시 유성구 장대동 331-8,350000,월,독립오피스,2명 ~ 8명,00:00 ~ 24:00,00:00 ~ 24:00,00:00 ~ 24:00,00:00 ~ 24:00,00:00 ~ 24:00,휴무일,휴무일,Y,N,Y,Y,Y,Y,Y,Y,N,Y,Y,Y,N,Y,N,Y,Y,Y,Y,Y,N,Y,2022-11-16,716.55 ㎡,"4,984.7 ㎡"
더제이오피스 - 1인실,서울특별시,종로구,숭인동,,318-1 번지,지봉로4길,21 번,37.57129502,127.0170011,3114,서울특별시 종로구 지봉로4길 21,서울특별시 종로구 숭인동 318-1,275000,월,독립오피스,1명 ~ 1명,00:00 ~ 24:00,00:00 ~ 24:00,00:00 ~ 24:00,00:00 ~ 24:00,00:00 ~ 24:00,00:00 ~ 24:00,00:00 ~ 24:00,Y,N,Y,Y,N,Y,Y,Y,N,Y,N,N,N,Y,N,N,N,N,N,Y,N,N,2022-11-16,378.97 ㎡,"3,505.91 ㎡"
더제이오피스2인실,서울특별시,종로구,숭인동,,318-1 번지,지봉로4길,21 번,37.57129502,127.0170011,3114,서울특별시 종로구 지봉로4길 21,서울특별시 종로구 숭인동 318-1,500000,월,독립오피스,1명 ~ 2명,00:00 ~ 24:00,00:00 ~ 24:00,00:00 ~ 24:00,00:00 ~ 24:00,00:00 ~ 24:00,00:00 ~ 24:00,00:00 ~ 24:00,Y,N,Y,Y,N,Y,Y,Y,N,Y,N,N,N,Y,N,N,N,N,N,Y,N,N,2022-11-16,378.97 ㎡,"3,505.91 ㎡"
더클락 창업센터 1인실,서울특별시,금천구,가산동,,543-1 번지,서부샛길,606 번,37.4799535,126.8770082,8504,서울특별시 금천구 서부샛길 606,서울특별시 금천구 가산동 543-1,396000,월,독립오피스,1명 ~ 2명,00:00 ~ 24:00,00:00 ~ 24:00,00:00 ~ 24:00,00:00 ~ 24:00,00:00 ~ 24:00,00:00 ~ 24:00,00:00 ~ 24:00,Y,Y,Y,Y,Y,Y,Y,Y,N,Y,Y,Y,N,Y,N,N,Y,Y,Y,Y,Y,N,2022-11-16,"7,203.58 ㎡","161,698.62 ㎡"
더클락 창업센터 가산점 2인실,서울특별시,금천구,가산동,,543-1 번지,서부샛길,606 번,37.4799535,126.8770082,8504,서울특별시 금천구 서부샛길 606,서울특별시 금천구 가산동 543-1,495000,월,독립오피스,1명 ~ 2명,00:00 ~ 24:00,00:00 ~ 24:00,00:00 ~ 24:00,00:00 ~ 24:00,00:00 ~ 24:00,00:00 ~ 24:00,00:00 ~ 24:00,Y,Y,Y,Y,Y,Y,Y,Y,N,Y,Y,Y,N,Y,Y,N,Y,Y,Y,Y,Y,N,2022-11-16,"7,203.58 ㎡","161,698.62 ㎡"
독립 1인실,경기도,군포시,금정동,,874-2 번지,번영로,508 번,37.35792319,126.9338924,15862,경기도 군포시 번영로 508,경기도 군포시 금정동 874-2,297000,월,독립오피스,1명 ~ 1명,00:00 ~ 24:00,00:00 ~ 24:00,00:00 ~ 24:00,00:00 ~ 24:00,00:00 ~ 24:00,00:00 ~ 24:00,00:00 ~ 24:00,Y,N,Y,Y,Y,Y,N,Y,N,Y,Y,Y,N,Y,N,N,N,Y,Y,Y,N,Y,2022-11-16,424.72 ㎡,"5,997.31 ㎡"
독립 2인실,경기도,군포시,금정동,,874-2 번지,번영로,508 번,37.35792319,126.9338924,15862,경기도 군포시 번영로 508,경기도 군포시 금정동 874-2,396000,월,독립오피스,1명 ~ 2명,00:00 ~ 24:00,00:00 ~ 24:00,00:00 ~ 24:00,00:00 ~ 24:00,00:00 ~ 24:00,00:00 ~ 24:00,00:00 ~ 24:00,Y,N,Y,Y,Y,Y,N,Y,N,Y,Y,Y,N,Y,N,N,N,Y,Y,Y,N,Y,2022-11-16,424.72 ㎡,"5,997.31 ㎡"
독립 3인실,경기도,군포시,금정동,,874-2 번지,번영로,508 번,37.35792319,126.9338924,15862,경기도 군포시 번영로 508,경기도 군포시 금정동 874-2,528000,월,독립오피스,1명 ~ 3명,00:00 ~ 24:00,00:00 ~ 24:00,00:00 ~ 24:00,00:00 ~ 24:00,00:00 ~ 24:00,00:00 ~ 24:00,00:00 ~ 24:00,Y,N,Y,Y,Y,Y,N,Y,N,Y,Y,Y,N,Y,N,N,N,Y,Y,Y,N,Y,2022-11-16,424.72 ㎡,"5,997.31 ㎡"
독립오피스3인실 구로소호114,서울특별시,구로구,구로동,,197-28 번지,디지털로31길,41 번,37.4851718,126.8927513,8375,서울특별시 구로구 디지털로31길 41,서울특별시 구로구 구로동 197-28,550000,월,독립오피스,1명 ~ 3명,00:00 ~ 24:00,00:00 ~ 24:00,00:00 ~ 24:00,00:00 ~ 24:00,00:00 ~ 24:00,00:00 ~ 24:00,00:00 ~ 24:00,Y,N,Y,Y,Y,Y,Y,Y,N,Y,Y,N,N,Y,N,Y,N,N,Y,Y,N,N,2022-11-16,"2,463.37 ㎡","32,987.11 ㎡"
독산역2번출구(주)인터클러스터,서울특별시,금천구,가산동,,660 번지,가산디지털1로,30 번,37.46880404,126.8874958,8591,서울특별시 금천구 가산디지털1로 30,서울특별시 금천구 가산동 660,77000,월,독립오피스,2명 ~ 2명,00:00 ~ 24:00,00:00 ~ 24:00,00:00 ~ 24:00,00:00 ~ 24:00,00:00 ~ 24:00,00:00 ~ 24:00,00:00 ~ 24:00,Y,N,Y,Y,N,Y,N,Y,N,Y,Y,N,N,Y,N,N,N,N,N,Y,N,N,2022-11-16,"2,324.24 ㎡","48,606.1 ㎡"
"두드림 독립오피스, 오픈데스크",서울특별시,강서구,마곡동,,794-1 번지,강서로,385 번,37.56009264,126.8383041,7803,서울특별시 강서구 강서로 385,서울특별시 강서구 마곡동 794-1,15000,일,독립오피스,1명 ~ 10명,09:00 ~ 18:00,09:00 ~ 18:00,09:00 ~ 18:00,09:00 ~ 18:00,09:00 ~ 18:00,휴무일,휴무일,Y,Y,Y,N,Y,Y,Y,Y,N,Y,Y,Y,N,Y,Y,Y,N,Y,Y,Y,N,Y,2022-11-16,- ㎡,- ㎡
"두드림공유오피스 1인사무실, 비상",서울특별시,강서구,마곡동,,794-1 번지,강서로,385 번,37.56009264,126.8383041,7803,서울특별시 강서구 강서로 385,서울특별시 강서구 마곡동 794-1,330000,월,독립오피스,1명 ~ 10명,00:00 ~ 24:00,00:00 ~ 24:00,00:00 ~ 24:00,00:00 ~ 24:00,00:00 ~ 24:00,00:00 ~ 24:00,00:00 ~ 24:00,Y,Y,Y,N,Y,Y,Y,Y,N,Y,Y,Y,N,Y,Y,Y,Y,Y,Y,Y,N,Y,2022-11-16,- ㎡,- ㎡
"드림빅 공유오피스, 비상주오피스",서울특별시,서초구,우면동,,67 번지,바우뫼로,31 번,37.47102789,127.0259819,6762,서울특별시 서초구 바우뫼로 31,서울특별시 서초구 우면동 67,495000,월,독립오피스,1명 ~ 2명,00:00 ~ 24:00,00:00 ~ 24:00,00:00 ~ 24:00,00:00 ~ 24:00,00:00 ~ 24:00,00:00 ~ 24:00,00:00 ~ 24:00,Y,N,Y,N,Y,Y,N,Y,N,Y,Y,Y,N,Y,N,Y,Y,N,Y,Y,N,N,2022-11-16,"3,081.77 ㎡","20,668.24 ㎡"
드림큐브 원데이오피스 1인실,서울특별시,마포구,상암동,,1601 번지,월드컵북로,402 번,37.58010775,126.8889823,3925,서울특별시 마포구 월드컵북로 402,서울특별시 마포구 상암동 1601,33000,일,독립오피스,1명 ~ 1명,09:00 ~ 24:00,09:00 ~ 24:00,09:00 ~ 24:00,09:00 ~ 24:00,09:00 ~ 24:00,휴무일,휴무일,Y,Y,Y,Y,Y,Y,N,N,Y,Y,Y,Y,N,Y,N,Y,N,N,N,Y,N,N,2022-11-16,"4,680.54 ㎡","85,603.37 ㎡"
드림하이비즈센터,서울특별시,마포구,합정동,,362-8 번지,독막로6길,9 번,37.54757554,126.9176507,4072,서울특별시 마포구 독막로6길 9,서울특별시 마포구 합정동 362-8,33000,월,독립오피스,1명 ~ 1명,00:00 ~ 24:00,00:00 ~ 24:00,00:00 ~ 24:00,00:00 ~ 24:00,00:00 ~ 24:00,00:00 ~ 24:00,00:00 ~ 24:00,Y,N,Y,N,N,Y,Y,Y,N,Y,N,N,N,Y,N,N,N,N,N,Y,N,N,2022-11-16,114.23 ㎡,659.57 ㎡
디오피스 스마트 1인실,경기도,고양시 일산동구,장항동,,863 번지,정발산로,19 번,37.65672914,126.7706231,10402,경기도 고양시 일산동구 정발산로 19,경기도 고양시 일산동구 장항동 863,220000,월,독립오피스,1명 ~ 1명,00:00 ~ 24:00,00:00 ~ 24:00,00:00 ~ 24:00,00:00 ~ 24:00,00:00 ~ 24:00,00:00 ~ 24:00,00:00 ~ 24:00,Y,N,Y,Y,N,Y,Y,Y,N,Y,Y,N,N,Y,N,N,N,N,Y,Y,N,N,2022-11-16,- ㎡,- ㎡
디오피스 프라임 2인실,경기도,고양시 일산동구,장항동,,863 번지,정발산로,19 번,37.65672914,126.7706231,10402,경기도 고양시 일산동구 정발산로 19,경기도 고양시 일산동구 장항동 863,385000,월,독립오피스,1명 ~ 2명,00:00 ~ 24:00,00:00 ~ 24:00,00:00 ~ 24:00,00:00 ~ 24:00,00:00 ~ 24:00,00:00 ~ 24:00,00:00 ~ 24:00,Y,N,Y,Y,N,Y,Y,Y,N,Y,Y,N,N,Y,N,N,N,N,Y,Y,N,N,2022-11-16,- ㎡,- ㎡
디오피스 프라임 3인실,경기도,고양시 일산동구,장항동,,863 번지,정발산로,19 번,37.65672914,126.7706231,10402,경기도 고양시 일산동구 정발산로 19,경기도 고양시 일산동구 장항동 863,440000,월,독립오피스,1명 ~ 3명,00:00 ~ 24:00,00:00 ~ 24:00,00:00 ~ 24:00,00:00 ~ 24:00,00:00 ~ 24:00,00:00 ~ 24:00,00:00 ~ 24:00,Y,N,Y,Y,N,Y,Y,Y,N,Y,Y,N,N,Y,N,N,N,N,Y,Y,N,N,2022-11-16,- ㎡,- ㎡
디오피스 프라임 4인실,경기도,고양시 일산동구,장항동,,863 번지,정발산로,19 번,37.65672914,126.7706231,10402,경기도 고양시 일산동구 정발산로 19,경기도 고양시 일산동구 장항동 863,495000,월,독립오피스,1명 ~ 4명,00:00 ~ 24:00,00:00 ~ 24:00,00:00 ~ 24:00,00:00 ~ 24:00,00:00 ~ 24:00,00:00 ~ 24:00,00:00 ~ 24:00,Y,N,Y,Y,N,Y,Y,Y,N,Y,Y,N,N,Y,N,N,N,N,Y,Y,N,N,2022-11-16,- ㎡,- ㎡
디자인픽스 오피스쉐어(2인실),서울특별시,성동구,마장동,,791-9 번지,마장로,296 번,37.56570224,127.0427574,4758,서울특별시 성동구 마장로 296,서울특별시 성동구 마장동 791-9,550000,월,독립오피스,1명 ~ 2명,00:00 ~ 24:00,00:00 ~ 24:00,00:00 ~ 24:00,00:00 ~ 24:00,00:00 ~ 24:00,00:00 ~ 24:00,00:00 ~ 24:00,Y,N,Y,N,Y,Y,Y,Y,N,Y,N,Y,N,Y,N,Y,N,Y,N,Y,N,N,2022-11-16,- ㎡,- ㎡
라브레 쇼핑몰 사무실 및 작업실,서울특별시,노원구,공릉동,,494-15 번지,동일로,1053 번,37.62402452,127.073158,1857,서울특별시 노원구 동일로 1053,서울특별시 노원구 공릉동 494-15,380000,월,독립오피스,1명 ~ 2명,18:30 ~ 24:00,18:30 ~ 24:00,18:30 ~ 24:00,18:30 ~ 24:00,18:30 ~ 24:00,00:00 ~ 24:00,00:00 ~ 24:00,Y,N,N,Y,Y,Y,N,Y,N,Y,N,N,N,N,N,Y,N,N,N,Y,N,Y,2022-11-16,414.27 ㎡,"2,540.07 ㎡"
라움교육컨설팅,경기도,고양시 덕양구,화정동,,979 번지,화신로260번길,37 번,37.63248628,126.8325311,10500,경기도 고양시 덕양구 화신로260번길 37,경기도 고양시 덕양구 화정동 979,20000,일,독립오피스,1명 ~ 6명,10:00 ~ 21:30,10:00 ~ 22:00,10:00 ~ 22:00,10:00 ~ 22:00,10:00 ~ 22:00,휴무일,휴무일,Y,N,Y,N,Y,Y,N,N,Y,Y,Y,N,N,Y,N,N,N,N,N,Y,N,N,2022-11-16,- ㎡,- ㎡
런치스페이스 마포공덕 독립오피스,서울특별시,마포구,공덕동,,249-16 번지,마포대로10길,12 번,37.54704769,126.9542919,4211,서울특별시 마포구 마포대로10길 12,서울특별시 마포구 공덕동 249-16,400000,월,독립오피스,1명 ~ 1명,00:00 ~ 24:00,00:00 ~ 24:00,00:00 ~ 24:00,00:00 ~ 24:00,00:00 ~ 24:00,휴무일,휴무일,Y,Y,Y,N,Y,Y,Y,Y,N,Y,N,Y,N,Y,N,Y,N,N,Y,Y,N,N,2022-11-16,417.33 ㎡,"1,988.02 ㎡"
로컬하이브 성수비상주사무실,서울특별시,성동구,성수1가1동,,72-87 번지,뚝섬로3길,11-5 번,37.54117923,127.0492511,4780,서울특별시 성동구 뚝섬로3길 11-5,서울특별시 성동구 성수동1가 72-87,33000,월,독립오피스,1명 ~ 1명,00:00 ~ 24:00,00:00 ~ 24:00,00:00 ~ 24:00,00:00 ~ 24:00,00:00 ~ 24:00,00:00 ~ 24:00,00:00 ~ 24:00,Y,N,Y,N,Y,Y,Y,Y,N,Y,N,Y,N,Y,Y,N,N,N,N,Y,N,N,2022-11-16,113.05 ㎡,729.3 ㎡
로하스비즈니스센터,서울특별시,은평구,녹번동,,183 번지,서오릉로2길,10 번,37.60220035,126.9276026,3384,서울특별시 은평구 서오릉로2길 10,서울특별시 은평구 녹번동 183,275000,월,독립오피스,1명 ~ 5명,00:00 ~ 24:00,00:00 ~ 24:00,00:00 ~ 24:00,00:00 ~ 24:00,00:00 ~ 24:00,00:00 ~ 24:00,00:00 ~ 24:00,Y,N,N,N,Y,Y,N,Y,N,N,N,N,N,Y,N,N,N,N,N,Y,N,N,2022-11-16,148.77 ㎡,938.22 ㎡
르호봇 프라임 서초 센터 1인실,서울특별시,서초구,서초동,,1553-1 번지,서초대로,248 번,37.49187553,127.0088203,6647,서울특별시 서초구 서초대로 248,서울특별시 서초구 서초동 1553-1,605000,월,독립오피스,1명 ~ 1명,07:00 ~ 23:00,07:00 ~ 23:00,07:00 ~ 23:00,07:00 ~ 23:00,07:00 ~ 23:00,07:00 ~ 23:00,07:00 ~ 23:00,Y,N,Y,N,N,Y,Y,N,Y,Y,N,N,N,Y,N,N,N,Y,Y,Y,N,N,2022-11-16,419.2 ㎡,"5,272.03 ㎡"
르호봇 프라임 서초 센터 2인실,서울특별시,서초구,서초동,,1553-1 번지,서초대로,248 번,37.49187553,127.0088203,6647,서울특별시 서초구 서초대로 248,서울특별시 서초구 서초동 1553-1,836000,월,독립오피스,1명 ~ 2명,07:00 ~ 23:00,07:00 ~ 23:00,07:00 ~ 23:00,07:00 ~ 23:00,07:00 ~ 23:00,07:00 ~ 23:00,07:00 ~ 23:00,Y,N,Y,N,N,Y,Y,N,Y,Y,N,N,N,Y,N,N,N,Y,Y,Y,N,N,2022-11-16,419.2 ㎡,"5,272.03 ㎡"
르호봇 프라임 서초 센터 4인실,서울특별시,서초구,서초동,,1553-1 번지,서초대로,248 번,37.49187553,127.0088203,6647,서울특별시 서초구 서초대로 248,서울특별시 서초구 서초동 1553-1,1705000,월,독립오피스,1명 ~ 4명,07:00 ~ 23:00,07:00 ~ 23:00,07:00 ~ 23:00,07:00 ~ 23:00,07:00 ~ 23:00,07:00 ~ 23:00,07:00 ~ 23:00,Y,Y,Y,N,N,Y,Y,N,Y,Y,N,N,N,Y,N,N,Y,Y,Y,Y,N,N,2022-11-16,419.2 ㎡,"5,272.03 ㎡"
리더스벨리비즈센터 1인실 독립룸,경기도,수원시 영통구,원천동,,471 번지,중부대로448번길,97 번,37.26650542,127.0594288,16521,경기도 수원시 영통구 중부대로448번길 97,경기도 수원시 영통구 원천동 471,242000,월,독립오피스,1명 ~ 1명,00:00 ~ 24:00,00:00 ~ 24:00,00:00 ~ 24:00,00:00 ~ 24:00,00:00 ~ 24:00,00:00 ~ 24:00,00:00 ~ 24:00,Y,N,Y,N,Y,Y,Y,Y,N,Y,Y,N,N,Y,N,N,N,Y,Y,Y,N,N,2022-11-16,"2,339.17 ㎡","20,126.56 ㎡"
리더스벨리비즈센터 2인실 독립룸,경기도,수원시 영통구,원천동,,471 번지,중부대로448번길,97 번,37.26650542,127.0594288,16521,경기도 수원시 영통구 중부대로448번길 97,경기도 수원시 영통구 원천동 471,330000,월,독립오피스,1명 ~ 2명,00:00 ~ 24:00,00:00 ~ 24:00,00:00 ~ 24:00,00:00 ~ 24:00,00:00 ~ 24:00,00:00 ~ 24:00,00:00 ~ 24:00,Y,N,Y,N,Y,Y,Y,Y,N,Y,Y,N,N,Y,N,N,N,Y,Y,Y,N,N,2022-11-16,"2,339.17 ㎡","20,126.56 ㎡"
리더스벨리비즈센터 3인실 독립룸,경기도,수원시 영통구,원천동,,471 번지,중부대로448번길,97 번,37.26650542,127.0594288,16521,경기도 수원시 영통구 중부대로448번길 97,경기도 수원시 영통구 원천동 471,410000,월,독립오피스,1명 ~ 3명,00:00 ~ 24:00,00:00 ~ 24:00,00:00 ~ 24:00,00:00 ~ 24:00,00:00 ~ 24:00,00:00 ~ 24:00,00:00 ~ 24:00,Y,N,Y,N,Y,Y,Y,Y,N,Y,Y,N,N,Y,N,N,N,Y,Y,Y,N,N,2022-11-16,"2,339.17 ㎡","20,126.56 ㎡"
리더스벨리비즈센터 4인실 독립룸,경기도,수원시 영통구,원천동,,471 번지,중부대로448번길,97 번,37.26650542,127.0594288,16521,경기도 수원시 영통구 중부대로448번길 97,경기도 수원시 영통구 원천동 471,495000,월,독립오피스,1명 ~ 5명,00:00 ~ 24:00,00:00 ~ 24:00,00:00 ~ 24:00,00:00 ~ 24:00,00:00 ~ 24:00,00:00 ~ 24:00,00:00 ~ 24:00,Y,N,Y,N,Y,Y,Y,Y,N,Y,Y,N,N,Y,N,N,N,Y,Y,Y,N,N,2022-11-16,"2,339.17 ㎡","20,126.56 ㎡"
리더스비즈 개별실,대구광역시,달서구,이곡동,,1202-17 번지,이곡서로,36 번,35.85438239,128.5030351,42612,대구광역시 달서구 이곡서로 36,대구광역시 달서구 이곡동 1202-17,275000,월,독립오피스,1명 ~ 1명,00:00 ~ 24:00,00:00 ~ 24:00,00:00 ~ 24:00,00:00 ~ 24:00,00:00 ~ 24:00,00:00 ~ 24:00,00:00 ~ 24:00,Y,N,Y,N,Y,Y,Y,Y,N,Y,N,N,N,Y,N,N,N,N,Y,Y,N,N,2022-11-16,366.24 ㎡,"2,161.56 ㎡"
리치앤워크 공유오피스 독립 3인실,서울특별시,금천구,가산동,,481-4 번지,가산디지털1로,219 번,37.48443487,126.8790435,8501,서울특별시 금천구 가산디지털1로 219,서울특별시 금천구 가산동 481-4,600000,월,독립오피스,1명 ~ 3명,00:00 ~ 24:00,00:00 ~ 24:00,00:00 ~ 24:00,00:00 ~ 24:00,00:00 ~ 24:00,00:00 ~ 24:00,00:00 ~ 24:00,Y,N,Y,N,N,Y,N,Y,N,Y,Y,Y,N,Y,N,Y,Y,Y,N,Y,N,N,2022-11-16,- ㎡,- ㎡
마곡 H비즈니스센터 2인실,서울특별시,강서구,마곡동,,774-8 번지,마곡중앙6로,40 번,37.56013299,126.8315319,7802,서울특별시 강서구 마곡중앙6로 40,서울특별시 강서구 마곡동 774-8,600000,월,독립오피스,1명 ~ 2명,00:00 ~ 24:00,00:00 ~ 24:00,00:00 ~ 24:00,00:00 ~ 24:00,00:00 ~ 24:00,00:00 ~ 24:00,00:00 ~ 24:00,Y,N,Y,N,Y,Y,Y,N,Y,Y,Y,Y,N,Y,N,Y,N,Y,Y,Y,N,N,2022-11-16,660.5 ㎡,"9,993.6 ㎡"
마곡 H비즈니스센터 3인실,서울특별시,강서구,마곡동,,774-8 번지,마곡중앙6로,40 번,37.56013299,126.8315319,7802,서울특별시 강서구 마곡중앙6로 40,서울특별시 강서구 마곡동 774-8,700000,월,독립오피스,1명 ~ 3명,00:00 ~ 24:00,00:00 ~ 24:00,00:00 ~ 24:00,00:00 ~ 24:00,00:00 ~ 24:00,00:00 ~ 24:00,00:00 ~ 24:00,Y,N,Y,N,Y,Y,Y,N,Y,Y,Y,Y,N,Y,N,Y,N,Y,Y,Y,N,N,2022-11-16,660.5 ㎡,"9,993.6 ㎡"
마곡 H비즈니스센터 5인실,서울특별시,강서구,마곡동,,774-8 번지,마곡중앙6로,40 번,37.56013299,126.8315319,7802,서울특별시 강서구 마곡중앙6로 40,서울특별시 강서구 마곡동 774-8,850000,월,독립오피스,1명 ~ 5명,00:00 ~ 24:00,00:00 ~ 24:00,00:00 ~ 24:00,00:00 ~ 24:00,00:00 ~ 24:00,00:00 ~ 24:00,00:00 ~ 24:00,Y,N,Y,N,Y,Y,Y,N,Y,Y,Y,Y,N,Y,N,Y,N,Y,Y,Y,N,N,2022-11-16,660.5 ㎡,"9,993.6 ㎡"
마곡 H비즈니스센터 6인실,서울특별시,강서구,마곡동,,774-8 번지,마곡중앙6로,40 번,37.56015095,126.8315523,7802,서울특별시 강서구 마곡중앙6로 40,서울특별시 강서구 마곡동 774-8,1200000,월,독립오피스,1명 ~ 6명,00:00 ~ 24:00,00:00 ~ 24:00,00:00 ~ 24:00,00:00 ~ 24:00,00:00 ~ 24:00,00:00 ~ 24:00,00:00 ~ 24:00,Y,N,Y,N,Y,Y,Y,Y,N,Y,Y,Y,N,Y,N,Y,N,Y,Y,Y,N,N,2022-11-16,660.5 ㎡,"9,993.6 ㎡"
마음시 공간대여,서울특별시,광진구,중곡동,,648-14 번지,능동로37길,6 번,37.55819011,127.0795766,4919,서울특별시 광진구 능동로37길 6,서울특별시 광진구 중곡동 648-14,24000,일,독립오피스,1명 ~ 4명,08:00 ~ 22:00,08:00 ~ 22:00,휴무일,08:00 ~ 22:00,08:00 ~ 22:00,휴무일,08:00 ~ 22:00,Y,N,N,N,N,Y,N,Y,Y,Y,Y,N,N,N,N,Y,N,N,N,Y,N,N,2022-11-16,344.44 ㎡,"3,679.94 ㎡"
마이오피스쇼핑몰특화소호사무실,경기도,고양시 일산동구,장항동,,856-2 번지,정발산로,31-10 번,37.65739364,126.7724041,10402,경기도 고양시 일산동구 정발산로 31-10,경기도 고양시 일산동구 장항동 856-2,297000,월,독립오피스,1명 ~ 1명,00:00 ~ 24:00,00:00 ~ 24:00,00:00 ~ 24:00,00:00 ~ 24:00,00:00 ~ 24:00,00:00 ~ 24:00,00:00 ~ 24:00,Y,N,Y,Y,Y,Y,Y,Y,N,Y,Y,Y,N,Y,N,Y,N,N,N,Y,N,Y,2022-11-16,"1,065.56 ㎡","13,730.18 ㎡"
마인드풀 오피스,경기도,고양시 덕양구,삼송동,,295 번지,삼송로,238 번,37.65250185,126.8999505,10592,경기도 고양시 덕양구 삼송로 238,경기도 고양시 덕양구 삼송동 295,26500,일,독립오피스,1명 ~ 2명,00:00 ~ 24:00,00:00 ~ 24:00,00:00 ~ 24:00,00:00 ~ 24:00,00:00 ~ 24:00,00:00 ~ 24:00,00:00 ~ 24:00,Y,N,N,N,Y,Y,N,Y,N,Y,Y,N,N,N,N,N,N,N,N,Y,Y,N,2022-11-16,"6,807.64 ㎡","79,165.85 ㎡"
망포비즈스퀘어 - 1인실(기본),경기도,수원시 영통구,망포동,,543-2 번지,영통로,127 번,37.23876545,127.0558856,16687,경기도 수원시 영통구 영통로 127,경기도 수원시 영통구 망포동 543-2,275000,월,독립오피스,1명 ~ 1명,00:00 ~ 24:00,00:00 ~ 24:00,00:00 ~ 24:00,00:00 ~ 24:00,00:00 ~ 24:00,00:00 ~ 24:00,00:00 ~ 24:00,Y,Y,Y,N,N,Y,Y,Y,N,Y,Y,N,N,Y,N,N,N,N,N,Y,N,N,2022-11-16,645.1 ㎡,"6,402.62 ㎡"
몰입의공간 공유오피스 룸형-1인실,부산광역시,북구,화명동,,2322 번지,학사로17번길,19 번,35.22349254,129.0073165,46542,부산광역시 북구 학사로17번길 19,부산광역시 북구 화명동 2322,16500,일,독립오피스,1명 ~ 1명,00:00 ~ 24:00,00:00 ~ 24:00,00:00 ~ 24:00,00:00 ~ 24:00,00:00 ~ 24:00,00:00 ~ 24:00,00:00 ~ 24:00,Y,N,Y,N,Y,Y,N,Y,N,Y,Y,Y,N,Y,N,N,Y,Y,Y,Y,N,N,2022-11-16,"10,059.0 ㎡","179,308.88 ㎡"
몰입의공간 공유오피스 룸형-2인실,부산광역시,북구,화명동,,2322 번지,학사로17번길,19 번,35.22349254,129.0073165,46542,부산광역시 북구 학사로17번길 19,부산광역시 북구 화명동 2322,605000,월,독립오피스,1명 ~ 1명,00:00 ~ 24:00,00:00 ~ 24:00,00:00 ~ 24:00,00:00 ~ 24:00,00:00 ~ 24:00,00:00 ~ 24:00,00:00 ~ 24:00,Y,N,Y,N,Y,Y,N,Y,N,Y,Y,Y,N,Y,N,N,Y,Y,Y,Y,N,N,2022-11-16,"10,059.0 ㎡","179,308.88 ㎡"
무신사 스튜디오 프라이빗 오피스,서울특별시,중구,광희동,,17-2 번지,장충단로13길,20 번,37.56864346,127.0077323,4563,서울특별시 중구 장충단로13길 20,서울특별시 중구 을지로6가 17-2,2420000,월,독립오피스,1명 ~ 4명,00:00 ~ 24:00,00:00 ~ 24:00,00:00 ~ 24:00,00:00 ~ 24:00,00:00 ~ 24:00,00:00 ~ 24:00,00:00 ~ 24:00,Y,Y,Y,Y,Y,Y,Y,Y,N,Y,Y,Y,N,Y,N,Y,Y,Y,N,Y,N,Y,2022-11-16,"3,758.81 ㎡","122,917.19 ㎡"
무한스페이스(4인)독립사무실스터디,서울특별시,서초구,서초동,,1617-3 번지,서리풀4길,8 번,37.48787394,127.0211912,6642,서울특별시 서초구 서리풀4길 8,서울특별시 서초구 서초동 1617-3,50000,일,독립오피스,1명 ~ 4명,00:00 ~ 24:00,00:00 ~ 24:00,00:00 ~ 24:00,00:00 ~ 24:00,00:00 ~ 24:00,00:00 ~ 24:00,00:00 ~ 24:00,Y,Y,Y,N,Y,Y,Y,Y,N,Y,N,Y,N,Y,N,Y,Y,N,Y,Y,N,N,2022-11-16,190.61 ㎡,"1,202.59 ㎡"
무한스페이스(5인)독립사무실스터디,서울특별시,서초구,서초동,,1617-3 번지,서리풀4길,8 번,37.48787394,127.0211912,6642,서울특별시 서초구 서리풀4길 8,서울특별시 서초구 서초동 1617-3,50000,일,독립오피스,1명 ~ 5명,00:00 ~ 24:00,00:00 ~ 24:00,00:00 ~ 24:00,00:00 ~ 24:00,00:00 ~ 24:00,00:00 ~ 24:00,00:00 ~ 24:00,Y,Y,Y,N,Y,Y,Y,Y,N,Y,N,Y,N,Y,N,Y,Y,N,Y,Y,N,N,2022-11-16,190.61 ㎡,"1,202.59 ㎡"
무한스페이스독립사무실(6인)스터디,서울특별시,서초구,서초동,,1617-3 번지,서리풀4길,8 번,37.48787394,127.0211912,6642,서울특별시 서초구 서리풀4길 8,서울특별시 서초구 서초동 1617-3,100000,일,독립오피스,1명 ~ 6명,00:00 ~ 24:00,00:00 ~ 24:00,00:00 ~ 24:00,00:00 ~ 24:00,00:00 ~ 24:00,00:00 ~ 24:00,00:00 ~ 24:00,Y,Y,Y,N,Y,Y,Y,Y,N,Y,N,Y,N,Y,N,Y,Y,N,Y,Y,N,N,2022-11-16,190.61 ㎡,"1,202.59 ㎡"
문래 메가비즈 2인 소호사무실,서울특별시,영등포구,문래동,,77-9 번지,문래로20길,60 번,37.51727016,126.8894665,7295,서울특별시 영등포구 문래로20길 60,서울특별시 영등포구 문래동3가 77-9,400000,월,독립오피스,1명 ~ 2명,00:00 ~ 24:00,00:00 ~ 24:00,00:00 ~ 24:00,00:00 ~ 24:00,00:00 ~ 24:00,00:00 ~ 24:00,00:00 ~ 24:00,Y,Y,Y,N,Y,Y,Y,Y,N,Y,Y,Y,N,Y,N,Y,N,N,Y,Y,N,N,2022-11-16,"1,273.23 ㎡","16,411.42 ㎡"
문래정,서울특별시,영등포구,문래동,,58-25 번지,도림로,440-15 번,37.51510022,126.8945412,7299,서울특별시 영등포구 도림로 440-15,서울특별시 영등포구 문래동3가 58-25,290000,일,독립오피스,1명 ~ 10명,00:00 ~ 24:00,00:00 ~ 24:00,00:00 ~ 24:00,00:00 ~ 24:00,00:00 ~ 24:00,00:00 ~ 24:00,00:00 ~ 24:00,Y,N,N,N,Y,Y,N,Y,N,Y,N,N,N,N,N,N,N,N,N,Y,N,Y,2022-11-16,39.97 ㎡,39.97 ㎡
미래비지니스센터,부산광역시,사하구,괴정동,,550-19 번지,장평로,453 번,35.09861919,128.9864597,49402,부산광역시 사하구 장평로 453,부산광역시 사하구 괴정동 550-19,11000,일,독립오피스,1명 ~ 5명,00:00 ~ 24:00,00:00 ~ 24:00,00:00 ~ 24:00,00:00 ~ 24:00,00:00 ~ 24:00,00:00 ~ 24:00,00:00 ~ 24:00,Y,N,Y,N,N,Y,Y,Y,N,N,N,N,N,Y,N,N,N,N,Y,Y,N,N,2022-11-16,363.4 ㎡,"2,901.98 ㎡"
밴타고 서비스드 오피스 4-5인실,서울특별시,종로구,청진동,,128 번지,종로5길,7 번,37.5706161,126.9805599,3157,서울특별시 종로구 종로5길 7,서울특별시 종로구 청진동 128,150000,일,독립오피스,1명 ~ 5명,09:00 ~ 18:00,09:00 ~ 18:00,09:00 ~ 18:00,09:00 ~ 18:00,09:00 ~ 18:00,휴무일,휴무일,Y,N,Y,Y,Y,Y,Y,Y,N,Y,Y,Y,N,Y,N,N,N,Y,Y,Y,Y,N,2022-11-16,"2,133.52 ㎡","51,654.48 ㎡"
밴타고 서비스드 오피스(3인실),서울특별시,종로구,청진동,,128 번지,종로5길,7 번,37.5706161,126.9805599,3157,서울특별시 종로구 종로5길 7,서울특별시 종로구 청진동 128,90000,일,독립오피스,1명 ~ 3명,09:00 ~ 18:00,09:00 ~ 18:00,09:00 ~ 18:00,09:00 ~ 18:00,09:00 ~ 18:00,휴무일,휴무일,Y,N,Y,Y,N,Y,Y,N,Y,Y,Y,N,N,Y,N,N,N,N,N,Y,Y,N,2022-11-16,"2,133.52 ㎡","51,654.48 ㎡"
밴타고 서비스드 오피스(6인실),서울특별시,종로구,청진동,,128 번지,종로5길,7 번,37.5706161,126.9805599,3157,서울특별시 종로구 종로5길 7,서울특별시 종로구 청진동 128,3080000,월,독립오피스,1명 ~ 6명,09:00 ~ 18:00,09:00 ~ 18:00,09:00 ~ 18:00,09:00 ~ 18:00,09:00 ~ 18:00,휴무일,휴무일,Y,N,Y,Y,N,Y,Y,N,Y,Y,Y,N,N,Y,N,N,N,N,N,Y,Y,N,2022-11-16,"2,133.52 ㎡","51,654.48 ㎡"
밴타고 서비스드 오피스(7인실),서울특별시,종로구,청진동,,128 번지,종로5길,7 번,37.5706161,126.9805599,3157,서울특별시 종로구 종로5길 7,서울특별시 종로구 청진동 128,3300000,월,독립오피스,1명 ~ 7명,09:00 ~ 18:00,09:00 ~ 18:00,09:00 ~ 18:00,09:00 ~ 18:00,09:00 ~ 18:00,휴무일,휴무일,Y,N,Y,Y,N,Y,Y,N,Y,Y,Y,N,N,Y,N,N,N,N,N,Y,Y,N,2022-11-16,"2,133.52 ㎡","51,654.48 ㎡"
베스트원 소호비즈니스센터,경기도,용인시 기흥구,보정동,,1261-4 번지,죽전로,10 번,37.32026462,127.1098622,16897,경기도 용인시 기흥구 죽전로 10,경기도 용인시 기흥구 보정동 1261-4,297000,월,독립오피스,1명 ~ 1명,00:00 ~ 24:00,00:00 ~ 24:00,00:00 ~ 24:00,00:00 ~ 24:00,00:00 ~ 24:00,00:00 ~ 24:00,00:00 ~ 24:00,Y,Y,Y,Y,N,Y,Y,Y,N,Y,Y,N,N,Y,N,Y,Y,Y,Y,Y,N,N,2022-11-16,745.47 ㎡,"8,233.19 ㎡"
베스트원소호비즈니스센터-2인실,경기도,용인시 기흥구,보정동,,1261-4 번지,죽전로,10 번,37.32023258,127.1098224,16897,경기도 용인시 기흥구 죽전로 10,경기도 용인시 기흥구 보정동 1261-4,495000,월,독립오피스,1명 ~ 2명,00:00 ~ 24:00,00:00 ~ 24:00,00:00 ~ 24:00,00:00 ~ 24:00,00:00 ~ 24:00,00:00 ~ 24:00,00:00 ~ 24:00,Y,Y,Y,N,N,Y,Y,Y,N,Y,Y,N,N,Y,N,Y,Y,Y,Y,Y,N,N,2022-11-16,745.47 ㎡,"8,233.19 ㎡"
벤처스페이스 오피스 1인실,서울특별시,강남구,역삼동,,831-18 번지,강남대로,342 번,37.49368428,127.0302202,6242,서울특별시 강남구 강남대로 342,서울특별시 강남구 역삼동 831-18,33000,일,독립오피스,1명 ~ 8명,09:00 ~ 22:00,09:00 ~ 22:00,09:00 ~ 22:00,09:00 ~ 22:00,09:00 ~ 22:00,09:00 ~ 22:00,09:00 ~ 22:00,Y,N,Y,Y,N,Y,Y,Y,Y,Y,N,N,N,Y,N,Y,N,Y,Y,Y,N,N,2022-11-16,354.82 ㎡,"2,978.05 ㎡"
벤처스페이스 오피스 4인실,서울특별시,강남구,역삼동,,831-18 번지,강남대로,342 번,37.49368428,127.0302202,6242,서울특별시 강남구 강남대로 342,서울특별시 강남구 역삼동 831-18,59000,일,독립오피스,1명 ~ 5명,09:00 ~ 22:00,09:00 ~ 22:00,09:00 ~ 22:00,09:00 ~ 22:00,09:00 ~ 22:00,09:00 ~ 22:00,09:00 ~ 22:00,Y,N,Y,Y,N,Y,Y,Y,Y,Y,N,N,N,Y,N,Y,N,Y,Y,Y,N,N,2022-11-16,354.82 ㎡,"2,978.05 ㎡"
벤처스페이스 오피스 5인실,서울특별시,강남구,역삼동,,831-18 번지,강남대로,342 번,37.49368428,127.0302202,6242,서울특별시 강남구 강남대로 342,서울특별시 강남구 역삼동 831-18,59000,일,독립오피스,1명 ~ 5명,09:00 ~ 22:00,09:00 ~ 22:00,09:00 ~ 22:00,09:00 ~ 22:00,09:00 ~ 22:00,09:00 ~ 22:00,09:00 ~ 22:00,Y,N,Y,Y,N,Y,Y,Y,Y,Y,N,N,N,Y,N,Y,N,Y,Y,Y,N,N,2022-11-16,354.82 ㎡,"2,978.05 ㎡"
벤처스페이스 오피스 6인실,서울특별시,강남구,역삼동,,831-18 번지,강남대로,342 번,37.49368428,127.0302202,6242,서울특별시 강남구 강남대로 342,서울특별시 강남구 역삼동 831-18,88000,일,독립오피스,1명 ~ 6명,09:00 ~ 22:00,09:00 ~ 22:00,09:00 ~ 22:00,09:00 ~ 22:00,09:00 ~ 22:00,09:00 ~ 22:00,09:00 ~ 22:00,Y,N,Y,Y,N,Y,Y,Y,Y,Y,N,N,N,Y,N,Y,N,Y,Y,Y,N,N,2022-11-16,354.82 ㎡,"2,978.05 ㎡"
벤처스페이스 오피스 7인실,서울특별시,강남구,역삼동,,831-18 번지,강남대로,342 번,37.49368428,127.0302202,6242,서울특별시 강남구 강남대로 342,서울특별시 강남구 역삼동 831-18,99000,일,독립오피스,1명 ~ 8명,09:00 ~ 22:00,09:00 ~ 22:00,09:00 ~ 22:00,09:00 ~ 22:00,09:00 ~ 22:00,09:00 ~ 22:00,09:00 ~ 22:00,Y,N,Y,Y,N,Y,Y,Y,Y,Y,N,N,N,Y,N,Y,N,Y,Y,Y,N,N,2022-11-16,354.82 ㎡,"2,978.05 ㎡"
보라매 카페24 창업센터 1인실,서울특별시,영등포구,신길동,,679 번지,여의대방로,171 번,37.50240551,126.9209485,7391,서울특별시 영등포구 여의대방로 171,서울특별시 영등포구 신길동 679,297000,월,독립오피스,1명 ~ 1명,00:00 ~ 24:00,00:00 ~ 24:00,00:00 ~ 24:00,00:00 ~ 24:00,00:00 ~ 24:00,00:00 ~ 24:00,00:00 ~ 24:00,Y,N,Y,Y,Y,Y,Y,Y,N,Y,N,Y,N,Y,N,N,N,N,Y,Y,N,Y,2022-11-16,- ㎡,- ㎡
보라매 카페24 창업센터 2인실,서울특별시,영등포구,신길동,,679 번지,여의대방로,171 번,37.50240551,126.9209485,7391,서울특별시 영등포구 여의대방로 171,서울특별시 영등포구 신길동 679,230000,월,독립오피스,1명 ~ 2명,00:00 ~ 24:00,00:00 ~ 24:00,00:00 ~ 24:00,00:00 ~ 24:00,00:00 ~ 24:00,00:00 ~ 24:00,00:00 ~ 24:00,Y,N,Y,Y,Y,Y,Y,Y,N,Y,N,Y,N,Y,N,N,N,N,Y,Y,N,Y,2022-11-16,- ㎡,- ㎡
보라매 카페24 창업센터 4인실,서울특별시,영등포구,신길동,,679 번지,여의대방로,171 번,37.50240551,126.9209485,7391,서울특별시 영등포구 여의대방로 171,서울특별시 영등포구 신길동 679,200000,월,독립오피스,1명 ~ 4명,00:00 ~ 24:00,00:00 ~ 24:00,00:00 ~ 24:00,00:00 ~ 24:00,00:00 ~ 24:00,00:00 ~ 24:00,00:00 ~ 24:00,Y,N,Y,Y,Y,Y,Y,Y,N,Y,N,Y,N,Y,N,N,N,N,Y,Y,N,Y,2022-11-16,- ㎡,- ㎡
부천소호사무실 - U.S.B,경기도,부천시,심곡본동,,746 번지,경인로,264 번,37.4826467,126.784834,14752,경기도 부천시 경인로 264,경기도 부천시 심곡본동 746,450000,월,독립오피스,1명 ~ 6명,00:00 ~ 24:00,00:00 ~ 24:00,00:00 ~ 24:00,00:00 ~ 24:00,00:00 ~ 24:00,00:00 ~ 24:00,00:00 ~ 24:00,Y,Y,Y,Y,Y,Y,Y,Y,N,Y,Y,Y,N,Y,N,Y,N,N,N,Y,N,Y,2022-11-16,612.73 ㎡,"5,909.75 ㎡"
분당소호사무실퍼스트비즈니스센터3인,경기도,성남시 분당구,서현동,,260-4 번지,황새울로335번길,8 번,37.38660438,127.1221266,13590,경기도 성남시 분당구 황새울로335번길 8,경기도 성남시 분당구 서현동 260-4,660000,월,독립오피스,1명 ~ 3명,00:00 ~ 24:00,00:00 ~ 24:00,00:00 ~ 24:00,00:00 ~ 24:00,00:00 ~ 24:00,00:00 ~ 24:00,00:00 ~ 24:00,Y,Y,Y,Y,N,Y,Y,Y,N,Y,Y,N,N,Y,N,N,Y,Y,Y,Y,N,Y,2022-11-16,608.58 ㎡,"2,906.56 ㎡"
블랭크스페이스 4인실,서울특별시,서초구,서초동,,1338-20 번지,강남대로,305 번,37.4901825,127.0306418,6628,서울특별시 서초구 강남대로 305,서울특별시 서초구 서초동 1338-20,1100000,월,독립오피스,1명 ~ 4명,00:00 ~ 24:00,00:00 ~ 24:00,00:00 ~ 24:00,00:00 ~ 24:00,00:00 ~ 24:00,00:00 ~ 24:00,00:00 ~ 24:00,Y,Y,Y,N,Y,Y,Y,Y,N,Y,Y,Y,N,Y,N,Y,N,Y,N,Y,N,N,2022-11-16,"1,775.04 ㎡","43,338.75 ㎡"
비상 1인 사무실,대구광역시,달서구,상인동,,1438-6 번지,상원로,82 번,35.81629384,128.5334046,42787,대구광역시 달서구 상원로 82,대구광역시 달서구 상인동 1438-6,190000,월,독립오피스,1명 ~ 1명,00:00 ~ 24:00,00:00 ~ 24:00,00:00 ~ 24:00,00:00 ~ 24:00,00:00 ~ 24:00,00:00 ~ 24:00,00:00 ~ 24:00,Y,N,N,N,Y,Y,N,N,N,Y,N,N,N,N,N,N,N,N,N,Y,N,N,2022-11-16,151.55 ㎡,494.84 ㎡
"비욘드스페이스 5층, 단독공간",서울특별시,중랑구,망우동,,460-27 번지,봉우재로,232 번,37.59510146,127.0986127,2173,서울특별시 중랑구 봉우재로 232,서울특별시 중랑구 망우동 460-27,550000,월,독립오피스,1명 ~ 3명,00:00 ~ 24:00,00:00 ~ 24:00,00:00 ~ 24:00,00:00 ~ 24:00,00:00 ~ 24:00,00:00 ~ 24:00,00:00 ~ 24:00,Y,N,Y,N,Y,Y,N,Y,N,Y,Y,Y,N,Y,N,Y,N,N,N,Y,N,N,2022-11-16,293.47 ㎡,"1,268.89 ㎡"
비전포트 공유오피스,서울특별시,용산구,원효로1동,,41 번지,원효로90길,11 번,37.5403958,126.9697185,4315,서울특별시 용산구 원효로90길 11,서울특별시 용산구 원효로1가 41,450000,월,독립오피스,1명 ~ 280명,00:00 ~ 24:00,00:00 ~ 24:00,00:00 ~ 24:00,00:00 ~ 24:00,00:00 ~ 24:00,00:00 ~ 24:00,00:00 ~ 24:00,Y,Y,Y,N,Y,Y,Y,Y,N,Y,Y,Y,N,Y,N,N,Y,Y,Y,Y,N,Y,2022-11-16,"1,214.13 ㎡","39,009.8 ㎡"
비즈니스 센터 함께 (4인실),서울특별시,강남구,삼성동,,142-43 번지,테헤란로,419 번,37.50587012,127.0521804,6160,서울특별시 강남구 테헤란로 419,서울특별시 강남구 삼성동 142-43,1430000,월,독립오피스,4명 ~ 5명,00:00 ~ 24:00,00:00 ~ 24:00,00:00 ~ 24:00,00:00 ~ 24:00,00:00 ~ 24:00,00:00 ~ 24:00,00:00 ~ 24:00,Y,Y,Y,Y,Y,Y,Y,Y,N,Y,Y,Y,N,Y,N,Y,Y,Y,Y,Y,N,Y,2022-11-16,863.0 ㎡,"24,179.46 ㎡"
비즈니스센터 함께 (2인실),서울특별시,강남구,삼성동,,142-43 번지,테헤란로,419 번,37.50587012,127.0521804,6160,서울특별시 강남구 테헤란로 419,서울특별시 강남구 삼성동 142-43,770000,월,독립오피스,1명 ~ 2명,00:00 ~ 24:00,00:00 ~ 24:00,00:00 ~ 24:00,00:00 ~ 24:00,00:00 ~ 24:00,휴무일,휴무일,Y,Y,Y,N,Y,Y,Y,Y,Y,Y,Y,Y,N,Y,N,N,Y,N,N,Y,N,N,2022-11-16,863.0 ㎡,"24,179.46 ㎡"
비즈니스센터 함께(3인실),서울특별시,강남구,삼성동,,142-43 번지,테헤란로,419 번,37.50587012,127.0521804,6160,서울특별시 강남구 테헤란로 419,서울특별시 강남구 삼성동 142-43,1045000,월,독립오피스,1명 ~ 3명,00:00 ~ 24:00,00:00 ~ 24:00,00:00 ~ 24:00,00:00 ~ 24:00,00:00 ~ 24:00,휴무일,휴무일,Y,Y,Y,N,Y,Y,Y,Y,Y,Y,Y,Y,N,Y,N,N,Y,N,N,Y,N,N,2022-11-16,863.0 ㎡,"24,179.46 ㎡"
비즈센트럴 비즈니스센터 - 1인실,서울특별시,영등포구,영등포동,,74-1 번지,영신로38길,18 번,37.52069454,126.9031514,7251,서울특별시 영등포구 영신로38길 18,서울특별시 영등포구 영등포동6가 74-1,220000,월,독립오피스,1명 ~ 1명,00:00 ~ 24:00,00:00 ~ 24:00,00:00 ~ 24:00,00:00 ~ 24:00,00:00 ~ 24:00,00:00 ~ 24:00,00:00 ~ 24:00,Y,Y,Y,N,N,Y,Y,Y,N,N,N,N,N,Y,N,N,N,Y,Y,Y,N,N,2022-11-16,382.57 ㎡,"2,936.35 ㎡"
비즈센트럴 비즈니스센터 - 2인실,서울특별시,영등포구,영등포동,,74-1 번지,영신로38길,18 번,37.52069454,126.9031514,7251,서울특별시 영등포구 영신로38길 18,서울특별시 영등포구 영등포동6가 74-1,275000,월,독립오피스,1명 ~ 3명,00:00 ~ 24:00,00:00 ~ 24:00,00:00 ~ 24:00,00:00 ~ 24:00,00:00 ~ 24:00,00:00 ~ 24:00,00:00 ~ 24:00,Y,Y,Y,N,N,Y,Y,Y,N,N,N,N,N,Y,N,N,N,Y,Y,Y,N,N,2022-11-16,382.57 ㎡,"2,936.35 ㎡"
비즈센트럴 비즈니스센터 - 3인실,서울특별시,영등포구,영등포동,,74-1 번지,영신로38길,18 번,37.52069454,126.9031514,7251,서울특별시 영등포구 영신로38길 18,서울특별시 영등포구 영등포동6가 74-1,385000,월,독립오피스,1명 ~ 3명,00:00 ~ 24:00,00:00 ~ 24:00,00:00 ~ 24:00,00:00 ~ 24:00,00:00 ~ 24:00,00:00 ~ 24:00,00:00 ~ 24:00,Y,Y,Y,N,N,Y,Y,Y,N,N,N,N,N,Y,N,N,N,Y,Y,Y,N,N,2022-11-16,382.57 ㎡,"2,936.35 ㎡"
비즈센트럴 비즈니스센터 - 4인실,서울특별시,영등포구,영등포동,,74-1 번지,영신로38길,18 번,37.52069454,126.9031514,7251,서울특별시 영등포구 영신로38길 18,서울특별시 영등포구 영등포동6가 74-1,880000,월,독립오피스,1명 ~ 4명,00:00 ~ 24:00,00:00 ~ 24:00,00:00 ~ 24:00,00:00 ~ 24:00,00:00 ~ 24:00,00:00 ~ 24:00,00:00 ~ 24:00,Y,Y,Y,N,N,Y,Y,Y,N,N,N,N,N,Y,N,Y,N,Y,Y,Y,N,N,2022-11-16,382.57 ㎡,"2,936.35 ㎡"
비즈센트럴 비즈니스센터 - 4인실,서울특별시,영등포구,영등포동,,74-1 번지,영신로38길,18 번,37.52069454,126.9031514,7251,서울특별시 영등포구 영신로38길 18,서울특별시 영등포구 영등포동6가 74-1,440000,월,독립오피스,1명 ~ 4명,00:00 ~ 24:00,00:00 ~ 24:00,00:00 ~ 24:00,00:00 ~ 24:00,00:00 ~ 24:00,00:00 ~ 24:00,00:00 ~ 24:00,Y,Y,Y,N,N,Y,Y,Y,N,N,N,N,N,Y,N,N,N,Y,Y,Y,N,N,2022-11-16,382.57 ㎡,"2,936.35 ㎡"
비즈센트럴 비즈니스센터 -3인실,서울특별시,영등포구,영등포동,,74-1 번지,영신로38길,18 번,37.52069454,126.9031514,7251,서울특별시 영등포구 영신로38길 18,서울특별시 영등포구 영등포동6가 74-1,550000,월,독립오피스,1명 ~ 3명,00:00 ~ 24:00,00:00 ~ 24:00,00:00 ~ 24:00,00:00 ~ 24:00,00:00 ~ 24:00,00:00 ~ 24:00,00:00 ~ 24:00,Y,Y,Y,N,N,Y,Y,Y,N,N,N,N,N,N,N,N,N,Y,Y,Y,N,N,2022-11-16,382.57 ㎡,"2,936.35 ㎡"
비즈앤코 비즈니스 센터-1인실,서울특별시,송파구,방이동,,62-8 번지,오금로13길,9 번,37.51343539,127.1086987,5548,서울특별시 송파구 오금로13길 9,서울특별시 송파구 방이동 62-8,330000,월,독립오피스,1명 ~ 1명,00:00 ~ 24:00,00:00 ~ 24:00,00:00 ~ 24:00,00:00 ~ 24:00,00:00 ~ 24:00,00:00 ~ 24:00,00:00 ~ 24:00,Y,N,Y,N,Y,Y,Y,Y,N,Y,N,N,N,Y,N,Y,N,N,N,Y,N,N,2022-11-16,274.43 ㎡,"1,683.74 ㎡"
비즈앤코 비즈니스 센터-2인실,서울특별시,송파구,방이동,,62-8 번지,오금로13길,9 번,37.51343539,127.1086987,5548,서울특별시 송파구 오금로13길 9,서울특별시 송파구 방이동 62-8,440000,월,독립오피스,1명 ~ 2명,00:00 ~ 24:00,00:00 ~ 24:00,00:00 ~ 24:00,00:00 ~ 24:00,00:00 ~ 24:00,00:00 ~ 24:00,00:00 ~ 24:00,Y,N,Y,N,Y,Y,Y,Y,N,Y,N,N,N,Y,N,Y,N,N,N,Y,N,N,2022-11-16,274.43 ㎡,"1,683.74 ㎡"
비즈앤코 비즈니스 센터-3인실,서울특별시,송파구,방이동,,62-8 번지,오금로13길,9 번,37.51343539,127.1086987,5548,서울특별시 송파구 오금로13길 9,서울특별시 송파구 방이동 62-8,495000,월,독립오피스,2명 ~ 3명,00:00 ~ 24:00,00:00 ~ 24:00,00:00 ~ 24:00,00:00 ~ 24:00,00:00 ~ 24:00,00:00 ~ 24:00,00:00 ~ 24:00,Y,N,Y,N,Y,Y,Y,Y,N,Y,N,N,N,Y,N,Y,N,N,N,Y,N,N,2022-11-16,274.43 ㎡,"1,683.74 ㎡"
비즈앤코 비즈니스 센터-4인실,서울특별시,송파구,방이동,,62-8 번지,오금로13길,9 번,37.51343539,127.1086987,5548,서울특별시 송파구 오금로13길 9,서울특별시 송파구 방이동 62-8,550000,월,독립오피스,1명 ~ 4명,00:00 ~ 24:00,00:00 ~ 24:00,00:00 ~ 24:00,00:00 ~ 24:00,00:00 ~ 24:00,00:00 ~ 24:00,00:00 ~ 24:00,Y,N,Y,N,Y,Y,Y,Y,N,Y,N,N,N,Y,N,Y,N,N,N,Y,N,N,2022-11-16,274.43 ㎡,"1,683.74 ㎡"
비즈앤코 비즈니스 센터-비상주,서울특별시,송파구,방이동,,62-8 번지,오금로13길,9 번,37.51343539,127.1086987,5548,서울특별시 송파구 오금로13길 9,서울특별시 송파구 방이동 62-8,88000,월,독립오피스,1명 ~ 4명,00:00 ~ 24:00,00:00 ~ 24:00,00:00 ~ 24:00,00:00 ~ 24:00,00:00 ~ 24:00,00:00 ~ 24:00,00:00 ~ 24:00,Y,N,Y,N,Y,Y,Y,Y,N,Y,N,N,N,Y,N,Y,N,N,N,Y,N,N,2022-11-16,274.43 ㎡,"1,683.74 ㎡"
비즈업오피스 1호점(안산_2인실),경기도,안산시 단원구,원곡동,,994-5 번지,풍전로,7 번,37.32259221,126.7877062,15431,경기도 안산시 단원구 풍전로 7,경기도 안산시 단원구 원곡동 994-5,385000,월,독립오피스,2명 ~ 2명,05:00 ~ 23:30,05:00 ~ 23:30,05:00 ~ 23:30,05:00 ~ 23:30,05:00 ~ 23:30,05:00 ~ 23:30,05:00 ~ 23:30,Y,N,Y,Y,Y,Y,Y,N,N,Y,Y,N,N,Y,N,N,N,N,N,Y,N,Y,2022-11-16,0.0 ㎡,"38,936.2 ㎡"
비즈업오피스 2호점(용인_1인실),경기도,용인시 기흥구,구갈동,,595-1 번지,강남로,6 번,37.27068534,127.1271309,16978,경기도 용인시 기흥구 강남로 6,경기도 용인시 기흥구 구갈동 595-1,330000,월,독립오피스,1명 ~ 2명,00:00 ~ 24:00,00:00 ~ 24:00,00:00 ~ 24:00,00:00 ~ 24:00,00:00 ~ 24:00,00:00 ~ 24:00,00:00 ~ 24:00,Y,N,Y,Y,Y,Y,Y,Y,N,Y,Y,Y,N,Y,N,Y,N,Y,Y,Y,N,Y,2022-11-16,"1,210.94 ㎡","5,775.96 ㎡"
비즈업오피스 3호점 수원화성_3인,경기도,화성시,반월동,,869 번지,영통로,59 번,37.23511492,127.0619193,18378,경기도 화성시 영통로 59,경기도 화성시 반월동 869,440000,월,독립오피스,1명 ~ 3명,00:00 ~ 24:00,00:00 ~ 24:00,00:00 ~ 24:00,00:00 ~ 24:00,00:00 ~ 24:00,00:00 ~ 24:00,00:00 ~ 24:00,Y,N,Y,N,Y,Y,N,Y,N,Y,Y,N,N,Y,N,N,N,Y,Y,Y,N,N,2022-11-16,"2,312.34 ㎡","11,740.55 ㎡"
비즈업오피스 3호점 수원화성_3인,경기도,화성시,반월동,,869 번지,영통로,59 번,37.23511492,127.0619193,18378,경기도 화성시 영통로 59,경기도 화성시 반월동 869,385000,월,독립오피스,1명 ~ 3명,00:00 ~ 24:00,00:00 ~ 24:00,00:00 ~ 24:00,00:00 ~ 24:00,00:00 ~ 24:00,00:00 ~ 24:00,00:00 ~ 24:00,Y,N,Y,N,Y,Y,N,Y,N,Y,Y,N,N,Y,N,N,N,Y,N,Y,N,N,2022-11-16,"2,312.34 ㎡","11,740.55 ㎡"
비즈이즈 부평센터 1인실,인천광역시,부평구,삼산동,,460-7 번지,충선로203번길,16 번,37.50755766,126.7353935,21344,인천광역시 부평구 충선로203번길 16,인천광역시 부평구 삼산동 460-7,200000,월,독립오피스,1명 ~ 1명,00:00 ~ 24:00,00:00 ~ 24:00,00:00 ~ 24:00,00:00 ~ 24:00,00:00 ~ 24:00,00:00 ~ 24:00,00:00 ~ 24:00,Y,Y,Y,N,Y,Y,Y,Y,N,Y,N,Y,N,Y,N,Y,N,Y,N,Y,N,N,2022-11-16,470.94 ㎡,"4,879.75 ㎡"
비즈이즈센터 마곡점 1인실 내측,서울특별시,강서구,마곡동,,772-5 번지,마곡중앙6로,45 번,37.56062356,126.8324001,7802,서울특별시 강서구 마곡중앙6로 45,서울특별시 강서구 마곡동 772-5,330000,월,독립오피스,1명 ~ 1명,00:00 ~ 24:00,00:00 ~ 24:00,00:00 ~ 24:00,00:00 ~ 24:00,00:00 ~ 24:00,00:00 ~ 24:00,00:00 ~ 24:00,Y,Y,Y,Y,N,Y,Y,Y,N,Y,Y,N,N,Y,N,Y,N,Y,N,Y,N,N,2022-11-16,- ㎡,- ㎡
비즈이즈센터 마곡점 1인실 창측,서울특별시,강서구,마곡동,,772-5 번지,마곡중앙6로,45 번,37.56062356,126.8324001,7802,서울특별시 강서구 마곡중앙6로 45,서울특별시 강서구 마곡동 772-5,400000,월,독립오피스,1명 ~ 1명,00:00 ~ 24:00,00:00 ~ 24:00,00:00 ~ 24:00,00:00 ~ 24:00,00:00 ~ 24:00,00:00 ~ 24:00,00:00 ~ 24:00,Y,Y,Y,Y,N,Y,Y,Y,N,Y,Y,N,N,Y,N,Y,N,Y,N,Y,N,N,2022-11-16,- ㎡,- ㎡
비즈이즈센터 마곡점 2인실 내측,서울특별시,강서구,마곡동,,772-5 번지,마곡중앙6로,45 번,37.56062356,126.8324001,7802,서울특별시 강서구 마곡중앙6로 45,서울특별시 강서구 마곡동 772-5,500000,월,독립오피스,2명 ~ 2명,00:00 ~ 24:00,00:00 ~ 24:00,00:00 ~ 24:00,00:00 ~ 24:00,00:00 ~ 24:00,00:00 ~ 24:00,00:00 ~ 24:00,Y,Y,Y,Y,N,Y,Y,Y,N,Y,Y,N,N,Y,N,Y,N,Y,N,Y,N,N,2022-11-16,- ㎡,- ㎡
비즈이즈센터 마곡점 2인실 창측,서울특별시,강서구,마곡동,,772-5 번지,마곡중앙6로,45 번,37.56062356,126.8324001,7802,서울특별시 강서구 마곡중앙6로 45,서울특별시 강서구 마곡동 772-5,660000,월,독립오피스,2명 ~ 2명,00:00 ~ 24:00,00:00 ~ 24:00,00:00 ~ 24:00,00:00 ~ 24:00,00:00 ~ 24:00,00:00 ~ 24:00,00:00 ~ 24:00,Y,Y,Y,Y,N,Y,Y,Y,N,Y,Y,N,N,Y,N,Y,N,Y,N,Y,N,N,2022-11-16,- ㎡,- ㎡
비즈이즈센터 마곡점 3인실,서울특별시,강서구,마곡동,,772-5 번지,마곡중앙6로,45 번,37.56062356,126.8324001,7802,서울특별시 강서구 마곡중앙6로 45,서울특별시 강서구 마곡동 772-5,770000,월,독립오피스,3명 ~ 3명,00:00 ~ 24:00,00:00 ~ 24:00,00:00 ~ 24:00,00:00 ~ 24:00,00:00 ~ 24:00,00:00 ~ 24:00,00:00 ~ 24:00,Y,Y,Y,Y,N,Y,Y,Y,N,Y,Y,N,N,Y,N,Y,N,Y,N,Y,N,N,2022-11-16,- ㎡,- ㎡
비즈이즈센터 마곡점 4인실,서울특별시,강서구,마곡동,,772-5 번지,마곡중앙6로,45 번,37.56062356,126.8324001,7802,서울특별시 강서구 마곡중앙6로 45,서울특별시 강서구 마곡동 772-5,880000,월,독립오피스,4명 ~ 4명,00:00 ~ 24:00,00:00 ~ 24:00,00:00 ~ 24:00,00:00 ~ 24:00,00:00 ~ 24:00,00:00 ~ 24:00,00:00 ~ 24:00,Y,Y,Y,Y,N,Y,Y,Y,N,Y,Y,N,N,Y,N,Y,N,Y,N,Y,N,N,2022-11-16,- ㎡,- ㎡
비즈타운 가락-BIZTOWN3인실,서울특별시,송파구,가락동,,99-5 번지,중대로,97 번,37.49316946,127.1193172,5719,서울특별시 송파구 중대로 97,서울특별시 송파구 가락동 99-5,730000,월,독립오피스,1명 ~ 3명,00:00 ~ 24:00,00:00 ~ 24:00,00:00 ~ 24:00,00:00 ~ 24:00,00:00 ~ 24:00,00:00 ~ 24:00,00:00 ~ 24:00,Y,N,Y,Y,N,Y,Y,Y,N,Y,Y,N,N,Y,N,Y,Y,Y,Y,Y,N,Y,2022-11-16,585.02 ㎡,"13,448.03 ㎡"
비즈테이블,제주특별자치도,제주시,아라이동,,3001-4 번지,승천로,57 번,33.49352232,126.5419453,63227,제주특별자치도 제주시 승천로 57,제주특별자치도 제주시 아라이동 3001-4,495000,월,독립오피스,2명 ~ 2명,08:30 ~ 18:00,09:00 ~ 22:00,09:00 ~ 22:00,09:00 ~ 22:00,09:00 ~ 22:00,휴무일,휴무일,Y,Y,Y,N,Y,Y,Y,Y,N,Y,Y,Y,N,Y,Y,N,Y,N,N,Y,N,N,2022-11-16,420.03 ㎡,"2,229.49 ㎡"
산본공유오피스석세스스페이스 3인실,경기도,군포시,산본동,,1138-2 번지,산본로323번길,26-22 번,37.35938954,126.9307652,15865,경기도 군포시 산본로323번길 26-22,경기도 군포시 산본동 1138-2,40000,일,독립오피스,1명 ~ 3명,00:00 ~ 24:00,00:00 ~ 24:00,00:00 ~ 24:00,00:00 ~ 24:00,00:00 ~ 24:00,00:00 ~ 24:00,00:00 ~ 24:00,Y,N,Y,Y,Y,Y,N,Y,N,Y,N,Y,N,Y,N,Y,N,N,Y,Y,N,N,2022-11-16,361.5 ㎡,"2,976.45 ㎡"
삼성글로벌비즈니스센터,서울특별시,강남구,삼성동,,107 번지,영동대로,602 번,37.51468433,127.0605801,6083,서울특별시 강남구 영동대로 602,서울특별시 강남구 삼성동 107,495000,월,독립오피스,1명 ~ 3명,09:00 ~ 22:00,09:00 ~ 22:00,09:00 ~ 22:00,09:00 ~ 22:00,09:00 ~ 22:00,휴무일,휴무일,Y,Y,Y,N,Y,Y,Y,Y,N,Y,Y,Y,N,Y,N,N,N,N,Y,Y,N,N,2022-11-16,810.05 ㎡,"14,095.16 ㎡"
삼성사무실,서울특별시,강남구,삼성동,,168 번지,영동대로,510 번,37.51054141,127.062845,6173,서울특별시 강남구 영동대로 510,서울특별시 강남구 삼성동 168,440000,월,독립오피스,1명 ~ 2명,00:00 ~ 24:00,00:00 ~ 24:00,00:00 ~ 24:00,00:00 ~ 24:00,00:00 ~ 24:00,00:00 ~ 24:00,00:00 ~ 24:00,Y,N,N,N,Y,Y,N,Y,N,Y,Y,N,N,Y,N,N,N,N,N,Y,N,N,2022-11-16,383.14 ㎡,"2,086.26 ㎡"
삼청동 쉐어오피스,서울특별시,종로구,삼청동,,27-8 번지,북촌로,125-6 번,37.58697873,126.9831682,3053,서울특별시 종로구 북촌로 125-6,서울특별시 종로구 삼청동 27-8,330000,월,독립오피스,1명 ~ 7명,09:00 ~ 18:00,09:00 ~ 18:00,09:00 ~ 18:00,09:00 ~ 18:00,09:00 ~ 18:00,휴무일,휴무일,Y,N,Y,N,Y,Y,Y,Y,Y,Y,N,N,N,Y,N,Y,Y,Y,Y,Y,N,N,2022-11-16,168.14 ㎡,787.56 ㎡
상동역 쾌적한 단독오피스 소봄,경기도,부천시,상동,,538-1 번지,송내대로265번길,17 번,37.50686573,126.7579697,14542,경기도 부천시 송내대로265번길 17,경기도 부천시 상동 538-1,330000,월,독립오피스,1명 ~ 3명,00:00 ~ 24:00,00:00 ~ 24:00,00:00 ~ 24:00,00:00 ~ 24:00,00:00 ~ 24:00,00:00 ~ 24:00,00:00 ~ 24:00,Y,Y,N,N,Y,Y,N,Y,N,Y,N,N,N,N,N,N,N,N,N,Y,N,N,2022-11-16,"1,108.24 ㎡","8,923.34 ㎡"
상상공간비즈센터,서울특별시,서대문구,창천동,,503-8 번지,신촌로,25 번,37.55799702,126.9296313,3785,서울특별시 서대문구 신촌로 25,서울특별시 서대문구 창천동 503-8,220000,월,독립오피스,1명 ~ 1명,00:00 ~ 24:00,00:00 ~ 24:00,00:00 ~ 24:00,00:00 ~ 24:00,00:00 ~ 24:00,00:00 ~ 24:00,00:00 ~ 24:00,Y,N,Y,Y,Y,Y,Y,Y,N,Y,Y,Y,N,Y,N,N,N,N,Y,Y,N,N,2022-11-16,0.0 ㎡,"1,818.16 ㎡"
상수역1분거리 독립 오피스,서울특별시,마포구,상수동,,313-3 번지,독막로15길,3-12 번,37.54847801,126.9215265,4049,서울특별시 마포구 독막로15길 3-12,서울특별시 마포구 상수동 313-3,450000,월,독립오피스,1명 ~ 4명,휴무일,휴무일,08:00 ~ 22:00,08:00 ~ 22:00,휴무일,휴무일,휴무일,Y,N,N,N,Y,Y,N,N,Y,Y,N,N,N,N,Y,N,N,N,Y,Y,N,N,2022-11-16,180.87 ㎡,930.76 ㎡
서초 아우렌 오피스,서울특별시,서초구,서초동,,1618-24 번지,서초중앙로8길,89-2 번,37.48717317,127.0204551,6641,서울특별시 서초구 서초중앙로8길 89-2,서울특별시 서초구 서초동 1618-24,220000,월,독립오피스,1명 ~ 3명,00:00 ~ 24:00,00:00 ~ 24:00,00:00 ~ 24:00,00:00 ~ 24:00,00:00 ~ 24:00,00:00 ~ 24:00,00:00 ~ 24:00,Y,Y,Y,Y,N,Y,Y,Y,N,Y,N,N,N,Y,N,Y,N,N,N,Y,N,N,2022-11-16,276.78 ㎡,"1,380.14 ㎡"
서초(2-3인).탑비즈플레이스,서울특별시,서초구,서초동,,1623-12 번지,서초중앙로,56 번,37.48689948,127.0154594,6640,서울특별시 서초구 서초중앙로 56,서울특별시 서초구 서초동 1623-12,660000,월,독립오피스,1명 ~ 3명,00:00 ~ 24:00,00:00 ~ 24:00,00:00 ~ 24:00,00:00 ~ 24:00,00:00 ~ 24:00,00:00 ~ 24:00,00:00 ~ 24:00,Y,Y,Y,Y,Y,Y,Y,Y,N,Y,Y,Y,N,Y,N,Y,Y,Y,Y,Y,N,Y,2022-11-16,261.58 ㎡,"2,197.41 ㎡"
석세스스페이스 2인실(창O)_기본계약(수도설치 가능공간),경기도,군포시,산본동,,1138-2 번지,산본로323번길,26-22 번,37.35938954,126.9307652,15865,경기도 군포시 산본로323번길 26-22,경기도 군포시 산본동 1138-2,40000,일,독립오피스,1명 ~ 2명,00:00 ~ 24:00,00:00 ~ 24:00,00:00 ~ 24:00,00:00 ~ 24:00,00:00 ~ 24:00,00:00 ~ 24:00,00:00 ~ 24:00,Y,N,Y,Y,Y,Y,N,Y,N,Y,N,Y,N,Y,N,Y,N,N,Y,Y,N,N,2022-11-16,361.5 ㎡,"2,976.45 ㎡"
석세스스페이스 내측2인실(창x),경기도,군포시,산본동,,1138-2 번지,산본로323번길,26-22 번,37.35938954,126.9307652,15865,경기도 군포시 산본로323번길 26-22,경기도 군포시 산본동 1138-2,40000,일,독립오피스,1명 ~ 2명,00:00 ~ 24:00,00:00 ~ 24:00,00:00 ~ 24:00,00:00 ~ 24:00,00:00 ~ 24:00,00:00 ~ 24:00,00:00 ~ 24:00,Y,N,Y,Y,Y,Y,N,Y,N,Y,N,Y,N,Y,N,Y,N,N,Y,Y,N,N,2022-11-16,361.5 ㎡,"2,976.45 ㎡"
석세스스페이스 외측2인실_기본계약,경기도,군포시,산본동,,1138-2 번지,산본로323번길,26-22 번,37.35938954,126.9307652,15865,경기도 군포시 산본로323번길 26-22,경기도 군포시 산본동 1138-2,40000,일,독립오피스,1명 ~ 2명,00:00 ~ 24:00,00:00 ~ 24:00,00:00 ~ 24:00,00:00 ~ 24:00,00:00 ~ 24:00,00:00 ~ 24:00,00:00 ~ 24:00,Y,N,Y,Y,Y,Y,N,Y,N,Y,N,Y,N,Y,N,Y,N,N,Y,Y,N,N,2022-11-16,361.5 ㎡,"2,976.45 ㎡"
선릉 공유오피스 더공간 (코워킹스페이스),서울특별시,강남구,대치동,,890-41 번지,테헤란로70길,14-10 번,37.50438925,127.0527431,6193,서울특별시 강남구 테헤란로70길 14-10,서울특별시 강남구 대치동 890-41,660000,월,독립오피스,1명 ~ 2명,00:00 ~ 24:00,00:00 ~ 24:00,00:00 ~ 24:00,00:00 ~ 24:00,00:00 ~ 24:00,00:00 ~ 24:00,00:00 ~ 24:00,Y,Y,Y,N,Y,Y,Y,Y,N,Y,Y,Y,N,Y,Y,Y,Y,Y,Y,Y,N,N,2022-11-16,196.56 ㎡,"1,983.78 ㎡"
선릉 워킹데이 - 2인실,서울특별시,강남구,역삼동,,706-9 번지,언주로,432 번,37.50208441,127.0433659,6210,서울특별시 강남구 언주로 432,서울특별시 강남구 역삼동 706-9,1210000,월,독립오피스,1명 ~ 2명,00:00 ~ 24:00,00:00 ~ 24:00,00:00 ~ 24:00,00:00 ~ 24:00,00:00 ~ 24:00,00:00 ~ 24:00,00:00 ~ 24:00,Y,N,Y,N,N,Y,Y,Y,N,Y,N,N,N,Y,N,N,Y,Y,Y,Y,N,N,2022-11-16,227.42 ㎡,"3,888.73 ㎡"
선릉 워킹데이 - 4인실,서울특별시,강남구,역삼동,,706-9 번지,언주로,432 번,37.50208441,127.0433659,6210,서울특별시 강남구 언주로 432,서울특별시 강남구 역삼동 706-9,1980000,월,독립오피스,1명 ~ 4명,00:00 ~ 24:00,00:00 ~ 24:00,00:00 ~ 24:00,00:00 ~ 24:00,00:00 ~ 24:00,00:00 ~ 24:00,00:00 ~ 24:00,Y,N,Y,N,N,Y,Y,Y,N,Y,N,N,N,Y,N,N,Y,Y,Y,Y,N,N,2022-11-16,227.42 ㎡,"3,888.73 ㎡"
세컨라운드 신촌 독립오피스 B룸,서울특별시,서대문구,창천동,,112-12 번지,신촌로,51 번,37.55699161,126.9322746,3786,서울특별시 서대문구 신촌로 51,서울특별시 서대문구 창천동 112-12,20000,일,독립오피스,1명 ~ 4명,00:00 ~ 24:00,00:00 ~ 24:00,00:00 ~ 24:00,00:00 ~ 24:00,00:00 ~ 24:00,00:00 ~ 24:00,00:00 ~ 24:00,Y,N,Y,N,N,Y,N,Y,N,Y,N,Y,N,Y,N,N,N,Y,N,Y,N,N,2022-11-16,93.74 ㎡,374.96 ㎡
세컨라운드 신촌 독립오피스 C룸,서울특별시,서대문구,창천동,,112-12 번지,신촌로,51 번,37.55699161,126.9322746,3786,서울특별시 서대문구 신촌로 51,서울특별시 서대문구 창천동 112-12,20000,일,독립오피스,1명 ~ 4명,00:00 ~ 24:00,00:00 ~ 24:00,00:00 ~ 24:00,00:00 ~ 24:00,00:00 ~ 24:00,00:00 ~ 24:00,00:00 ~ 24:00,Y,N,Y,N,N,Y,N,Y,N,Y,N,Y,N,Y,N,N,N,Y,N,Y,N,N,2022-11-16,93.74 ㎡,374.96 ㎡
셀렉티드 연남,서울특별시,마포구,연남동,,223-115 번지,성미산로31길,11-14 번,37.56494534,126.9251081,3980,서울특별시 마포구 성미산로31길 11-14,서울특별시 마포구 연남동 223-115,600000,월,독립오피스,1명 ~ 1명,00:00 ~ 24:00,00:00 ~ 24:00,00:00 ~ 24:00,00:00 ~ 24:00,00:00 ~ 24:00,00:00 ~ 24:00,00:00 ~ 24:00,Y,Y,Y,N,Y,Y,N,Y,N,Y,Y,Y,N,Y,Y,N,Y,N,N,Y,N,N,2022-11-16,- ㎡,- ㎡
소서오피스 (7-2호실),경상남도,창원시 성산구,상남동,,35-3 번지,마디미로,61 번,35.21936525,128.6823146,51503,경상남도 창원시 성산구 마디미로 61,경상남도 창원시 성산구 상남동 35-3,2200000,월,독립오피스,1명 ~ 5명,08:00 ~ 22:00,08:00 ~ 22:00,08:00 ~ 22:00,08:00 ~ 22:00,08:00 ~ 22:00,08:00 ~ 22:00,휴무일,Y,Y,Y,N,Y,Y,Y,N,Y,Y,Y,Y,N,Y,N,Y,Y,Y,Y,Y,N,N,2022-11-16,674.86 ㎡,"10,346.73 ㎡"
소서오피스 (7-3호실),경상남도,창원시 성산구,상남동,,35-3 번지,마디미로,61 번,35.21936525,128.6823146,51503,경상남도 창원시 성산구 마디미로 61,경상남도 창원시 성산구 상남동 35-3,2200000,월,독립오피스,1명 ~ 5명,08:00 ~ 22:00,08:00 ~ 22:00,08:00 ~ 22:00,08:00 ~ 22:00,08:00 ~ 22:00,08:00 ~ 22:00,휴무일,Y,Y,Y,N,Y,Y,Y,N,Y,Y,Y,Y,N,Y,N,Y,Y,Y,Y,Y,N,N,2022-11-16,674.86 ㎡,"10,346.73 ㎡"
소서오피스 (7-4호실),경상남도,창원시 성산구,상남동,,35-3 번지,마디미로,61 번,35.21936525,128.6823146,51503,경상남도 창원시 성산구 마디미로 61,경상남도 창원시 성산구 상남동 35-3,2640000,월,독립오피스,1명 ~ 9명,08:00 ~ 22:00,08:00 ~ 22:00,08:00 ~ 22:00,08:00 ~ 22:00,08:00 ~ 22:00,08:00 ~ 22:00,휴무일,Y,Y,Y,N,Y,Y,Y,N,Y,Y,Y,Y,N,Y,N,Y,Y,Y,Y,Y,N,N,2022-11-16,674.86 ㎡,"10,346.73 ㎡"
소서오피스 (7-5호실),경상남도,창원시 성산구,상남동,,35-3 번지,마디미로,61 번,35.21936525,128.6823146,51503,경상남도 창원시 성산구 마디미로 61,경상남도 창원시 성산구 상남동 35-3,2310000,월,독립오피스,1명 ~ 8명,08:00 ~ 22:00,08:00 ~ 22:00,08:00 ~ 22:00,08:00 ~ 22:00,08:00 ~ 22:00,08:00 ~ 22:00,휴무일,Y,Y,Y,N,Y,Y,Y,N,Y,Y,Y,Y,N,Y,N,Y,Y,Y,Y,Y,N,N,2022-11-16,674.86 ㎡,"10,346.73 ㎡"
소서오피스 (7-6호실),경상남도,창원시 성산구,상남동,,35-3 번지,마디미로,61 번,35.21936525,128.6823146,51503,경상남도 창원시 성산구 마디미로 61,경상남도 창원시 성산구 상남동 35-3,2310000,월,독립오피스,1명 ~ 8명,08:00 ~ 22:00,08:00 ~ 22:00,08:00 ~ 22:00,08:00 ~ 22:00,08:00 ~ 22:00,08:00 ~ 22:00,휴무일,Y,Y,Y,N,Y,Y,Y,N,Y,Y,Y,Y,N,Y,N,Y,Y,Y,Y,Y,N,N,2022-11-16,674.86 ㎡,"10,346.73 ㎡"
소서오피스 (7-8호실),경상남도,창원시 성산구,상남동,,35-3 번지,마디미로,61 번,35.21936525,128.6823146,51503,경상남도 창원시 성산구 마디미로 61,경상남도 창원시 성산구 상남동 35-3,2310000,월,독립오피스,1명 ~ 8명,08:00 ~ 22:00,08:00 ~ 22:00,08:00 ~ 22:00,08:00 ~ 22:00,08:00 ~ 22:00,08:00 ~ 22:00,휴무일,Y,Y,Y,N,Y,Y,Y,N,Y,Y,Y,Y,N,Y,N,Y,Y,Y,Y,Y,N,N,2022-11-16,674.86 ㎡,"10,346.73 ㎡"
소서오피스 (8-1호실),경상남도,창원시 성산구,상남동,,35-3 번지,마디미로,61 번,35.21936525,128.6823146,51503,경상남도 창원시 성산구 마디미로 61,경상남도 창원시 성산구 상남동 35-3,1540000,월,독립오피스,1명 ~ 5명,08:00 ~ 22:00,08:00 ~ 22:00,08:00 ~ 22:00,08:00 ~ 22:00,08:00 ~ 22:00,08:00 ~ 22:00,휴무일,Y,Y,Y,N,Y,Y,Y,N,Y,Y,Y,Y,N,Y,N,Y,Y,Y,Y,Y,N,N,2022-11-16,674.86 ㎡,"10,346.73 ㎡"
소서오피스 (8-2호실),경상남도,창원시 성산구,상남동,,35-3 번지,마디미로,61 번,35.21936525,128.6823146,51503,경상남도 창원시 성산구 마디미로 61,경상남도 창원시 성산구 상남동 35-3,1001000,월,독립오피스,1명 ~ 3명,08:00 ~ 22:00,08:00 ~ 22:00,08:00 ~ 22:00,08:00 ~ 22:00,08:00 ~ 22:00,08:00 ~ 22:00,휴무일,Y,Y,Y,N,Y,Y,Y,N,Y,Y,Y,Y,N,Y,N,Y,Y,Y,Y,Y,N,N,2022-11-16,674.86 ㎡,"10,346.73 ㎡"
소서오피스(7-1호실),경상남도,창원시 성산구,상남동,,35-3 번지,마디미로,61 번,35.21936525,128.6823146,51503,경상남도 창원시 성산구 마디미로 61,경상남도 창원시 성산구 상남동 35-3,2310000,월,독립오피스,1명 ~ 8명,08:00 ~ 22:00,08:00 ~ 22:00,08:00 ~ 22:00,08:00 ~ 22:00,08:00 ~ 22:00,08:00 ~ 22:00,휴무일,Y,Y,Y,N,Y,Y,Y,N,Y,Y,Y,Y,N,Y,N,Y,Y,Y,Y,Y,N,N,2022-11-16,674.86 ㎡,"10,346.73 ㎡"
소서오피스(7-7호실),경상남도,창원시 성산구,상남동,,35-3 번지,마디미로,61 번,35.21936525,128.6823146,51503,경상남도 창원시 성산구 마디미로 61,경상남도 창원시 성산구 상남동 35-3,2310000,월,독립오피스,1명 ~ 8명,08:00 ~ 22:00,08:00 ~ 22:00,08:00 ~ 22:00,08:00 ~ 22:00,08:00 ~ 22:00,08:00 ~ 22:00,휴무일,Y,Y,Y,N,Y,Y,Y,N,Y,Y,Y,Y,N,Y,N,Y,Y,Y,Y,Y,N,N,2022-11-16,674.86 ㎡,"10,346.73 ㎡"
소서오피스(7-9호실),경상남도,창원시 성산구,상남동,,35-3 번지,마디미로,61 번,35.21936525,128.6823146,51503,경상남도 창원시 성산구 마디미로 61,경상남도 창원시 성산구 상남동 35-3,2310000,월,독립오피스,1명 ~ 8명,08:00 ~ 22:00,08:00 ~ 22:00,08:00 ~ 22:00,08:00 ~ 22:00,08:00 ~ 22:00,08:00 ~ 22:00,휴무일,Y,Y,Y,N,Y,Y,Y,N,Y,Y,Y,Y,N,Y,N,Y,Y,Y,Y,Y,N,N,2022-11-16,674.86 ㎡,"10,346.73 ㎡"
소서오피스(8-3호실),경상남도,창원시 성산구,상남동,,35-3 번지,마디미로,61 번,35.21936525,128.6823146,51503,경상남도 창원시 성산구 마디미로 61,경상남도 창원시 성산구 상남동 35-3,847000,월,독립오피스,1명 ~ 1명,08:00 ~ 22:00,08:00 ~ 22:00,08:00 ~ 22:00,08:00 ~ 22:00,08:00 ~ 22:00,08:00 ~ 22:00,휴무일,Y,Y,Y,N,Y,Y,Y,N,Y,Y,Y,Y,N,Y,N,Y,Y,Y,Y,Y,N,N,2022-11-16,674.86 ㎡,"10,346.73 ㎡"
소서오피스(8-4호실),경상남도,창원시 성산구,상남동,,35-3 번지,마디미로,61 번,35.21936525,128.6823146,51503,경상남도 창원시 성산구 마디미로 61,경상남도 창원시 성산구 상남동 35-3,1001000,월,독립오피스,1명 ~ 2명,08:00 ~ 22:00,08:00 ~ 22:00,08:00 ~ 22:00,08:00 ~ 22:00,08:00 ~ 22:00,08:00 ~ 22:00,휴무일,Y,Y,Y,N,Y,Y,Y,N,Y,Y,Y,Y,N,Y,N,Y,Y,Y,Y,Y,N,N,2022-11-16,674.86 ㎡,"10,346.73 ㎡"
소서오피스(8-5호실),경상남도,창원시 성산구,상남동,,35-3 번지,마디미로,61 번,35.21936525,128.6823146,51503,경상남도 창원시 성산구 마디미로 61,경상남도 창원시 성산구 상남동 35-3,1925000,월,독립오피스,1명 ~ 5명,08:00 ~ 22:00,08:00 ~ 22:00,08:00 ~ 22:00,08:00 ~ 22:00,08:00 ~ 22:00,08:00 ~ 22:00,휴무일,Y,Y,Y,N,Y,Y,Y,N,Y,Y,Y,Y,N,Y,N,Y,Y,Y,Y,Y,N,N,2022-11-16,674.86 ㎡,"10,346.73 ㎡"
소호114 영등포 공유오피스1인실,서울특별시,영등포구,양평1동,,15-1 번지,양산로,53 번,37.52563167,126.8889225,7271,서울특별시 영등포구 양산로 53,서울특별시 영등포구 양평동3가 15-1,220000,월,독립오피스,1명 ~ 1명,00:00 ~ 24:00,00:00 ~ 24:00,00:00 ~ 24:00,00:00 ~ 24:00,00:00 ~ 24:00,00:00 ~ 24:00,00:00 ~ 24:00,Y,Y,Y,Y,Y,Y,Y,Y,N,Y,Y,N,N,Y,N,N,N,N,N,Y,N,N,2022-11-16,"2,611.53 ㎡","29,875.94 ㎡"
소호사무실 한피스 군자점,서울특별시,광진구,군자동,,70-3 번지,군자로,156 번,37.55492967,127.0764452,4998,서울특별시 광진구 군자로 156,서울특별시 광진구 군자동 70-3,33000,월,독립오피스,1명 ~ 1명,00:00 ~ 24:00,00:00 ~ 24:00,00:00 ~ 24:00,00:00 ~ 24:00,00:00 ~ 24:00,00:00 ~ 24:00,00:00 ~ 24:00,Y,N,N,N,Y,Y,N,Y,N,Y,N,N,N,Y,N,N,N,N,Y,Y,N,N,2022-11-16,119.99 ㎡,493.45 ㎡
소호사무실 한피스 상도점,서울특별시,동작구,상도동,,456 번지,등용로,37 번,37.50587004,126.9349527,6948,서울특별시 동작구 등용로 37,서울특별시 동작구 상도동 456,165000,월,독립오피스,1명 ~ 8명,00:00 ~ 24:00,00:00 ~ 24:00,00:00 ~ 24:00,00:00 ~ 24:00,00:00 ~ 24:00,00:00 ~ 24:00,00:00 ~ 24:00,Y,N,N,N,Y,Y,N,Y,N,Y,Y,N,N,Y,N,N,N,N,N,Y,N,N,2022-11-16,"5,266.2 ㎡","77,772.84 ㎡"
송도 스마트24창업센터 3-4인실,인천광역시,연수구,송도동,,214 번지,송도미래로,30 번,37.36664055,126.6472802,21990,인천광역시 연수구 송도미래로 30,인천광역시 연수구 송도동 214,440000,월,독립오피스,1명 ~ 4명,00:00 ~ 24:00,00:00 ~ 24:00,00:00 ~ 24:00,00:00 ~ 24:00,00:00 ~ 24:00,00:00 ~ 24:00,00:00 ~ 24:00,Y,N,Y,Y,Y,Y,Y,Y,N,Y,Y,Y,N,Y,N,N,N,N,Y,Y,N,N,2022-11-16,"26,907.97 ㎡","291,184.06 ㎡"
송도비상주오피스 114소호 4만원,인천광역시,연수구,송도동,,214 번지,송도미래로,30 번,37.36664055,126.6472802,21990,인천광역시 연수구 송도미래로 30,인천광역시 연수구 송도동 214,70000,월,독립오피스,1명 ~ 3명,00:00 ~ 24:00,00:00 ~ 24:00,00:00 ~ 24:00,00:00 ~ 24:00,00:00 ~ 24:00,00:00 ~ 24:00,00:00 ~ 24:00,Y,N,Y,N,Y,Y,Y,Y,N,Y,Y,N,N,Y,N,Y,N,N,N,Y,N,N,2022-11-16,"26,907.97 ㎡","291,184.06 ㎡"
송파구 잠실 소호사무실 3인실,서울특별시,송파구,잠실동,,339-2 번지,백제고분로20길,13-8 번,37.5034052,127.0862277,5578,서울특별시 송파구 백제고분로20길 13-8,서울특별시 송파구 잠실동 339-2,440000,월,독립오피스,1명 ~ 3명,00:00 ~ 24:00,00:00 ~ 24:00,00:00 ~ 24:00,00:00 ~ 24:00,00:00 ~ 24:00,00:00 ~ 24:00,00:00 ~ 24:00,Y,N,Y,N,N,Y,Y,Y,Y,Y,Y,N,N,Y,N,N,N,N,N,Y,N,N,2022-11-16,301.32 ㎡,"2,250.53 ㎡"
송파구 잠실 소호사무실 4인실,서울특별시,송파구,잠실동,,339-2 번지,백제고분로20길,13-8 번,37.5034052,127.0862277,5578,서울특별시 송파구 백제고분로20길 13-8,서울특별시 송파구 잠실동 339-2,495000,월,독립오피스,1명 ~ 4명,00:00 ~ 24:00,00:00 ~ 24:00,00:00 ~ 24:00,00:00 ~ 24:00,00:00 ~ 24:00,00:00 ~ 24:00,00:00 ~ 24:00,Y,N,Y,N,N,Y,Y,Y,Y,Y,Y,N,N,Y,N,N,N,N,N,Y,N,N,2022-11-16,301.32 ㎡,"2,250.53 ㎡"
송파구 잠실동 소호사무실 2인실,서울특별시,송파구,잠실동,,339-2 번지,백제고분로20길,13-8 번,37.5034052,127.0862277,5578,서울특별시 송파구 백제고분로20길 13-8,서울특별시 송파구 잠실동 339-2,385000,월,독립오피스,1명 ~ 2명,00:00 ~ 24:00,00:00 ~ 24:00,00:00 ~ 24:00,00:00 ~ 24:00,00:00 ~ 24:00,00:00 ~ 24:00,00:00 ~ 24:00,Y,N,Y,N,N,Y,Y,Y,Y,Y,Y,N,N,Y,N,N,N,N,N,Y,N,N,2022-11-16,301.32 ㎡,"2,250.53 ㎡"
송파구 잠실동 소호사무실 2인실,서울특별시,송파구,잠실동,,339-2 번지,백제고분로20길,13-8 번,37.5034052,127.0862277,5578,서울특별시 송파구 백제고분로20길 13-8,서울특별시 송파구 잠실동 339-2,385000,월,독립오피스,1명 ~ 2명,00:00 ~ 24:00,00:00 ~ 24:00,00:00 ~ 24:00,00:00 ~ 24:00,00:00 ~ 24:00,00:00 ~ 24:00,00:00 ~ 24:00,Y,N,Y,N,N,Y,Y,Y,Y,Y,Y,N,N,Y,N,N,N,N,N,Y,N,N,2022-11-16,301.32 ㎡,"2,250.53 ㎡"
송파구 잠실소호사무실 1인,서울특별시,송파구,잠실동,,339-2 번지,백제고분로20길,13-8 번,37.5034052,127.0862277,5578,서울특별시 송파구 백제고분로20길 13-8,서울특별시 송파구 잠실동 339-2,275000,월,독립오피스,1명 ~ 2명,00:00 ~ 24:00,00:00 ~ 24:00,00:00 ~ 24:00,00:00 ~ 24:00,00:00 ~ 24:00,00:00 ~ 24:00,00:00 ~ 24:00,Y,N,Y,N,N,Y,Y,Y,Y,Y,Y,N,N,Y,N,N,N,N,N,Y,N,N,2022-11-16,301.32 ㎡,"2,250.53 ㎡"
슈가맨워크 구로점 2-3인실 내측,서울특별시,구로구,구로동,,603-9 번지,경인로,572 번,37.50334151,126.8810906,8213,서울특별시 구로구 경인로 572,서울특별시 구로구 구로동 603-9,525000,월,독립오피스,1명 ~ 3명,00:00 ~ 24:00,00:00 ~ 24:00,00:00 ~ 24:00,00:00 ~ 24:00,00:00 ~ 24:00,00:00 ~ 24:00,00:00 ~ 24:00,Y,N,Y,Y,N,Y,Y,Y,N,N,Y,Y,N,Y,N,N,N,Y,Y,Y,N,N,2022-11-16,"1,434.88 ㎡","18,496.28 ㎡"
슈가맨워크 구로점 2-3인실 창측,서울특별시,구로구,구로동,,603-9 번지,경인로,572 번,37.50334151,126.8810906,8213,서울특별시 구로구 경인로 572,서울특별시 구로구 구로동 603-9,630000,월,독립오피스,1명 ~ 3명,00:00 ~ 24:00,00:00 ~ 24:00,00:00 ~ 24:00,00:00 ~ 24:00,00:00 ~ 24:00,00:00 ~ 24:00,00:00 ~ 24:00,Y,N,Y,Y,N,Y,Y,Y,N,N,Y,Y,N,Y,N,N,N,Y,Y,Y,N,N,2022-11-16,"1,434.88 ㎡","18,496.28 ㎡"
슈가맨워크 구로점 3-4인실 내측,서울특별시,구로구,구로동,,603-9 번지,경인로,572 번,37.50334151,126.8810906,8213,서울특별시 구로구 경인로 572,서울특별시 구로구 구로동 603-9,760000,월,독립오피스,1명 ~ 4명,00:00 ~ 24:00,00:00 ~ 24:00,00:00 ~ 24:00,00:00 ~ 24:00,00:00 ~ 24:00,00:00 ~ 24:00,00:00 ~ 24:00,Y,N,Y,Y,N,Y,Y,Y,N,N,Y,Y,N,Y,N,N,N,Y,Y,Y,N,N,2022-11-16,"1,434.88 ㎡","18,496.28 ㎡"
슈가맨워크 구로점 3-4인실 창측,서울특별시,구로구,구로동,,603-9 번지,경인로,572 번,37.50334151,126.8810906,8213,서울특별시 구로구 경인로 572,서울특별시 구로구 구로동 603-9,780000,월,독립오피스,1명 ~ 4명,00:00 ~ 24:00,00:00 ~ 24:00,00:00 ~ 24:00,00:00 ~ 24:00,00:00 ~ 24:00,00:00 ~ 24:00,00:00 ~ 24:00,Y,N,Y,Y,N,Y,Y,Y,N,N,Y,Y,N,Y,N,N,N,Y,Y,Y,N,N,2022-11-16,"1,434.88 ㎡","18,496.28 ㎡"
슈가맨워크 구로점 4-5인실 내측,서울특별시,구로구,구로동,,603-9 번지,경인로,572 번,37.50334151,126.8810906,8213,서울특별시 구로구 경인로 572,서울특별시 구로구 구로동 603-9,1000000,월,독립오피스,1명 ~ 5명,00:00 ~ 24:00,00:00 ~ 24:00,00:00 ~ 24:00,00:00 ~ 24:00,00:00 ~ 24:00,00:00 ~ 24:00,00:00 ~ 24:00,Y,N,Y,Y,N,Y,Y,Y,N,N,Y,Y,N,Y,N,N,N,Y,Y,Y,N,N,2022-11-16,"1,434.88 ㎡","18,496.28 ㎡"
슈가맨워크 군자역점 1인실 내측,서울특별시,광진구,군자동,,473-23 번지,천호대로,536 번,37.55753658,127.0776013,4996,서울특별시 광진구 천호대로 536,서울특별시 광진구 군자동 473-23,350000,월,독립오피스,1명 ~ 1명,00:00 ~ 24:00,00:00 ~ 24:00,00:00 ~ 24:00,00:00 ~ 24:00,00:00 ~ 24:00,00:00 ~ 24:00,00:00 ~ 24:00,Y,N,Y,Y,Y,Y,Y,Y,N,Y,N,Y,N,Y,N,N,N,N,Y,Y,N,N,2022-11-16,495.65 ㎡,"3,742.67 ㎡"
슈가맨워크 군자역점 1인실 창측,서울특별시,광진구,군자동,,473-23 번지,천호대로,536 번,37.55753658,127.0776013,4996,서울특별시 광진구 천호대로 536,서울특별시 광진구 군자동 473-23,400000,월,독립오피스,1명 ~ 1명,00:00 ~ 24:00,00:00 ~ 24:00,00:00 ~ 24:00,00:00 ~ 24:00,00:00 ~ 24:00,00:00 ~ 24:00,00:00 ~ 24:00,Y,N,Y,Y,Y,Y,Y,Y,N,Y,N,Y,N,Y,N,N,N,N,Y,Y,N,N,2022-11-16,495.65 ㎡,"3,742.67 ㎡"
슈가맨워크 군자역점 2인실 내측,서울특별시,광진구,군자동,,473-23 번지,천호대로,536 번,37.55753658,127.0776013,4996,서울특별시 광진구 천호대로 536,서울특별시 광진구 군자동 473-23,550000,월,독립오피스,1명 ~ 2명,00:00 ~ 24:00,00:00 ~ 24:00,00:00 ~ 24:00,00:00 ~ 24:00,00:00 ~ 24:00,00:00 ~ 24:00,00:00 ~ 24:00,Y,N,Y,Y,Y,Y,Y,Y,N,Y,N,Y,N,Y,N,N,N,N,Y,Y,N,N,2022-11-16,495.65 ㎡,"3,742.67 ㎡"
슈가맨워크 군자역점 2인실 창측,서울특별시,광진구,군자동,,473-23 번지,천호대로,536 번,37.55753658,127.0776013,4996,서울특별시 광진구 천호대로 536,서울특별시 광진구 군자동 473-23,650000,월,독립오피스,1명 ~ 2명,00:00 ~ 24:00,00:00 ~ 24:00,00:00 ~ 24:00,00:00 ~ 24:00,00:00 ~ 24:00,00:00 ~ 24:00,00:00 ~ 24:00,Y,N,Y,Y,Y,Y,Y,Y,N,Y,N,Y,N,Y,N,N,N,N,Y,Y,N,N,2022-11-16,495.65 ㎡,"3,742.67 ㎡"
슈가맨워크 군자역점 3인실 내측,서울특별시,광진구,군자동,,473-23 번지,천호대로,536 번,37.55753658,127.0776013,4996,서울특별시 광진구 천호대로 536,서울특별시 광진구 군자동 473-23,750000,월,독립오피스,1명 ~ 3명,00:00 ~ 24:00,00:00 ~ 24:00,00:00 ~ 24:00,00:00 ~ 24:00,00:00 ~ 24:00,00:00 ~ 24:00,00:00 ~ 24:00,Y,N,Y,Y,Y,Y,Y,Y,N,Y,N,Y,N,Y,N,N,N,N,Y,Y,N,N,2022-11-16,495.65 ㎡,"3,742.67 ㎡"
슈가맨워크 군자역점 3인실 창측,서울특별시,광진구,군자동,,473-23 번지,천호대로,536 번,37.55753658,127.0776013,4996,서울특별시 광진구 천호대로 536,서울특별시 광진구 군자동 473-23,800000,월,독립오피스,1명 ~ 3명,00:00 ~ 24:00,00:00 ~ 24:00,00:00 ~ 24:00,00:00 ~ 24:00,00:00 ~ 24:00,00:00 ~ 24:00,00:00 ~ 24:00,Y,N,Y,Y,Y,Y,Y,Y,N,Y,N,Y,N,Y,N,N,N,N,Y,Y,N,N,2022-11-16,495.65 ㎡,"3,742.67 ㎡"
슈가맨워크 군자역점 4인실 창측,서울특별시,광진구,군자동,,473-23 번지,천호대로,536 번,37.55753658,127.0776013,4996,서울특별시 광진구 천호대로 536,서울특별시 광진구 군자동 473-23,900000,월,독립오피스,1명 ~ 4명,00:00 ~ 24:00,00:00 ~ 24:00,00:00 ~ 24:00,00:00 ~ 24:00,00:00 ~ 24:00,00:00 ~ 24:00,00:00 ~ 24:00,Y,N,Y,Y,Y,Y,Y,Y,N,Y,N,Y,N,Y,N,N,N,N,Y,Y,N,N,2022-11-16,495.65 ㎡,"3,742.67 ㎡"
슈가맨워크 군자역점 5인실 내측,서울특별시,광진구,군자동,,473-23 번지,천호대로,536 번,37.55753658,127.0776013,4996,서울특별시 광진구 천호대로 536,서울특별시 광진구 군자동 473-23,1000000,월,독립오피스,1명 ~ 5명,00:00 ~ 24:00,00:00 ~ 24:00,00:00 ~ 24:00,00:00 ~ 24:00,00:00 ~ 24:00,00:00 ~ 24:00,00:00 ~ 24:00,Y,N,Y,Y,Y,Y,Y,Y,N,Y,N,Y,N,Y,N,N,N,N,Y,Y,N,N,2022-11-16,495.65 ㎡,"3,742.67 ㎡"
슈가맨워크 군자역점 6인실 창측,서울특별시,광진구,군자동,,473-23 번지,천호대로,536 번,37.55753658,127.0776013,4996,서울특별시 광진구 천호대로 536,서울특별시 광진구 군자동 473-23,1200000,월,독립오피스,1명 ~ 6명,00:00 ~ 24:00,00:00 ~ 24:00,00:00 ~ 24:00,00:00 ~ 24:00,00:00 ~ 24:00,00:00 ~ 24:00,00:00 ~ 24:00,Y,N,Y,Y,Y,Y,Y,Y,N,Y,N,Y,N,Y,N,N,N,N,Y,Y,N,N,2022-11-16,495.65 ㎡,"3,742.67 ㎡"
슈가맨워크 대전둔산점 1인실 내측,대전광역시,서구,둔산동,,975 번지,둔지로,50 번,36.35409692,127.3768894,35229,대전광역시 서구 둔지로 50,대전광역시 서구 둔산동 975,350000,월,독립오피스,1명 ~ 1명,00:00 ~ 24:00,00:00 ~ 24:00,00:00 ~ 24:00,00:00 ~ 24:00,00:00 ~ 24:00,00:00 ~ 24:00,00:00 ~ 24:00,Y,N,Y,Y,Y,Y,Y,Y,N,Y,N,Y,N,Y,N,N,N,N,N,Y,N,N,2022-11-16,- ㎡,- ㎡
슈가맨워크 대전둔산점 1인실 창측,대전광역시,서구,둔산동,,975 번지,둔지로,50 번,36.35409692,127.3768894,35229,대전광역시 서구 둔지로 50,대전광역시 서구 둔산동 975,380000,월,독립오피스,1명 ~ 1명,00:00 ~ 24:00,00:00 ~ 24:00,00:00 ~ 24:00,00:00 ~ 24:00,00:00 ~ 24:00,00:00 ~ 24:00,00:00 ~ 24:00,Y,N,Y,Y,Y,Y,Y,Y,N,Y,N,Y,N,Y,N,N,N,N,N,Y,N,N,2022-11-16,- ㎡,- ㎡
슈가맨워크 대전둔산점 2인실 내측,대전광역시,서구,둔산동,,975 번지,둔지로,50 번,36.35409692,127.3768894,35229,대전광역시 서구 둔지로 50,대전광역시 서구 둔산동 975,480000,월,독립오피스,1명 ~ 2명,00:00 ~ 24:00,00:00 ~ 24:00,00:00 ~ 24:00,00:00 ~ 24:00,00:00 ~ 24:00,00:00 ~ 24:00,00:00 ~ 24:00,Y,N,Y,Y,Y,Y,Y,Y,N,Y,N,Y,N,Y,N,N,N,N,N,Y,N,N,2022-11-16,- ㎡,- ㎡
슈가맨워크 대전둔산점 2인실 창측,대전광역시,서구,둔산동,,975 번지,둔지로,50 번,36.35409692,127.3768894,35229,대전광역시 서구 둔지로 50,대전광역시 서구 둔산동 975,530000,월,독립오피스,1명 ~ 2명,00:00 ~ 24:00,00:00 ~ 24:00,00:00 ~ 24:00,00:00 ~ 24:00,00:00 ~ 24:00,00:00 ~ 24:00,00:00 ~ 24:00,Y,N,Y,Y,Y,Y,Y,Y,N,Y,N,Y,N,Y,N,N,N,N,N,Y,N,N,2022-11-16,- ㎡,- ㎡
슈가맨워크 대전둔산점 3인실 내측,대전광역시,서구,둔산동,,975 번지,둔지로,50 번,36.35409692,127.3768894,35229,대전광역시 서구 둔지로 50,대전광역시 서구 둔산동 975,600000,월,독립오피스,1명 ~ 3명,00:00 ~ 24:00,00:00 ~ 24:00,00:00 ~ 24:00,00:00 ~ 24:00,00:00 ~ 24:00,00:00 ~ 24:00,00:00 ~ 24:00,Y,N,Y,Y,Y,Y,Y,Y,N,Y,N,Y,N,Y,N,N,N,N,N,Y,N,N,2022-11-16,- ㎡,- ㎡
슈가맨워크 대전둔산점 4인실 창측,대전광역시,서구,둔산동,,975 번지,둔지로,50 번,36.35409692,127.3768894,35229,대전광역시 서구 둔지로 50,대전광역시 서구 둔산동 975,750000,월,독립오피스,1명 ~ 4명,00:00 ~ 24:00,00:00 ~ 24:00,00:00 ~ 24:00,00:00 ~ 24:00,00:00 ~ 24:00,00:00 ~ 24:00,00:00 ~ 24:00,Y,N,Y,Y,Y,Y,Y,Y,N,Y,N,Y,N,Y,N,N,N,N,N,Y,N,N,2022-11-16,- ㎡,- ㎡
슈가맨워크 명학점 1인실 내측,경기도,안양시 만안구,안양동,,1432 번지,덕천로152번길,25 번,37.39265582,126.9382219,14084,경기도 안양시 만안구 덕천로152번길 25,경기도 안양시 만안구 안양동 1432,360000,월,독립오피스,1명 ~ 1명,00:00 ~ 24:00,00:00 ~ 24:00,00:00 ~ 24:00,00:00 ~ 24:00,00:00 ~ 24:00,00:00 ~ 24:00,00:00 ~ 24:00,Y,N,Y,Y,N,Y,N,Y,N,Y,N,Y,N,Y,N,N,N,N,N,Y,N,N,2022-11-16,- ㎡,- ㎡
슈가맨워크 명학점 1인실 창측,경기도,안양시 만안구,안양동,,1432 번지,덕천로152번길,25 번,37.39265582,126.9382219,14084,경기도 안양시 만안구 덕천로152번길 25,경기도 안양시 만안구 안양동 1432,390000,월,독립오피스,1명 ~ 2명,00:00 ~ 24:00,00:00 ~ 24:00,00:00 ~ 24:00,00:00 ~ 24:00,00:00 ~ 24:00,00:00 ~ 24:00,00:00 ~ 24:00,Y,N,Y,Y,N,Y,N,Y,N,Y,N,Y,N,Y,N,N,N,N,N,Y,N,N,2022-11-16,- ㎡,- ㎡
슈가맨워크 명학점 2인실 내측,경기도,안양시 만안구,안양동,,1432 번지,덕천로152번길,25 번,37.39265582,126.9382219,14084,경기도 안양시 만안구 덕천로152번길 25,경기도 안양시 만안구 안양동 1432,530000,월,독립오피스,1명 ~ 2명,00:00 ~ 24:00,00:00 ~ 24:00,00:00 ~ 24:00,00:00 ~ 24:00,00:00 ~ 24:00,00:00 ~ 24:00,00:00 ~ 24:00,Y,N,Y,Y,N,Y,N,Y,N,Y,N,Y,N,Y,N,N,N,N,N,Y,N,N,2022-11-16,- ㎡,- ㎡
슈가맨워크 명학점 2인실 창측,경기도,안양시 만안구,안양동,,1432 번지,덕천로152번길,25 번,37.39265582,126.9382219,14084,경기도 안양시 만안구 덕천로152번길 25,경기도 안양시 만안구 안양동 1432,630000,월,독립오피스,1명 ~ 2명,00:00 ~ 24:00,00:00 ~ 24:00,00:00 ~ 24:00,00:00 ~ 24:00,00:00 ~ 24:00,00:00 ~ 24:00,00:00 ~ 24:00,Y,N,Y,Y,N,Y,N,Y,N,Y,N,Y,N,Y,N,N,N,N,N,Y,N,N,2022-11-16,- ㎡,- ㎡
슈가맨워크 명학점 3인실 내측,경기도,안양시 만안구,안양동,,1432 번지,덕천로152번길,25 번,37.39265582,126.9382219,14084,경기도 안양시 만안구 덕천로152번길 25,경기도 안양시 만안구 안양동 1432,700000,월,독립오피스,1명 ~ 3명,00:00 ~ 24:00,00:00 ~ 24:00,00:00 ~ 24:00,00:00 ~ 24:00,00:00 ~ 24:00,00:00 ~ 24:00,00:00 ~ 24:00,Y,N,Y,Y,N,Y,N,Y,N,Y,N,Y,N,Y,N,N,N,N,N,Y,N,N,2022-11-16,- ㎡,- ㎡
슈가맨워크 명학점 4인실 내측,경기도,안양시 만안구,안양동,,1432 번지,덕천로152번길,25 번,37.39265582,126.9382219,14084,경기도 안양시 만안구 덕천로152번길 25,경기도 안양시 만안구 안양동 1432,750000,월,독립오피스,1명 ~ 4명,00:00 ~ 24:00,00:00 ~ 24:00,00:00 ~ 24:00,00:00 ~ 24:00,00:00 ~ 24:00,00:00 ~ 24:00,00:00 ~ 24:00,Y,N,Y,Y,N,Y,N,Y,N,Y,N,Y,N,Y,N,N,N,N,N,Y,N,N,2022-11-16,- ㎡,- ㎡
슈가맨워크 명학점 4인실 창측,경기도,안양시 만안구,안양동,,1432 번지,덕천로152번길,25 번,37.39265582,126.9382219,14084,경기도 안양시 만안구 덕천로152번길 25,경기도 안양시 만안구 안양동 1432,800000,월,독립오피스,1명 ~ 4명,00:00 ~ 24:00,00:00 ~ 24:00,00:00 ~ 24:00,00:00 ~ 24:00,00:00 ~ 24:00,00:00 ~ 24:00,00:00 ~ 24:00,Y,N,Y,Y,N,Y,N,Y,N,Y,N,Y,N,Y,N,N,N,N,N,Y,N,N,2022-11-16,- ㎡,- ㎡
슈가맨워크 부천테크노파크 1인내측,경기도,부천시,삼정동,,36-1 번지,석천로,397 번,37.52288995,126.7655166,14449,경기도 부천시 석천로 397,경기도 부천시 삼정동 36-1,350000,월,독립오피스,1명 ~ 1명,00:00 ~ 24:00,00:00 ~ 24:00,00:00 ~ 24:00,00:00 ~ 24:00,00:00 ~ 24:00,00:00 ~ 24:00,00:00 ~ 24:00,Y,N,Y,N,Y,Y,Y,Y,N,Y,Y,N,N,Y,N,N,N,N,N,Y,N,N,2022-11-16,"38,324.99 ㎡","330,282.12 ㎡"
슈가맨워크 부천테크노파크 1인창측,경기도,부천시,삼정동,,36-1 번지,석천로,397 번,37.52288995,126.7655166,14449,경기도 부천시 석천로 397,경기도 부천시 삼정동 36-1,380000,월,독립오피스,1명 ~ 1명,00:00 ~ 24:00,00:00 ~ 24:00,00:00 ~ 24:00,00:00 ~ 24:00,00:00 ~ 24:00,00:00 ~ 24:00,00:00 ~ 24:00,Y,N,Y,N,Y,Y,Y,Y,N,Y,Y,N,N,Y,N,N,N,N,N,Y,N,N,2022-11-16,"38,324.99 ㎡","330,282.12 ㎡"
슈가맨워크 부천테크노파크 2인내측,경기도,부천시,삼정동,,36-1 번지,석천로,397 번,37.52288995,126.7655166,14449,경기도 부천시 석천로 397,경기도 부천시 삼정동 36-1,480000,월,독립오피스,1명 ~ 2명,00:00 ~ 24:00,00:00 ~ 24:00,00:00 ~ 24:00,00:00 ~ 24:00,00:00 ~ 24:00,00:00 ~ 24:00,00:00 ~ 24:00,Y,N,Y,N,Y,Y,Y,Y,N,Y,Y,N,N,Y,N,N,N,N,N,Y,N,N,2022-11-16,"38,324.99 ㎡","330,282.12 ㎡"
슈가맨워크 부천테크노파크 2인창측,경기도,부천시,삼정동,,36-1 번지,석천로,397 번,37.52288995,126.7655166,14449,경기도 부천시 석천로 397,경기도 부천시 삼정동 36-1,500000,월,독립오피스,1명 ~ 2명,00:00 ~ 24:00,00:00 ~ 24:00,00:00 ~ 24:00,00:00 ~ 24:00,00:00 ~ 24:00,00:00 ~ 24:00,00:00 ~ 24:00,Y,N,Y,N,Y,Y,Y,Y,N,Y,Y,N,N,Y,N,N,N,N,N,Y,N,N,2022-11-16,"38,324.99 ㎡","330,282.12 ㎡"
슈가맨워크 부천테크노파크 3인내측,경기도,부천시,삼정동,,36-1 번지,석천로,397 번,37.52288995,126.7655166,14449,경기도 부천시 석천로 397,경기도 부천시 삼정동 36-1,550000,월,독립오피스,1명 ~ 3명,00:00 ~ 24:00,00:00 ~ 24:00,00:00 ~ 24:00,00:00 ~ 24:00,00:00 ~ 24:00,00:00 ~ 24:00,00:00 ~ 24:00,Y,N,Y,N,Y,Y,Y,Y,N,Y,Y,N,N,Y,N,N,N,N,N,Y,N,N,2022-11-16,"38,324.99 ㎡","330,282.12 ㎡"
슈가맨워크 부천테크노파크 3인창측,경기도,부천시,삼정동,,36-1 번지,석천로,397 번,37.52288995,126.7655166,14449,경기도 부천시 석천로 397,경기도 부천시 삼정동 36-1,600000,월,독립오피스,1명 ~ 3명,00:00 ~ 24:00,00:00 ~ 24:00,00:00 ~ 24:00,00:00 ~ 24:00,00:00 ~ 24:00,00:00 ~ 24:00,00:00 ~ 24:00,Y,N,Y,N,Y,Y,Y,Y,N,Y,Y,N,N,Y,N,N,N,N,N,Y,N,N,2022-11-16,"38,324.99 ㎡","330,282.12 ㎡"
슈가맨워크 부천테크노파크 4인내측,경기도,부천시,삼정동,,36-1 번지,석천로,397 번,37.52288995,126.7655166,14449,경기도 부천시 석천로 397,경기도 부천시 삼정동 36-1,750000,월,독립오피스,1명 ~ 4명,00:00 ~ 24:00,00:00 ~ 24:00,00:00 ~ 24:00,00:00 ~ 24:00,00:00 ~ 24:00,00:00 ~ 24:00,00:00 ~ 24:00,Y,N,Y,N,Y,Y,Y,Y,N,Y,Y,N,N,Y,N,N,N,N,N,Y,N,N,2022-11-16,"38,324.99 ㎡","330,282.12 ㎡"
슈가맨워크 부평 갈산점 2인실,인천광역시,부평구,갈산동,,158-10 번지,부평대로,290 번,37.51732132,126.7219973,21316,인천광역시 부평구 부평대로 290,인천광역시 부평구 갈산동 158-10,480000,월,독립오피스,1명 ~ 3명,00:00 ~ 24:00,00:00 ~ 24:00,00:00 ~ 24:00,00:00 ~ 24:00,00:00 ~ 24:00,00:00 ~ 24:00,00:00 ~ 24:00,Y,Y,Y,Y,Y,Y,Y,Y,N,Y,Y,Y,N,Y,N,Y,N,Y,Y,Y,N,Y,2022-11-16,578.75 ㎡,"2,237.04 ㎡"
슈가맨워크 부평 갈산점 3인실,인천광역시,부평구,갈산동,,158-10 번지,부평대로,290 번,37.51732132,126.7219973,21316,인천광역시 부평구 부평대로 290,인천광역시 부평구 갈산동 158-10,700000,월,독립오피스,1명 ~ 4명,00:00 ~ 24:00,00:00 ~ 24:00,00:00 ~ 24:00,00:00 ~ 24:00,00:00 ~ 24:00,00:00 ~ 24:00,00:00 ~ 24:00,Y,Y,Y,Y,Y,Y,Y,Y,N,Y,Y,Y,N,N,N,Y,N,Y,Y,Y,N,Y,2022-11-16,578.75 ㎡,"2,237.04 ㎡"
슈가맨워크 부평점 1인실 이벤트,인천광역시,부평구,부평동,,192-6 번지,시장로,33 번,37.49399639,126.7257152,21394,인천광역시 부평구 시장로 33,인천광역시 부평구 부평동 192-6,245000,월,독립오피스,1명 ~ 1명,00:00 ~ 24:00,00:00 ~ 24:00,00:00 ~ 24:00,00:00 ~ 24:00,00:00 ~ 24:00,00:00 ~ 24:00,00:00 ~ 24:00,Y,N,Y,Y,N,Y,Y,Y,N,Y,N,Y,N,Y,N,Y,Y,N,Y,Y,N,Y,2022-11-16,520.16 ㎡,"7,230.51 ㎡"
슈가맨워크 부평점 2인실 大이벤트 A,인천광역시,부평구,부평동,,192-6 번지,시장로,33 번,37.49399639,126.7257152,21394,인천광역시 부평구 시장로 33,인천광역시 부평구 부평동 192-6,350000,월,독립오피스,1명 ~ 2명,00:00 ~ 24:00,00:00 ~ 24:00,00:00 ~ 24:00,00:00 ~ 24:00,00:00 ~ 24:00,00:00 ~ 24:00,00:00 ~ 24:00,Y,N,Y,Y,N,Y,Y,Y,N,Y,N,Y,N,Y,N,Y,Y,N,Y,Y,N,Y,2022-11-16,520.16 ㎡,"7,230.51 ㎡"
슈가맨워크 부평점 2인실 이벤트 B,인천광역시,부평구,부평동,,192-6 번지,시장로,33 번,37.49399639,126.7257152,21394,인천광역시 부평구 시장로 33,인천광역시 부평구 부평동 192-6,336000,월,독립오피스,1명 ~ 2명,00:00 ~ 24:00,00:00 ~ 24:00,00:00 ~ 24:00,00:00 ~ 24:00,00:00 ~ 24:00,00:00 ~ 24:00,00:00 ~ 24:00,Y,N,Y,Y,N,Y,Y,Y,N,Y,N,Y,N,Y,N,Y,Y,N,Y,Y,N,Y,2022-11-16,520.16 ㎡,"7,230.51 ㎡"
슈가맨워크 부평점 4인실 이벤트,인천광역시,부평구,부평동,,192-6 번지,시장로,33 번,37.49399639,126.7257152,21394,인천광역시 부평구 시장로 33,인천광역시 부평구 부평동 192-6,560000,월,독립오피스,1명 ~ 4명,00:00 ~ 24:00,00:00 ~ 24:00,00:00 ~ 24:00,00:00 ~ 24:00,00:00 ~ 24:00,00:00 ~ 24:00,00:00 ~ 24:00,Y,N,Y,Y,N,Y,Y,Y,N,Y,N,Y,N,Y,N,Y,Y,N,Y,Y,N,Y,2022-11-16,520.16 ㎡,"7,230.51 ㎡"
슈가맨워크 상동2호점 2인실 창측,경기도,부천시,상동,,534-1 번지,상동로,113 번,37.50747259,126.7530252,14543,경기도 부천시 상동로 113,경기도 부천시 상동 534-1,385000,월,독립오피스,1명 ~ 3명,00:00 ~ 24:00,00:00 ~ 24:00,00:00 ~ 24:00,00:00 ~ 24:00,00:00 ~ 24:00,00:00 ~ 24:00,00:00 ~ 24:00,Y,Y,Y,Y,N,Y,Y,Y,N,Y,Y,N,N,Y,N,N,N,Y,Y,Y,N,Y,2022-11-16,"1,224.2 ㎡","13,252.66 ㎡"
슈가맨워크 송내점 1인실 이벤트,경기도,부천시,상동,,414-1 번지,부일로199번길,21 번,37.48941271,126.7518341,14598,경기도 부천시 부일로199번길 21,경기도 부천시 상동 414-1,240000,월,독립오피스,1명 ~ 1명,00:00 ~ 24:00,00:00 ~ 24:00,00:00 ~ 24:00,00:00 ~ 24:00,00:00 ~ 24:00,00:00 ~ 24:00,00:00 ~ 24:00,Y,N,Y,Y,Y,Y,Y,Y,N,Y,N,N,N,Y,N,N,N,N,N,Y,N,Y,2022-11-16,621.98 ㎡,"5,547.66 ㎡"
슈가맨워크 송내점 2인실 이벤트,경기도,부천시,상동,,414-1 번지,부일로199번길,21 번,37.48941271,126.7518341,14598,경기도 부천시 부일로199번길 21,경기도 부천시 상동 414-1,320000,월,독립오피스,1명 ~ 1명,00:00 ~ 24:00,00:00 ~ 24:00,00:00 ~ 24:00,00:00 ~ 24:00,00:00 ~ 24:00,00:00 ~ 24:00,00:00 ~ 24:00,Y,N,Y,Y,Y,Y,Y,Y,N,Y,N,N,N,Y,N,N,N,N,N,Y,N,Y,2022-11-16,621.98 ㎡,"5,547.66 ㎡"
슈가맨워크 송내점 2인실 창측,경기도,부천시,상동,,414-1 번지,부일로199번길,21 번,37.48941271,126.7518341,14598,경기도 부천시 부일로199번길 21,경기도 부천시 상동 414-1,450000,월,독립오피스,1명 ~ 2명,00:00 ~ 24:00,00:00 ~ 24:00,00:00 ~ 24:00,00:00 ~ 24:00,00:00 ~ 24:00,00:00 ~ 24:00,00:00 ~ 24:00,Y,N,Y,Y,Y,Y,Y,Y,N,Y,N,N,N,Y,N,N,N,N,N,Y,N,Y,2022-11-16,621.98 ㎡,"5,547.66 ㎡"
슈가맨워크 신중동점 1인실 창측,경기도,부천시,중동,,1143-3 번지,중동로254번길,78 번,37.50159212,126.7731181,14548,경기도 부천시 중동로254번길 78,경기도 부천시 중동 1143-3,380000,월,독립오피스,1명 ~ 1명,00:00 ~ 24:00,00:00 ~ 24:00,00:00 ~ 24:00,00:00 ~ 24:00,00:00 ~ 24:00,00:00 ~ 24:00,00:00 ~ 24:00,Y,Y,Y,N,N,Y,Y,Y,N,Y,Y,N,N,Y,N,N,Y,N,Y,Y,N,Y,2022-11-16,"1,125.48 ㎡","15,205.27 ㎡"
슈가맨워크 신중동점 2인실 내측,경기도,부천시,중동,,1143-3 번지,중동로254번길,78 번,37.50159212,126.7731181,14548,경기도 부천시 중동로254번길 78,경기도 부천시 중동 1143-3,384000,월,독립오피스,1명 ~ 2명,00:00 ~ 24:00,00:00 ~ 24:00,00:00 ~ 24:00,00:00 ~ 24:00,00:00 ~ 24:00,00:00 ~ 24:00,00:00 ~ 24:00,Y,Y,Y,N,N,Y,Y,Y,N,Y,Y,N,N,Y,N,N,Y,N,Y,Y,N,Y,2022-11-16,"1,125.48 ㎡","15,205.27 ㎡"
슈가맨워크 신중동점 2인실 창측,경기도,부천시,중동,,1143-3 번지,중동로254번길,78 번,37.50159212,126.7731181,14548,경기도 부천시 중동로254번길 78,경기도 부천시 중동 1143-3,530000,월,독립오피스,1명 ~ 3명,00:00 ~ 24:00,00:00 ~ 24:00,00:00 ~ 24:00,00:00 ~ 24:00,00:00 ~ 24:00,00:00 ~ 24:00,00:00 ~ 24:00,Y,Y,Y,N,N,Y,Y,Y,N,Y,Y,N,N,Y,N,N,Y,N,Y,Y,N,Y,2022-11-16,"1,125.48 ㎡","15,205.27 ㎡"
슈가맨워크 야탑점 1인실 내측,경기도,성남시 분당구,야탑동,,361-13 번지,장미로86번길,6 번,37.41313768,127.1302832,13506,경기도 성남시 분당구 장미로86번길 6,경기도 성남시 분당구 야탑동 361-13,370000,월,독립오피스,1명 ~ 1명,00:00 ~ 24:00,00:00 ~ 24:00,00:00 ~ 24:00,00:00 ~ 24:00,00:00 ~ 24:00,00:00 ~ 24:00,00:00 ~ 24:00,Y,N,Y,Y,Y,Y,Y,Y,N,Y,N,Y,N,Y,N,N,N,N,N,Y,N,N,2022-11-16,370.7 ㎡,"3,238.91 ㎡"
슈가맨워크 야탑점 1인실 창측,경기도,성남시 분당구,야탑동,,361-13 번지,장미로86번길,6 번,37.41313768,127.1302832,13506,경기도 성남시 분당구 장미로86번길 6,경기도 성남시 분당구 야탑동 361-13,420000,월,독립오피스,1명 ~ 1명,00:00 ~ 24:00,00:00 ~ 24:00,00:00 ~ 24:00,00:00 ~ 24:00,00:00 ~ 24:00,00:00 ~ 24:00,00:00 ~ 24:00,Y,N,Y,Y,Y,Y,Y,Y,N,Y,N,Y,N,Y,N,N,N,N,N,Y,N,N,2022-11-16,370.7 ㎡,"3,238.91 ㎡"
슈가맨워크 야탑점 2인실 내측,경기도,성남시 분당구,야탑동,,361-13 번지,장미로86번길,6 번,37.41313768,127.1302832,13506,경기도 성남시 분당구 장미로86번길 6,경기도 성남시 분당구 야탑동 361-13,550000,월,독립오피스,1명 ~ 2명,00:00 ~ 24:00,00:00 ~ 24:00,00:00 ~ 24:00,00:00 ~ 24:00,00:00 ~ 24:00,00:00 ~ 24:00,00:00 ~ 24:00,Y,N,Y,Y,Y,Y,Y,Y,N,Y,N,Y,N,Y,N,N,N,N,N,Y,N,N,2022-11-16,370.7 ㎡,"3,238.91 ㎡"
슈가맨워크 야탑점 2인실 창측,경기도,성남시 분당구,야탑동,,361-13 번지,장미로86번길,6 번,37.41313768,127.1302832,13506,경기도 성남시 분당구 장미로86번길 6,경기도 성남시 분당구 야탑동 361-13,620000,월,독립오피스,1명 ~ 1명,00:00 ~ 24:00,00:00 ~ 24:00,00:00 ~ 24:00,00:00 ~ 24:00,00:00 ~ 24:00,00:00 ~ 24:00,00:00 ~ 24:00,Y,N,Y,Y,Y,Y,Y,Y,N,Y,N,Y,N,Y,N,N,N,N,N,Y,N,N,2022-11-16,370.7 ㎡,"3,238.91 ㎡"
슈가맨워크 야탑점 3인실 내측,경기도,성남시 분당구,야탑동,,361-13 번지,장미로86번길,6 번,37.41313768,127.1302832,13506,경기도 성남시 분당구 장미로86번길 6,경기도 성남시 분당구 야탑동 361-13,750000,월,독립오피스,1명 ~ 3명,00:00 ~ 24:00,00:00 ~ 24:00,00:00 ~ 24:00,00:00 ~ 24:00,00:00 ~ 24:00,00:00 ~ 24:00,00:00 ~ 24:00,Y,N,Y,Y,Y,Y,Y,Y,N,Y,N,Y,N,Y,N,N,N,N,N,Y,N,N,2022-11-16,370.7 ㎡,"3,238.91 ㎡"
슈가맨워크 야탑점 4인실 내측,경기도,성남시 분당구,야탑동,,361-13 번지,장미로86번길,6 번,37.41313768,127.1302832,13506,경기도 성남시 분당구 장미로86번길 6,경기도 성남시 분당구 야탑동 361-13,850000,월,독립오피스,1명 ~ 4명,00:00 ~ 24:00,00:00 ~ 24:00,00:00 ~ 24:00,00:00 ~ 24:00,00:00 ~ 24:00,00:00 ~ 24:00,00:00 ~ 24:00,Y,N,Y,Y,Y,Y,Y,Y,N,Y,N,Y,N,Y,N,N,N,N,N,Y,N,N,2022-11-16,370.7 ㎡,"3,238.91 ㎡"
슈가맨워크 역삼역점 1인실 내측,서울특별시,강남구,역삼동,,733-11 번지,논현로76길,24 번,37.49729089,127.0408169,6224,서울특별시 강남구 논현로76길 24,서울특별시 강남구 역삼동 733-11,430000,월,독립오피스,1명 ~ 2명,09:00 ~ 18:00,09:00 ~ 18:00,09:00 ~ 18:00,09:00 ~ 18:00,09:00 ~ 18:00,휴무일,휴무일,Y,Y,Y,N,N,Y,Y,Y,N,Y,Y,Y,N,Y,N,N,N,Y,Y,Y,N,N,2022-11-16,286.8 ㎡,"2,363.0 ㎡"
슈가맨워크 역삼역점 1인실 창측,서울특별시,강남구,역삼동,,733-11 번지,논현로76길,24 번,37.49729089,127.0408169,6224,서울특별시 강남구 논현로76길 24,서울특별시 강남구 역삼동 733-11,480000,월,독립오피스,1명 ~ 2명,09:00 ~ 18:00,09:00 ~ 18:00,09:00 ~ 18:00,09:00 ~ 18:00,09:00 ~ 18:00,휴무일,휴무일,Y,Y,Y,N,N,Y,Y,Y,N,Y,Y,Y,N,Y,N,N,N,Y,N,Y,N,N,2022-11-16,286.8 ㎡,"2,363.0 ㎡"
슈가맨워크 역삼역점 2인실 내측,서울특별시,강남구,역삼동,,733-11 번지,논현로76길,24 번,37.49729089,127.0408169,6224,서울특별시 강남구 논현로76길 24,서울특별시 강남구 역삼동 733-11,650000,월,독립오피스,1명 ~ 2명,09:00 ~ 18:00,09:00 ~ 18:00,09:00 ~ 18:00,09:00 ~ 18:00,09:00 ~ 18:00,휴무일,휴무일,Y,Y,Y,N,N,Y,Y,Y,N,Y,Y,Y,N,Y,N,N,N,Y,Y,Y,N,N,2022-11-16,286.8 ㎡,"2,363.0 ㎡"
슈가맨워크 역삼역점 2인실 창측,서울특별시,강남구,역삼동,,733-11 번지,논현로76길,24 번,37.49729089,127.0408169,6224,서울특별시 강남구 논현로76길 24,서울특별시 강남구 역삼동 733-11,700000,월,독립오피스,1명 ~ 2명,09:00 ~ 18:00,09:00 ~ 18:00,09:00 ~ 18:00,09:00 ~ 18:00,09:00 ~ 18:00,휴무일,휴무일,Y,Y,Y,N,N,Y,Y,Y,N,Y,Y,Y,N,Y,N,N,N,Y,Y,Y,N,N,2022-11-16,286.8 ㎡,"2,363.0 ㎡"
슈가맨워크 역삼역점 3인실 창측,서울특별시,강남구,역삼동,,733-11 번지,논현로76길,24 번,37.49729089,127.0408169,6224,서울특별시 강남구 논현로76길 24,서울특별시 강남구 역삼동 733-11,900000,월,독립오피스,1명 ~ 3명,09:00 ~ 18:00,09:00 ~ 18:00,09:00 ~ 18:00,09:00 ~ 18:00,09:00 ~ 18:00,휴무일,휴무일,Y,Y,Y,N,N,Y,Y,Y,N,Y,Y,Y,N,Y,N,N,N,Y,Y,Y,N,N,2022-11-16,286.8 ㎡,"2,363.0 ㎡"
슈가맨워크 역삼역점 4인실 창측,서울특별시,강남구,역삼동,,733-11 번지,논현로76길,24 번,37.49729089,127.0408169,6224,서울특별시 강남구 논현로76길 24,서울특별시 강남구 역삼동 733-11,1100000,월,독립오피스,1명 ~ 4명,09:00 ~ 18:00,09:00 ~ 18:00,09:00 ~ 18:00,09:00 ~ 18:00,09:00 ~ 18:00,휴무일,휴무일,Y,Y,Y,N,N,Y,Y,Y,N,Y,Y,Y,N,Y,N,N,N,Y,Y,Y,N,N,2022-11-16,286.8 ㎡,"2,363.0 ㎡"
슈가맨워크 예술회관역점 1인실내측,인천광역시,남동구,구월동,,1458-1 번지,인하로507번길,63 번,37.44618567,126.7028336,21573,인천광역시 남동구 인하로507번길 63,인천광역시 남동구 구월동 1458-1,350000,월,독립오피스,1명 ~ 1명,00:00 ~ 24:00,00:00 ~ 24:00,00:00 ~ 24:00,00:00 ~ 24:00,00:00 ~ 24:00,00:00 ~ 24:00,00:00 ~ 24:00,Y,N,Y,Y,Y,Y,Y,Y,N,Y,N,Y,N,Y,N,N,N,N,N,Y,N,N,2022-11-16,"1,501.34 ㎡","12,427.27 ㎡"
슈가맨워크 예술회관역점 1인실창측,인천광역시,남동구,구월동,,1458-1 번지,인하로507번길,63 번,37.44618567,126.7028336,21573,인천광역시 남동구 인하로507번길 63,인천광역시 남동구 구월동 1458-1,390000,월,독립오피스,1명 ~ 1명,00:00 ~ 24:00,00:00 ~ 24:00,00:00 ~ 24:00,00:00 ~ 24:00,00:00 ~ 24:00,00:00 ~ 24:00,00:00 ~ 24:00,Y,N,Y,Y,Y,Y,Y,Y,N,Y,N,Y,N,Y,N,N,N,N,N,Y,N,N,2022-11-16,"1,501.34 ㎡","12,427.27 ㎡"
슈가맨워크 예술회관역점 2인실내측,인천광역시,남동구,구월동,,1458-1 번지,인하로507번길,63 번,37.44618567,126.7028336,21573,인천광역시 남동구 인하로507번길 63,인천광역시 남동구 구월동 1458-1,480000,월,독립오피스,1명 ~ 2명,00:00 ~ 24:00,00:00 ~ 24:00,00:00 ~ 24:00,00:00 ~ 24:00,00:00 ~ 24:00,00:00 ~ 24:00,00:00 ~ 24:00,Y,N,Y,Y,Y,Y,Y,Y,N,Y,N,Y,N,Y,N,N,N,N,N,Y,N,N,2022-11-16,"1,501.34 ㎡","12,427.27 ㎡"
슈가맨워크 예술회관역점 2인실창측,인천광역시,남동구,구월동,,1458-1 번지,인하로507번길,63 번,37.44618567,126.7028336,21573,인천광역시 남동구 인하로507번길 63,인천광역시 남동구 구월동 1458-1,550000,월,독립오피스,1명 ~ 2명,00:00 ~ 24:00,00:00 ~ 24:00,00:00 ~ 24:00,00:00 ~ 24:00,00:00 ~ 24:00,00:00 ~ 24:00,00:00 ~ 24:00,Y,N,Y,Y,Y,Y,Y,Y,N,Y,N,Y,N,Y,N,N,N,N,N,Y,N,N,2022-11-16,"1,501.34 ㎡","12,427.27 ㎡"
슈가맨워크 예술회관역점 3인실내측,인천광역시,남동구,구월동,,1458-1 번지,인하로507번길,63 번,37.44618567,126.7028336,21573,인천광역시 남동구 인하로507번길 63,인천광역시 남동구 구월동 1458-1,580000,월,독립오피스,1명 ~ 3명,00:00 ~ 24:00,00:00 ~ 24:00,00:00 ~ 24:00,00:00 ~ 24:00,00:00 ~ 24:00,00:00 ~ 24:00,00:00 ~ 24:00,Y,N,Y,Y,Y,Y,Y,Y,N,Y,N,Y,N,Y,N,N,N,N,N,Y,N,N,2022-11-16,"1,501.34 ㎡","12,427.27 ㎡"
슈가맨워크 옥정점 1인실 내측,경기도,양주시,옥정동,,965-6 번지,옥정동로7다길,74 번,37.82073374,127.0928268,11473,경기도 양주시 옥정동로7다길 74,경기도 양주시 옥정동 965-6,350000,월,독립오피스,1명 ~ 1명,00:00 ~ 24:00,00:00 ~ 24:00,00:00 ~ 24:00,00:00 ~ 24:00,00:00 ~ 24:00,00:00 ~ 24:00,00:00 ~ 24:00,Y,N,Y,Y,Y,Y,Y,Y,N,Y,Y,Y,N,Y,N,N,N,N,N,Y,N,N,2022-11-16,"1,203.31 ㎡","12,743.48 ㎡"
슈가맨워크 옥정점 1인실 창측,경기도,양주시,옥정동,,965-6 번지,옥정동로7다길,74 번,37.82073374,127.0928268,11473,경기도 양주시 옥정동로7다길 74,경기도 양주시 옥정동 965-6,380000,월,독립오피스,1명 ~ 1명,00:00 ~ 24:00,00:00 ~ 24:00,00:00 ~ 24:00,00:00 ~ 24:00,00:00 ~ 24:00,00:00 ~ 24:00,00:00 ~ 24:00,Y,N,Y,Y,Y,Y,Y,Y,N,Y,Y,Y,N,Y,N,N,N,N,N,Y,N,N,2022-11-16,"1,203.31 ㎡","12,743.48 ㎡"
슈가맨워크 옥정점 2인실 내측,경기도,양주시,옥정동,,965-6 번지,옥정동로7다길,74 번,37.82073374,127.0928268,11473,경기도 양주시 옥정동로7다길 74,경기도 양주시 옥정동 965-6,480000,월,독립오피스,1명 ~ 2명,00:00 ~ 24:00,00:00 ~ 24:00,00:00 ~ 24:00,00:00 ~ 24:00,00:00 ~ 24:00,00:00 ~ 24:00,00:00 ~ 24:00,Y,N,Y,Y,Y,Y,Y,Y,N,Y,Y,Y,N,Y,N,N,N,N,N,Y,N,N,2022-11-16,"1,203.31 ㎡","12,743.48 ㎡"
슈가맨워크 옥정점 2인실 창측,경기도,양주시,옥정동,,965-6 번지,옥정동로7다길,74 번,37.82073374,127.0928268,11473,경기도 양주시 옥정동로7다길 74,경기도 양주시 옥정동 965-6,550000,월,독립오피스,1명 ~ 2명,00:00 ~ 24:00,00:00 ~ 24:00,00:00 ~ 24:00,00:00 ~ 24:00,00:00 ~ 24:00,00:00 ~ 24:00,00:00 ~ 24:00,Y,N,Y,Y,Y,Y,Y,Y,N,Y,Y,Y,N,Y,N,N,N,N,N,Y,N,N,2022-11-16,"1,203.31 ㎡","12,743.48 ㎡"
슈가맨워크 옥정점 3인실 창측,경기도,양주시,옥정동,,965-6 번지,옥정동로7다길,74 번,37.82073374,127.0928268,11473,경기도 양주시 옥정동로7다길 74,경기도 양주시 옥정동 965-6,650000,월,독립오피스,1명 ~ 3명,00:00 ~ 24:00,00:00 ~ 24:00,00:00 ~ 24:00,00:00 ~ 24:00,00:00 ~ 24:00,00:00 ~ 24:00,00:00 ~ 24:00,Y,N,Y,Y,Y,Y,Y,Y,N,Y,Y,Y,N,Y,N,N,N,N,N,Y,N,N,2022-11-16,"1,203.31 ㎡","12,743.48 ㎡"
슈가맨워크 옥정점 4인실 창측,경기도,양주시,옥정동,,965-6 번지,옥정동로7다길,74 번,37.82073374,127.0928268,11473,경기도 양주시 옥정동로7다길 74,경기도 양주시 옥정동 965-6,800000,월,독립오피스,1명 ~ 4명,00:00 ~ 24:00,00:00 ~ 24:00,00:00 ~ 24:00,00:00 ~ 24:00,00:00 ~ 24:00,00:00 ~ 24:00,00:00 ~ 24:00,Y,N,Y,Y,Y,Y,Y,Y,N,Y,Y,Y,N,Y,N,N,N,N,N,Y,N,N,2022-11-16,"1,203.31 ㎡","12,743.48 ㎡"
슈가맨워크 인덕원역점 1인실 내측,경기도,안양시 동안구,관양동,,1505-27 번지,흥안대로,522 번,37.40050526,126.9773906,13943,경기도 안양시 동안구 흥안대로 522,경기도 안양시 동안구 관양동 1505-27,320000,월,독립오피스,1명 ~ 1명,00:00 ~ 24:00,00:00 ~ 24:00,00:00 ~ 24:00,00:00 ~ 24:00,00:00 ~ 24:00,00:00 ~ 24:00,00:00 ~ 24:00,Y,N,Y,Y,Y,Y,N,Y,N,Y,N,Y,N,Y,N,N,N,N,N,Y,N,N,2022-11-16,285.87 ㎡,"2,790.37 ㎡"
슈가맨워크 인덕원역점 1인실 창측,경기도,안양시 동안구,관양동,,1505-27 번지,흥안대로,522 번,37.40050526,126.9773906,13943,경기도 안양시 동안구 흥안대로 522,경기도 안양시 동안구 관양동 1505-27,360000,월,독립오피스,1명 ~ 1명,00:00 ~ 24:00,00:00 ~ 24:00,00:00 ~ 24:00,00:00 ~ 24:00,00:00 ~ 24:00,00:00 ~ 24:00,00:00 ~ 24:00,Y,N,Y,Y,Y,Y,N,Y,N,Y,N,Y,N,Y,N,N,N,N,N,Y,N,N,2022-11-16,285.87 ㎡,"2,790.37 ㎡"
슈가맨워크 인덕원역점 2인大 내측,경기도,안양시 동안구,관양동,,1505-27 번지,흥안대로,522 번,37.40050526,126.9773906,13943,경기도 안양시 동안구 흥안대로 522,경기도 안양시 동안구 관양동 1505-27,480000,월,독립오피스,1명 ~ 2명,00:00 ~ 24:00,00:00 ~ 24:00,00:00 ~ 24:00,00:00 ~ 24:00,00:00 ~ 24:00,00:00 ~ 24:00,00:00 ~ 24:00,Y,N,Y,Y,Y,Y,N,Y,N,Y,N,Y,N,Y,N,N,N,N,N,Y,N,N,2022-11-16,285.87 ㎡,"2,790.37 ㎡"
슈가맨워크 인덕원역점 2인大 창측,경기도,안양시 동안구,관양동,,1505-27 번지,흥안대로,522 번,37.40050526,126.9773906,13943,경기도 안양시 동안구 흥안대로 522,경기도 안양시 동안구 관양동 1505-27,550000,월,독립오피스,1명 ~ 2명,00:00 ~ 24:00,00:00 ~ 24:00,00:00 ~ 24:00,00:00 ~ 24:00,00:00 ~ 24:00,00:00 ~ 24:00,00:00 ~ 24:00,Y,N,Y,Y,Y,Y,N,Y,N,Y,N,Y,N,Y,N,N,N,N,N,Y,N,N,2022-11-16,285.87 ㎡,"2,790.37 ㎡"
슈가맨워크 인덕원역점 2인실 내측,경기도,안양시 동안구,관양동,,1505-27 번지,흥안대로,522 번,37.40050526,126.9773906,13943,경기도 안양시 동안구 흥안대로 522,경기도 안양시 동안구 관양동 1505-27,430000,월,독립오피스,1명 ~ 2명,00:00 ~ 24:00,00:00 ~ 24:00,00:00 ~ 24:00,00:00 ~ 24:00,00:00 ~ 24:00,00:00 ~ 24:00,00:00 ~ 24:00,Y,N,Y,Y,Y,Y,N,Y,N,Y,N,Y,N,Y,N,N,N,N,N,Y,N,N,2022-11-16,285.87 ㎡,"2,790.37 ㎡"
슈가맨워크 인덕원역점 2인실 창측,경기도,안양시 동안구,관양동,,1505-27 번지,흥안대로,522 번,37.40050526,126.9773906,13943,경기도 안양시 동안구 흥안대로 522,경기도 안양시 동안구 관양동 1505-27,500000,월,독립오피스,1명 ~ 2명,00:00 ~ 24:00,00:00 ~ 24:00,00:00 ~ 24:00,00:00 ~ 24:00,00:00 ~ 24:00,00:00 ~ 24:00,00:00 ~ 24:00,Y,N,Y,Y,Y,Y,N,Y,N,Y,N,Y,N,Y,N,N,N,N,N,Y,N,N,2022-11-16,285.87 ㎡,"2,790.37 ㎡"
슈가맨워크 인덕원역점 3인실 내측,경기도,안양시 동안구,관양동,,1505-27 번지,흥안대로,522 번,37.40050526,126.9773906,13943,경기도 안양시 동안구 흥안대로 522,경기도 안양시 동안구 관양동 1505-27,650000,월,독립오피스,1명 ~ 3명,00:00 ~ 24:00,00:00 ~ 24:00,00:00 ~ 24:00,00:00 ~ 24:00,00:00 ~ 24:00,00:00 ~ 24:00,00:00 ~ 24:00,Y,N,Y,Y,Y,Y,N,Y,N,Y,N,Y,N,Y,N,N,N,N,N,Y,N,N,2022-11-16,285.87 ㎡,"2,790.37 ㎡"
슈가맨워크 인천터미널점 1인실내측,인천광역시,남동구,구월동,,1466 번지,인하로489번길,22 번,37.44456588,126.7013861,21574,인천광역시 남동구 인하로489번길 22,인천광역시 남동구 구월동 1466,370000,월,독립오피스,1명 ~ 1명,00:00 ~ 24:00,00:00 ~ 24:00,00:00 ~ 24:00,00:00 ~ 24:00,00:00 ~ 24:00,00:00 ~ 24:00,00:00 ~ 24:00,Y,N,Y,Y,Y,Y,Y,Y,N,Y,N,Y,N,Y,N,N,N,N,N,Y,N,N,2022-11-16,486.56 ㎡,"4,394.11 ㎡"
슈가맨워크 인천터미널점 1인실창측,인천광역시,남동구,구월동,,1466 번지,인하로489번길,22 번,37.44456588,126.7013861,21574,인천광역시 남동구 인하로489번길 22,인천광역시 남동구 구월동 1466,390000,월,독립오피스,1명 ~ 1명,00:00 ~ 24:00,00:00 ~ 24:00,00:00 ~ 24:00,00:00 ~ 24:00,00:00 ~ 24:00,00:00 ~ 24:00,00:00 ~ 24:00,Y,N,Y,Y,Y,Y,Y,Y,N,Y,N,Y,N,Y,N,N,N,N,N,Y,N,N,2022-11-16,486.56 ㎡,"4,394.11 ㎡"
슈가맨워크 인천터미널점 2인실내측,인천광역시,남동구,구월동,,1466 번지,인하로489번길,22 번,37.44456588,126.7013861,21574,인천광역시 남동구 인하로489번길 22,인천광역시 남동구 구월동 1466,480000,월,독립오피스,1명 ~ 2명,00:00 ~ 24:00,00:00 ~ 24:00,00:00 ~ 24:00,00:00 ~ 24:00,00:00 ~ 24:00,00:00 ~ 24:00,00:00 ~ 24:00,Y,N,Y,Y,Y,Y,Y,Y,N,Y,N,Y,N,Y,N,N,N,N,N,Y,N,N,2022-11-16,486.56 ㎡,"4,394.11 ㎡"
슈가맨워크 인천터미널점 2인실창측,인천광역시,남동구,구월동,,1466 번지,인하로489번길,22 번,37.44456588,126.7013861,21574,인천광역시 남동구 인하로489번길 22,인천광역시 남동구 구월동 1466,550000,월,독립오피스,1명 ~ 2명,00:00 ~ 24:00,00:00 ~ 24:00,00:00 ~ 24:00,00:00 ~ 24:00,00:00 ~ 24:00,00:00 ~ 24:00,00:00 ~ 24:00,Y,N,Y,Y,Y,Y,Y,Y,N,Y,N,Y,N,Y,N,N,N,N,N,Y,N,N,2022-11-16,486.56 ㎡,"4,394.11 ㎡"
슈가맨워크 인천터미널점 3인실내측,인천광역시,남동구,구월동,,1466 번지,인하로489번길,22 번,37.44456588,126.7013861,21574,인천광역시 남동구 인하로489번길 22,인천광역시 남동구 구월동 1466,600000,월,독립오피스,1명 ~ 3명,00:00 ~ 24:00,00:00 ~ 24:00,00:00 ~ 24:00,00:00 ~ 24:00,00:00 ~ 24:00,00:00 ~ 24:00,00:00 ~ 24:00,Y,N,Y,Y,Y,Y,Y,Y,N,Y,N,Y,N,Y,N,N,N,N,N,Y,N,N,2022-11-16,486.56 ㎡,"4,394.11 ㎡"
슈가맨워크 인천터미널점 4인실내측,인천광역시,남동구,구월동,,1466 번지,인하로489번길,22 번,37.44456588,126.7013861,21574,인천광역시 남동구 인하로489번길 22,인천광역시 남동구 구월동 1466,750000,월,독립오피스,1명 ~ 4명,00:00 ~ 24:00,00:00 ~ 24:00,00:00 ~ 24:00,00:00 ~ 24:00,00:00 ~ 24:00,00:00 ~ 24:00,00:00 ~ 24:00,Y,N,Y,Y,Y,Y,Y,Y,N,Y,N,Y,N,Y,N,N,N,N,N,Y,N,N,2022-11-16,486.56 ㎡,"4,394.11 ㎡"
슈가맨워크 진접역점 1인실 내측,경기도,남양주시,진접읍,금곡리,1042 번지,해밀예당1로,220 번,37.72008855,127.2026158,12059,경기도 남양주시 진접읍 해밀예당1로 220,경기도 남양주시 진접읍 금곡리 1042,350000,월,독립오피스,1명 ~ 1명,00:00 ~ 24:00,00:00 ~ 24:00,00:00 ~ 24:00,00:00 ~ 24:00,00:00 ~ 24:00,00:00 ~ 24:00,00:00 ~ 24:00,Y,N,Y,Y,Y,Y,N,Y,N,Y,Y,Y,N,Y,N,N,N,N,N,Y,N,N,2022-11-16,"1,115.53 ㎡","12,485.29 ㎡"
슈가맨워크 진접역점 1인실 창측,경기도,남양주시,진접읍,금곡리,1042 번지,해밀예당1로,220 번,37.72008855,127.2026158,12059,경기도 남양주시 진접읍 해밀예당1로 220,경기도 남양주시 진접읍 금곡리 1042,380000,월,독립오피스,1명 ~ 1명,00:00 ~ 24:00,00:00 ~ 24:00,00:00 ~ 24:00,00:00 ~ 24:00,00:00 ~ 24:00,00:00 ~ 24:00,00:00 ~ 24:00,Y,N,Y,Y,Y,Y,N,Y,N,Y,Y,Y,N,Y,N,N,N,N,N,Y,N,N,2022-11-16,"1,115.53 ㎡","12,485.29 ㎡"
슈가맨워크 진접역점 2인실 내측,경기도,남양주시,진접읍,금곡리,1042 번지,해밀예당1로,220 번,37.72008855,127.2026158,12059,경기도 남양주시 진접읍 해밀예당1로 220,경기도 남양주시 진접읍 금곡리 1042,480000,월,독립오피스,1명 ~ 2명,00:00 ~ 24:00,00:00 ~ 24:00,00:00 ~ 24:00,00:00 ~ 24:00,00:00 ~ 24:00,00:00 ~ 24:00,00:00 ~ 24:00,Y,N,Y,Y,Y,Y,N,Y,N,Y,Y,Y,N,Y,N,N,N,N,N,Y,N,N,2022-11-16,"1,115.53 ㎡","12,485.29 ㎡"
슈가맨워크 진접역점 2인실 창측,경기도,남양주시,진접읍,금곡리,1042 번지,해밀예당1로,220 번,37.72008855,127.2026158,12059,경기도 남양주시 진접읍 해밀예당1로 220,경기도 남양주시 진접읍 금곡리 1042,530000,월,독립오피스,1명 ~ 2명,00:00 ~ 24:00,00:00 ~ 24:00,00:00 ~ 24:00,00:00 ~ 24:00,00:00 ~ 24:00,00:00 ~ 24:00,00:00 ~ 24:00,Y,N,Y,Y,Y,Y,N,Y,N,Y,Y,Y,N,Y,N,N,N,N,N,Y,N,N,2022-11-16,"1,115.53 ㎡","12,485.29 ㎡"
슈가맨워크 진접역점 3인실,경기도,남양주시,진접읍,금곡리,1042 번지,해밀예당1로,220 번,37.72008855,127.2026158,12059,경기도 남양주시 진접읍 해밀예당1로 220,경기도 남양주시 진접읍 금곡리 1042,580000,월,독립오피스,1명 ~ 3명,00:00 ~ 24:00,00:00 ~ 24:00,00:00 ~ 24:00,00:00 ~ 24:00,00:00 ~ 24:00,00:00 ~ 24:00,00:00 ~ 24:00,Y,N,Y,Y,Y,Y,N,Y,N,Y,Y,Y,N,Y,N,N,N,N,N,Y,N,N,2022-11-16,"1,115.53 ㎡","12,485.29 ㎡"
슈가맨워크 청라점 1인실 내측,인천광역시,서구,청라동,,157-19 번지,청라커낼로260번길,7-19 번,37.53263733,126.6466031,22762,인천광역시 서구 청라커낼로260번길 7-19,인천광역시 서구 청라동 157-19,360000,월,독립오피스,1명 ~ 1명,00:00 ~ 24:00,00:00 ~ 24:00,00:00 ~ 24:00,00:00 ~ 24:00,00:00 ~ 24:00,00:00 ~ 24:00,00:00 ~ 24:00,Y,N,Y,N,N,Y,Y,Y,N,Y,N,Y,N,Y,N,N,N,N,N,Y,N,N,2022-11-16,715.43 ㎡,"7,778.4 ㎡"
슈가맨워크 청라점 2인실 내측,인천광역시,서구,청라동,,157-19 번지,청라커낼로260번길,7-19 번,37.53263733,126.6466031,22762,인천광역시 서구 청라커낼로260번길 7-19,인천광역시 서구 청라동 157-19,480000,월,독립오피스,1명 ~ 2명,00:00 ~ 24:00,00:00 ~ 24:00,00:00 ~ 24:00,00:00 ~ 24:00,00:00 ~ 24:00,00:00 ~ 24:00,00:00 ~ 24:00,Y,N,Y,N,N,Y,Y,Y,N,Y,N,Y,N,Y,N,N,N,N,N,Y,N,N,2022-11-16,715.43 ㎡,"7,778.4 ㎡"
슈가맨워크 청라점 2인실 창측,인천광역시,서구,청라동,,157-19 번지,청라커낼로260번길,7-19 번,37.53263733,126.6466031,22762,인천광역시 서구 청라커낼로260번길 7-19,인천광역시 서구 청라동 157-19,550000,월,독립오피스,1명 ~ 2명,00:00 ~ 24:00,00:00 ~ 24:00,00:00 ~ 24:00,00:00 ~ 24:00,00:00 ~ 24:00,00:00 ~ 24:00,00:00 ~ 24:00,Y,N,Y,N,N,Y,Y,Y,N,Y,N,Y,N,Y,N,N,N,N,N,Y,N,N,2022-11-16,715.43 ㎡,"7,778.4 ㎡"
슈가맨워크 청라점 4인실 창측,인천광역시,서구,청라동,,157-19 번지,청라커낼로260번길,7-19 번,37.53263733,126.6466031,22762,인천광역시 서구 청라커낼로260번길 7-19,인천광역시 서구 청라동 157-19,800000,월,독립오피스,1명 ~ 4명,00:00 ~ 24:00,00:00 ~ 24:00,00:00 ~ 24:00,00:00 ~ 24:00,00:00 ~ 24:00,00:00 ~ 24:00,00:00 ~ 24:00,Y,N,Y,N,N,Y,Y,Y,N,Y,N,Y,N,Y,N,N,N,N,N,Y,N,N,2022-11-16,715.43 ㎡,"7,778.4 ㎡"
슈가맨워크 하남풍산점 1인실 내측,경기도,하남시,덕풍동,,744 번지,덕풍동로,111-21 번,37.55180972,127.2076956,12927,경기도 하남시 덕풍동로 111-21,경기도 하남시 덕풍동 744,350000,월,독립오피스,1명 ~ 1명,00:00 ~ 24:00,00:00 ~ 24:00,00:00 ~ 24:00,00:00 ~ 24:00,00:00 ~ 24:00,00:00 ~ 24:00,00:00 ~ 24:00,Y,N,Y,Y,Y,Y,N,Y,N,Y,N,Y,N,Y,N,N,N,N,N,Y,N,N,2022-11-16,"1,432.1 ㎡","19,571.63 ㎡"
슈가맨워크 하남풍산점 1인실 창측,경기도,하남시,덕풍동,,744 번지,덕풍동로,111-21 번,37.55180972,127.2076956,12927,경기도 하남시 덕풍동로 111-21,경기도 하남시 덕풍동 744,380000,월,독립오피스,1명 ~ 1명,00:00 ~ 24:00,00:00 ~ 24:00,00:00 ~ 24:00,00:00 ~ 24:00,00:00 ~ 24:00,00:00 ~ 24:00,00:00 ~ 24:00,Y,N,Y,Y,Y,Y,N,Y,N,Y,N,Y,N,Y,N,N,N,N,N,Y,N,N,2022-11-16,"1,432.1 ㎡","19,571.63 ㎡"
슈가맨워크 하남풍산점 2인실 내측,경기도,하남시,덕풍동,,744 번지,덕풍동로,111-21 번,37.55180972,127.2076956,12927,경기도 하남시 덕풍동로 111-21,경기도 하남시 덕풍동 744,480000,월,독립오피스,1명 ~ 2명,00:00 ~ 24:00,00:00 ~ 24:00,00:00 ~ 24:00,00:00 ~ 24:00,00:00 ~ 24:00,00:00 ~ 24:00,00:00 ~ 24:00,Y,N,Y,Y,Y,Y,N,Y,N,Y,N,Y,N,Y,N,N,N,N,N,Y,N,N,2022-11-16,"1,432.1 ㎡","19,571.63 ㎡"
슈가맨워크 하남풍산점 2인실 창측,경기도,하남시,덕풍동,,744 번지,덕풍동로,111-21 번,37.55180972,127.2076956,12927,경기도 하남시 덕풍동로 111-21,경기도 하남시 덕풍동 744,530000,월,독립오피스,1명 ~ 2명,00:00 ~ 24:00,00:00 ~ 24:00,00:00 ~ 24:00,00:00 ~ 24:00,00:00 ~ 24:00,00:00 ~ 24:00,00:00 ~ 24:00,Y,N,Y,Y,Y,Y,N,Y,N,Y,N,Y,N,Y,N,N,N,N,N,Y,N,N,2022-11-16,"1,432.1 ㎡","19,571.63 ㎡"
슈가맨워크 하남풍산점 3인실 창측,경기도,하남시,덕풍동,,744 번지,덕풍동로,111-21 번,37.55180972,127.2076956,12927,경기도 하남시 덕풍동로 111-21,경기도 하남시 덕풍동 744,630000,월,독립오피스,1명 ~ 3명,00:00 ~ 24:00,00:00 ~ 24:00,00:00 ~ 24:00,00:00 ~ 24:00,00:00 ~ 24:00,00:00 ~ 24:00,00:00 ~ 24:00,Y,N,Y,Y,Y,Y,N,Y,N,Y,N,Y,N,Y,N,N,N,N,N,Y,N,N,2022-11-16,"1,432.1 ㎡","19,571.63 ㎡"
슈가맨워크 하남풍산점 4인실 창측,경기도,하남시,덕풍동,,744 번지,덕풍동로,111-21 번,37.55180972,127.2076956,12927,경기도 하남시 덕풍동로 111-21,경기도 하남시 덕풍동 744,800000,월,독립오피스,1명 ~ 4명,00:00 ~ 24:00,00:00 ~ 24:00,00:00 ~ 24:00,00:00 ~ 24:00,00:00 ~ 24:00,00:00 ~ 24:00,00:00 ~ 24:00,Y,N,Y,Y,Y,Y,N,Y,N,Y,N,Y,N,Y,N,N,N,N,N,Y,N,N,2022-11-16,"1,432.1 ㎡","19,571.63 ㎡"
슈가맨워크 학동역점 1인실 내측,서울특별시,강남구,논현동,,57-13 번지,학동로,161 번,37.51352102,127.028338,6045,서울특별시 강남구 학동로 161,서울특별시 강남구 논현동 57-13,400000,월,독립오피스,1명 ~ 1명,00:00 ~ 24:00,00:00 ~ 24:00,00:00 ~ 24:00,00:00 ~ 24:00,00:00 ~ 24:00,00:00 ~ 24:00,00:00 ~ 24:00,Y,N,Y,N,N,Y,N,Y,Y,Y,N,N,N,Y,N,N,N,N,N,Y,N,N,2022-11-16,345.07 ㎡,"1,796.04 ㎡"
슈가맨워크 학동역점 1인실 창측,서울특별시,강남구,논현동,,57-13 번지,학동로,161 번,37.51352102,127.028338,6045,서울특별시 강남구 학동로 161,서울특별시 강남구 논현동 57-13,500000,월,독립오피스,1명 ~ 1명,00:00 ~ 24:00,00:00 ~ 24:00,00:00 ~ 24:00,00:00 ~ 24:00,00:00 ~ 24:00,00:00 ~ 24:00,00:00 ~ 24:00,Y,N,Y,N,N,Y,N,Y,Y,Y,N,N,N,Y,N,N,N,N,N,Y,N,N,2022-11-16,345.07 ㎡,"1,796.04 ㎡"
슈가맨워크 학동역점 2인실 내측,서울특별시,강남구,논현동,,57-13 번지,학동로,161 번,37.51352102,127.028338,6045,서울특별시 강남구 학동로 161,서울특별시 강남구 논현동 57-13,650000,월,독립오피스,1명 ~ 2명,00:00 ~ 24:00,00:00 ~ 24:00,00:00 ~ 24:00,00:00 ~ 24:00,00:00 ~ 24:00,00:00 ~ 24:00,00:00 ~ 24:00,Y,N,Y,N,N,Y,N,Y,Y,Y,N,N,N,Y,N,N,N,N,N,Y,N,N,2022-11-16,345.07 ㎡,"1,796.04 ㎡"
슈가맨워크 학동역점 2인실 창측,서울특별시,강남구,논현동,,57-13 번지,학동로,161 번,37.51352102,127.028338,6045,서울특별시 강남구 학동로 161,서울특별시 강남구 논현동 57-13,750000,월,독립오피스,1명 ~ 2명,00:00 ~ 24:00,00:00 ~ 24:00,00:00 ~ 24:00,00:00 ~ 24:00,00:00 ~ 24:00,00:00 ~ 24:00,00:00 ~ 24:00,Y,N,Y,N,N,Y,N,Y,Y,Y,N,N,N,Y,N,N,N,N,N,Y,N,N,2022-11-16,345.07 ㎡,"1,796.04 ㎡"
슈가맨워크 학동역점 3인실 내측,서울특별시,강남구,논현동,,57-13 번지,학동로,161 번,37.51352102,127.028338,6045,서울특별시 강남구 학동로 161,서울특별시 강남구 논현동 57-13,900000,월,독립오피스,1명 ~ 3명,00:00 ~ 24:00,00:00 ~ 24:00,00:00 ~ 24:00,00:00 ~ 24:00,00:00 ~ 24:00,00:00 ~ 24:00,00:00 ~ 24:00,Y,N,Y,N,N,Y,N,Y,Y,Y,N,N,N,Y,N,N,N,N,N,Y,N,N,2022-11-16,345.07 ㎡,"1,796.04 ㎡"
슈가맨워크 학동역점 3인실 창측,서울특별시,강남구,논현동,,57-13 번지,학동로,161 번,37.51352102,127.028338,6045,서울특별시 강남구 학동로 161,서울특별시 강남구 논현동 57-13,1000000,월,독립오피스,1명 ~ 3명,00:00 ~ 24:00,00:00 ~ 24:00,00:00 ~ 24:00,00:00 ~ 24:00,00:00 ~ 24:00,00:00 ~ 24:00,00:00 ~ 24:00,Y,N,Y,N,N,Y,N,Y,Y,Y,N,N,N,Y,N,N,N,N,N,Y,N,N,2022-11-16,345.07 ㎡,"1,796.04 ㎡"
슈가맨워크 학동역점 4인실 창측,서울특별시,강남구,논현동,,57-13 번지,학동로,161 번,37.51352102,127.028338,6045,서울특별시 강남구 학동로 161,서울특별시 강남구 논현동 57-13,1200000,월,독립오피스,1명 ~ 4명,00:00 ~ 24:00,00:00 ~ 24:00,00:00 ~ 24:00,00:00 ~ 24:00,00:00 ~ 24:00,00:00 ~ 24:00,00:00 ~ 24:00,Y,N,Y,N,N,Y,N,Y,Y,Y,N,N,N,Y,N,N,N,N,N,Y,N,N,2022-11-16,345.07 ㎡,"1,796.04 ㎡"
슈퍼에그 독립사무실(5인실),서울특별시,종로구,수송동,,68-1 번지,삼봉로,57 번,37.57256152,126.9804738,3151,서울특별시 종로구 삼봉로 57,서울특별시 종로구 수송동 68-1,1925000,월,독립오피스,2명 ~ 6명,00:00 ~ 24:00,00:00 ~ 24:00,00:00 ~ 24:00,00:00 ~ 24:00,00:00 ~ 24:00,00:00 ~ 24:00,00:00 ~ 24:00,Y,N,Y,Y,N,Y,Y,Y,N,Y,Y,N,N,Y,N,N,Y,Y,Y,Y,N,N,2022-11-16,262.2 ㎡,"3,228.63 ㎡"
슈퍼에그 플레이스 4인 독립사무실,서울특별시,종로구,수송동,,68-1 번지,삼봉로,57 번,37.57256152,126.9804738,3151,서울특별시 종로구 삼봉로 57,서울특별시 종로구 수송동 68-1,1650000,월,독립오피스,1명 ~ 5명,00:00 ~ 24:00,00:00 ~ 24:00,00:00 ~ 24:00,00:00 ~ 24:00,00:00 ~ 24:00,00:00 ~ 24:00,00:00 ~ 24:00,Y,N,Y,N,Y,Y,Y,Y,N,Y,Y,Y,N,Y,Y,N,N,N,N,Y,N,N,2022-11-16,262.2 ㎡,"3,228.63 ㎡"
슈퍼에그플레이스 2-3독립 사무실,서울특별시,종로구,수송동,,68-1 번지,삼봉로,57 번,37.57256152,126.9804738,3151,서울특별시 종로구 삼봉로 57,서울특별시 종로구 수송동 68-1,1045000,월,독립오피스,1명 ~ 3명,00:00 ~ 24:00,00:00 ~ 24:00,00:00 ~ 24:00,00:00 ~ 24:00,00:00 ~ 24:00,00:00 ~ 24:00,00:00 ~ 24:00,Y,N,Y,Y,Y,Y,Y,Y,N,Y,Y,Y,N,Y,Y,Y,Y,Y,Y,Y,N,N,2022-11-16,262.2 ㎡,"3,228.63 ㎡"
슈퍼에그플레이스 독립사무실 S6,서울특별시,종로구,수송동,,68-1 번지,삼봉로,57 번,37.57256152,126.9804738,3151,서울특별시 종로구 삼봉로 57,서울특별시 종로구 수송동 68-1,1650000,월,독립오피스,1명 ~ 4명,00:00 ~ 24:00,00:00 ~ 24:00,00:00 ~ 24:00,00:00 ~ 24:00,00:00 ~ 24:00,00:00 ~ 24:00,00:00 ~ 24:00,Y,N,Y,N,Y,Y,Y,Y,N,Y,Y,Y,N,Y,Y,N,Y,Y,Y,Y,N,N,2022-11-16,262.2 ㎡,"3,228.63 ㎡"
스마트앤오피스,경기도,고양시 일산동구,장항동,,856-2 번지,정발산로,31-10 번,37.65739364,126.7724041,10402,경기도 고양시 일산동구 정발산로 31-10,경기도 고양시 일산동구 장항동 856-2,27500,월,독립오피스,1명 ~ 3명,00:00 ~ 24:00,00:00 ~ 24:00,00:00 ~ 24:00,00:00 ~ 24:00,00:00 ~ 24:00,00:00 ~ 24:00,00:00 ~ 24:00,Y,N,Y,Y,Y,Y,Y,Y,N,Y,Y,Y,N,Y,N,Y,N,N,N,Y,N,Y,2022-11-16,"1,065.56 ㎡","13,730.18 ㎡"
스타비즈니스센터 1인실,경기도,김포시,사우동,,878 번지,사우중로74번길,7 번,37.62121396,126.7211428,10111,경기도 김포시 사우중로74번길 7,경기도 김포시 사우동 878,220000,월,독립오피스,1명 ~ 1명,00:00 ~ 24:00,00:00 ~ 24:00,00:00 ~ 24:00,00:00 ~ 24:00,00:00 ~ 24:00,00:00 ~ 24:00,00:00 ~ 24:00,Y,N,Y,Y,Y,Y,Y,Y,N,Y,N,N,N,Y,N,N,N,N,N,Y,N,N,2022-11-16,455.85 ㎡,"4,319.05 ㎡"
스타비즈니스센터 2인실,경기도,김포시,사우동,,878 번지,사우중로74번길,7 번,37.62121396,126.7211428,10111,경기도 김포시 사우중로74번길 7,경기도 김포시 사우동 878,330000,월,독립오피스,1명 ~ 2명,00:00 ~ 24:00,00:00 ~ 24:00,00:00 ~ 24:00,00:00 ~ 24:00,00:00 ~ 24:00,00:00 ~ 24:00,00:00 ~ 24:00,Y,N,Y,Y,Y,Y,Y,Y,N,Y,N,N,N,Y,N,N,N,N,N,Y,N,N,2022-11-16,455.85 ㎡,"4,319.05 ㎡"
스타비즈니스센터 4인실,경기도,김포시,사우동,,878 번지,사우중로74번길,7 번,37.62121396,126.7211428,10111,경기도 김포시 사우중로74번길 7,경기도 김포시 사우동 878,495000,월,독립오피스,1명 ~ 4명,00:00 ~ 24:00,00:00 ~ 24:00,00:00 ~ 24:00,00:00 ~ 24:00,00:00 ~ 24:00,00:00 ~ 24:00,00:00 ~ 24:00,Y,N,Y,Y,Y,Y,Y,Y,N,Y,N,N,N,Y,N,N,N,N,N,Y,N,N,2022-11-16,455.85 ㎡,"4,319.05 ㎡"
스타우스 2인실,인천광역시,미추홀구,문학동,,329-3 번지,승학길,5-30 번,37.43995907,126.6783681,22231,인천광역시 미추홀구 승학길 5-30,인천광역시 미추홀구 문학동 329-3,330000,월,독립오피스,1명 ~ 2명,09:00 ~ 22:00,09:00 ~ 22:00,09:00 ~ 22:00,09:00 ~ 22:00,09:00 ~ 22:00,휴무일,휴무일,Y,N,Y,Y,N,Y,Y,Y,N,Y,N,N,N,Y,N,N,N,N,N,Y,N,N,2022-11-16,389.84 ㎡,"1,497.57 ㎡"
스타우스 3인실,인천광역시,미추홀구,문학동,,329-3 번지,승학길,5-30 번,37.43995907,126.6783681,22231,인천광역시 미추홀구 승학길 5-30,인천광역시 미추홀구 문학동 329-3,385000,월,독립오피스,1명 ~ 3명,09:00 ~ 22:00,09:00 ~ 22:00,09:00 ~ 22:00,09:00 ~ 22:00,09:00 ~ 22:00,휴무일,휴무일,Y,N,Y,Y,N,Y,Y,Y,N,Y,N,N,N,Y,N,N,N,Y,N,Y,N,N,2022-11-16,389.84 ㎡,"1,497.57 ㎡"
스타우스 소호 사무실 1인실,인천광역시,미추홀구,문학동,,329-3 번지,승학길,5-30 번,37.43999291,126.6783563,22231,인천광역시 미추홀구 승학길 5-30,인천광역시 미추홀구 문학동 329-3,198000,월,독립오피스,1명 ~ 2명,휴무일,휴무일,휴무일,휴무일,휴무일,휴무일,휴무일,Y,N,Y,Y,Y,Y,Y,Y,N,Y,Y,N,N,Y,N,N,N,Y,N,Y,N,Y,2022-11-16,389.84 ㎡,"1,497.57 ㎡"
스타트업소호 인천점,인천광역시,남동구,구월동,,1542-1 번지,선수촌공원로23번길,11 번,37.44087515,126.7085322,21582,인천광역시 남동구 선수촌공원로23번길 11,인천광역시 남동구 구월동 1542-1,176000,월,독립오피스,1명 ~ 6명,00:00 ~ 24:00,00:00 ~ 24:00,00:00 ~ 24:00,00:00 ~ 24:00,00:00 ~ 24:00,00:00 ~ 24:00,00:00 ~ 24:00,Y,N,Y,N,Y,Y,Y,Y,N,Y,Y,Y,N,Y,N,N,N,N,N,Y,N,N,2022-11-16,786.4 ㎡,"6,891.01 ㎡"
스타트업소호 일산점,경기도,고양시 일산동구,중산동,,1579-1 번지,탄중로,429 번,37.68708851,126.7786459,10338,경기도 고양시 일산동구 탄중로 429,경기도 고양시 일산동구 중산동 1579-1,165000,월,독립오피스,1명 ~ 6명,00:00 ~ 24:00,00:00 ~ 24:00,00:00 ~ 24:00,00:00 ~ 24:00,00:00 ~ 24:00,00:00 ~ 24:00,00:00 ~ 24:00,Y,N,Y,N,Y,Y,Y,Y,N,Y,N,Y,N,Y,N,N,N,N,N,Y,N,N,2022-11-16,558.72 ㎡,"3,579.3 ㎡"
스튜디오모노 1-3인 공유오피스,서울특별시,강남구,논현동,,170 번지,논현로115길,71 번,37.50832105,127.0272031,6118,서울특별시 강남구 논현로115길 71,서울특별시 강남구 논현동 170,550000,월,독립오피스,1명 ~ 3명,00:00 ~ 24:00,00:00 ~ 24:00,00:00 ~ 24:00,00:00 ~ 24:00,00:00 ~ 24:00,00:00 ~ 24:00,00:00 ~ 24:00,Y,N,Y,N,Y,Y,Y,Y,N,Y,N,Y,N,Y,Y,Y,N,Y,Y,Y,N,N,2022-11-16,143.64 ㎡,"1,052.64 ㎡"
스튜디오모노 4-5인 공유오피스,서울특별시,강남구,논현동,,170 번지,논현로115길,71 번,37.50832105,127.0272031,6118,서울특별시 강남구 논현로115길 71,서울특별시 강남구 논현동 170,990000,월,독립오피스,1명 ~ 1명,00:00 ~ 24:00,00:00 ~ 24:00,00:00 ~ 24:00,00:00 ~ 24:00,00:00 ~ 24:00,00:00 ~ 24:00,00:00 ~ 24:00,Y,N,Y,N,Y,Y,Y,Y,N,Y,N,Y,N,Y,Y,Y,N,Y,Y,Y,N,N,2022-11-16,143.64 ㎡,"1,052.64 ㎡"
스튜디오모노 8인 오피스,서울특별시,강남구,논현동,,170 번지,논현로115길,71 번,37.50832105,127.0272031,6118,서울특별시 강남구 논현로115길 71,서울특별시 강남구 논현동 170,1980000,월,독립오피스,1명 ~ 10명,00:00 ~ 24:00,00:00 ~ 24:00,00:00 ~ 24:00,00:00 ~ 24:00,00:00 ~ 24:00,00:00 ~ 24:00,00:00 ~ 24:00,Y,N,Y,N,Y,Y,Y,Y,N,Y,N,Y,N,Y,Y,Y,N,Y,Y,Y,N,N,2022-11-16,143.64 ㎡,"1,052.64 ㎡"
스틸얼라이브,서울특별시,동대문구,장안동,,423-4 번지,천호대로83길,31 번,37.56374117,127.0649884,2636,서울특별시 동대문구 천호대로83길 31,서울특별시 동대문구 장안동 423-4,704000,월,독립오피스,1명 ~ 6명,00:00 ~ 24:00,00:00 ~ 24:00,00:00 ~ 24:00,00:00 ~ 24:00,00:00 ~ 24:00,00:00 ~ 24:00,00:00 ~ 24:00,Y,N,Y,N,Y,Y,N,Y,Y,Y,Y,Y,N,Y,Y,N,Y,Y,Y,Y,N,N,2022-11-16,351.83 ㎡,"2,295.12 ㎡"
스페이스 소호 고양일산 공유사무실,경기도,고양시 일산동구,백석동,,1308 번지,일산로,46 번,37.64235812,126.7879038,10449,경기도 고양시 일산동구 일산로 46,경기도 고양시 일산동구 백석동 1308,450000,월,독립오피스,1명 ~ 3명,00:00 ~ 24:00,00:00 ~ 24:00,00:00 ~ 24:00,00:00 ~ 24:00,00:00 ~ 24:00,00:00 ~ 24:00,00:00 ~ 24:00,Y,N,Y,Y,Y,Y,Y,Y,N,Y,N,N,N,Y,N,Y,N,N,N,Y,N,N,2022-11-16,- ㎡,- ㎡
스페이스-G21,서울특별시,금천구,가산동,,371-28 번지,가산디지털1로,168 번,37.47996643,126.8826362,8507,서울특별시 금천구 가산디지털1로 168,서울특별시 금천구 가산동 371-28,55000,월,독립오피스,1명 ~ 3명,00:00 ~ 24:00,00:00 ~ 24:00,00:00 ~ 24:00,00:00 ~ 24:00,00:00 ~ 24:00,00:00 ~ 24:00,00:00 ~ 24:00,Y,Y,Y,Y,Y,Y,Y,Y,N,Y,Y,Y,N,Y,Y,Y,N,Y,Y,Y,N,N,2022-11-16,"14,951.82 ㎡","190,392.75 ㎡"
스페이스액트 신림 오피스 1인실,서울특별시,관악구,신림동,,1638-32 번지,신림로59길,23 번,37.48286087,126.9285864,8776,서울특별시 관악구 신림로59길 23,서울특별시 관악구 신림동 1638-32,270000,월,독립오피스,1명 ~ 1명,00:00 ~ 24:00,00:00 ~ 24:00,00:00 ~ 24:00,00:00 ~ 24:00,00:00 ~ 24:00,00:00 ~ 24:00,00:00 ~ 24:00,Y,Y,Y,N,Y,Y,N,Y,N,Y,Y,Y,N,Y,N,Y,Y,Y,Y,Y,N,N,2022-11-16,"1,282.92 ㎡","19,780.19 ㎡"
스페이스코웍 전북혁신점 오피스,전라북도,완주군,이서면,갈산리,664-11 번지,안전로,139 번,35.83650525,127.05823,55365,전라북도 완주군 이서면 안전로 139,전라북도 완주군 이서면 갈산리 664-11,550000,월,독립오피스,1명 ~ 1명,00:00 ~ 24:00,00:00 ~ 24:00,00:00 ~ 24:00,00:00 ~ 24:00,00:00 ~ 24:00,00:00 ~ 24:00,00:00 ~ 24:00,Y,Y,Y,N,N,Y,Y,Y,N,Y,Y,Y,N,Y,N,Y,N,Y,Y,Y,N,N,2022-11-16,593.39 ㎡,"4,078.31 ㎡"
스페이스플로우,서울특별시,강동구,성내동,,43-11 번지,천호옛길,88 번,37.53648376,127.1258247,5379,서울특별시 강동구 천호옛길 88,서울특별시 강동구 성내동 43-11,25000,일,독립오피스,1명 ~ 1명,00:00 ~ 24:00,00:00 ~ 24:00,00:00 ~ 24:00,00:00 ~ 24:00,00:00 ~ 24:00,00:00 ~ 24:00,00:00 ~ 24:00,Y,Y,Y,N,Y,Y,N,Y,N,Y,Y,Y,N,Y,N,Y,N,Y,N,Y,N,N,2022-11-16,589.39 ㎡,"5,405.48 ㎡"
스페이스N(앤),서울특별시,종로구,관철동,,12-1 번지,종로14길,20 번,37.56910347,126.9867618,3190,서울특별시 종로구 종로14길 20,서울특별시 종로구 관철동 12-1,300000,월,독립오피스,1명 ~ 1명,08:00 ~ 22:00,08:00 ~ 22:00,08:00 ~ 22:00,08:00 ~ 22:00,08:00 ~ 22:00,08:00 ~ 22:00,휴무일,Y,Y,Y,N,Y,Y,Y,N,Y,Y,N,Y,N,Y,Y,Y,Y,Y,Y,Y,N,N,2022-11-16,0.0 ㎡,485.3 ㎡
시드플레이스,서울특별시,강서구,마곡동,,797-7 번지,마곡중앙6로,66 번,37.55991526,126.8343608,7803,서울특별시 강서구 마곡중앙6로 66,서울특별시 강서구 마곡동 797-7,33000,일,독립오피스,1명 ~ 6명,00:00 ~ 24:00,00:00 ~ 24:00,00:00 ~ 24:00,00:00 ~ 24:00,00:00 ~ 24:00,00:00 ~ 24:00,00:00 ~ 24:00,Y,Y,Y,N,Y,Y,Y,Y,N,Y,Y,Y,N,Y,Y,Y,N,Y,Y,Y,Y,N,2022-11-16,"2,040.18 ㎡","31,841.76 ㎡"
신논현역 빅토리 5인실,서울특별시,서초구,서초동,,1303-3 번지,사평대로,368 번,37.50378789,127.0235177,6611,서울특별시 서초구 사평대로 368,서울특별시 서초구 서초동 1303-3,1390000,월,독립오피스,1명 ~ 5명,00:00 ~ 24:00,00:00 ~ 24:00,00:00 ~ 24:00,00:00 ~ 24:00,00:00 ~ 24:00,00:00 ~ 24:00,00:00 ~ 24:00,Y,Y,Y,Y,Y,Y,Y,Y,N,Y,Y,Y,N,Y,N,Y,Y,Y,Y,Y,N,Y,2022-11-16,381.02 ㎡,"6,902.92 ㎡"
신촌 공유오피스 이화공간 1인,서울특별시,서대문구,대현동,,90-23 번지,이화여대3길,33 번,37.55784155,126.9438411,3766,서울특별시 서대문구 이화여대3길 33,서울특별시 서대문구 대현동 90-23,270000,월,독립오피스,1명 ~ 1명,00:00 ~ 24:00,00:00 ~ 24:00,00:00 ~ 24:00,00:00 ~ 24:00,00:00 ~ 24:00,00:00 ~ 24:00,00:00 ~ 24:00,Y,N,Y,N,Y,Y,Y,Y,N,Y,N,N,N,Y,N,Y,Y,N,N,Y,N,N,2022-11-16,124.26 ㎡,745.47 ㎡
신촌 공유오피스 이화공간 2인실,서울특별시,서대문구,대현동,,90-23 번지,이화여대3길,33 번,37.55784155,126.9438411,3766,서울특별시 서대문구 이화여대3길 33,서울특별시 서대문구 대현동 90-23,400000,월,독립오피스,2명 ~ 2명,00:00 ~ 24:00,00:00 ~ 24:00,00:00 ~ 24:00,00:00 ~ 24:00,00:00 ~ 24:00,00:00 ~ 24:00,00:00 ~ 24:00,Y,N,Y,N,Y,Y,Y,Y,N,Y,N,N,N,Y,N,Y,Y,N,N,Y,N,N,2022-11-16,124.26 ㎡,745.47 ㎡
신촌 소호사무실 이화공간 독방,서울특별시,서대문구,대현동,,90-23 번지,이화여대3길,33 번,37.55784155,126.9438411,3766,서울특별시 서대문구 이화여대3길 33,서울특별시 서대문구 대현동 90-23,350000,월,독립오피스,1명 ~ 1명,00:00 ~ 24:00,00:00 ~ 24:00,00:00 ~ 24:00,00:00 ~ 24:00,00:00 ~ 24:00,00:00 ~ 24:00,00:00 ~ 24:00,Y,N,Y,N,Y,Y,Y,Y,N,Y,N,N,N,Y,N,Y,Y,N,N,Y,N,N,2022-11-16,124.26 ㎡,745.47 ㎡
신촌 이화공간 고정석,서울특별시,서대문구,대현동,,90-23 번지,이화여대3길,33 번,37.55784155,126.9438411,3766,서울특별시 서대문구 이화여대3길 33,서울특별시 서대문구 대현동 90-23,230000,월,독립오피스,1명 ~ 1명,00:00 ~ 24:00,00:00 ~ 24:00,00:00 ~ 24:00,00:00 ~ 24:00,00:00 ~ 24:00,00:00 ~ 24:00,00:00 ~ 24:00,Y,N,Y,N,Y,Y,Y,Y,N,Y,N,N,N,Y,N,Y,Y,N,N,Y,N,N,2022-11-16,124.26 ㎡,745.47 ㎡
아이비즈영통 - 1인실(4층),경기도,수원시 영통구,영통동,,1013-1 번지,청명로21번길,19 번,37.24994909,127.0789083,16705,경기도 수원시 영통구 청명로21번길 19,경기도 수원시 영통구 영통동 1013-1,250000,월,독립오피스,1명 ~ 1명,00:00 ~ 24:00,00:00 ~ 24:00,00:00 ~ 24:00,00:00 ~ 24:00,00:00 ~ 24:00,00:00 ~ 24:00,00:00 ~ 24:00,Y,Y,Y,N,N,Y,Y,Y,N,Y,Y,N,N,Y,N,N,N,N,N,Y,N,N,2022-11-16,323.67 ㎡,"2,370.73 ㎡"
아이비즈영통 - 1인실(6층),경기도,수원시 영통구,영통동,,1013-1 번지,청명로21번길,19 번,37.24994909,127.0789083,16705,경기도 수원시 영통구 청명로21번길 19,경기도 수원시 영통구 영통동 1013-1,275000,월,독립오피스,1명 ~ 1명,00:00 ~ 24:00,00:00 ~ 24:00,00:00 ~ 24:00,00:00 ~ 24:00,00:00 ~ 24:00,00:00 ~ 24:00,00:00 ~ 24:00,Y,Y,Y,N,N,Y,Y,Y,N,Y,Y,N,N,Y,N,N,N,N,N,Y,N,N,2022-11-16,323.67 ㎡,"2,370.73 ㎡"
아이비즈영통 4인실,경기도,수원시 영통구,영통동,,1013-1 번지,청명로21번길,19 번,37.25000698,127.0789784,16705,경기도 수원시 영통구 청명로21번길 19,경기도 수원시 영통구 영통동 1013-1,1050000,월,독립오피스,1명 ~ 1명,00:00 ~ 24:00,00:00 ~ 24:00,00:00 ~ 24:00,00:00 ~ 24:00,00:00 ~ 24:00,00:00 ~ 24:00,00:00 ~ 24:00,Y,Y,Y,N,Y,Y,Y,Y,N,Y,Y,N,N,Y,N,Y,N,N,N,Y,N,N,2022-11-16,323.67 ㎡,"2,370.73 ㎡"
아이오피스 - 1인실,경기도,수원시 팔달구,인계동,,1034-16 번지,경수대로466번길,58 번,37.26668414,127.0302789,16489,경기도 수원시 팔달구 경수대로466번길 58,경기도 수원시 팔달구 인계동 1034-16,275000,월,독립오피스,1명 ~ 1명,00:00 ~ 24:00,00:00 ~ 24:00,00:00 ~ 24:00,00:00 ~ 24:00,00:00 ~ 24:00,00:00 ~ 24:00,00:00 ~ 24:00,Y,Y,Y,N,N,Y,Y,Y,N,Y,Y,N,N,Y,N,N,N,Y,Y,Y,N,N,2022-11-16,402.9 ㎡,"2,422.79 ㎡"
아이오피스 2인실 독립오피스,경기도,수원시 팔달구,인계동,,1034-16 번지,경수대로466번길,58 번,37.26668414,127.0302789,16489,경기도 수원시 팔달구 경수대로466번길 58,경기도 수원시 팔달구 인계동 1034-16,385000,월,독립오피스,1명 ~ 2명,00:00 ~ 24:00,00:00 ~ 24:00,00:00 ~ 24:00,00:00 ~ 24:00,00:00 ~ 24:00,00:00 ~ 24:00,00:00 ~ 24:00,Y,Y,Y,N,Y,Y,Y,Y,N,Y,Y,Y,N,Y,Y,Y,N,Y,Y,Y,N,N,2022-11-16,402.9 ㎡,"2,422.79 ㎡"
아이오피스 수원공유오피스,경기도,수원시 팔달구,인계동,,1034-16 번지,경수대로466번길,58 번,37.26668414,127.0302789,16489,경기도 수원시 팔달구 경수대로466번길 58,경기도 수원시 팔달구 인계동 1034-16,352000,월,독립오피스,1명 ~ 2명,00:00 ~ 24:00,00:00 ~ 24:00,00:00 ~ 24:00,00:00 ~ 24:00,00:00 ~ 24:00,00:00 ~ 24:00,00:00 ~ 24:00,Y,Y,Y,Y,Y,Y,Y,Y,N,Y,N,Y,N,Y,Y,N,N,Y,Y,Y,N,N,2022-11-16,402.9 ㎡,"2,422.79 ㎡"
아크로피스성동센터,서울특별시,성동구,마장동,,768-5 번지,마장로35나길,39 번,37.56740359,127.0434966,4756,서울특별시 성동구 마장로35나길 39,서울특별시 성동구 마장동 768-5,220000,월,독립오피스,1명 ~ 1명,00:00 ~ 24:00,00:00 ~ 24:00,00:00 ~ 24:00,00:00 ~ 24:00,00:00 ~ 24:00,00:00 ~ 24:00,00:00 ~ 24:00,Y,N,Y,N,Y,Y,N,Y,N,N,Y,N,N,Y,N,N,N,N,Y,Y,N,N,2022-11-16,530.82 ㎡,"3,471.38 ㎡"
아크로피스송파센타,서울특별시,송파구,방이동,,24-7 번지,올림픽로30길,10 번,37.51484246,127.1079367,5542,서울특별시 송파구 올림픽로30길 10,서울특별시 송파구 방이동 24-7,440000,월,독립오피스,1명 ~ 2명,00:00 ~ 24:00,00:00 ~ 24:00,00:00 ~ 24:00,00:00 ~ 24:00,00:00 ~ 24:00,휴무일,휴무일,Y,N,Y,N,Y,Y,Y,Y,Y,Y,N,N,N,Y,N,Y,N,N,Y,Y,N,N,2022-11-16,302.49 ㎡,"1,863.4 ㎡"
아트앤 스페이스 역삼 오피스,서울특별시,강남구,역삼동,,647-5 번지,테헤란로13길,8-7 번,37.50050081,127.0330617,6133,서울특별시 강남구 테헤란로13길 8-7,서울특별시 강남구 역삼동 647-5,90000,일,독립오피스,1명 ~ 6명,00:00 ~ 24:00,00:00 ~ 24:00,00:00 ~ 24:00,00:00 ~ 24:00,00:00 ~ 24:00,00:00 ~ 24:00,00:00 ~ 24:00,Y,N,N,N,Y,Y,N,Y,N,Y,Y,N,N,N,N,N,N,Y,Y,Y,Y,N,2022-11-16,128.43 ㎡,"1,382.63 ㎡"
안산 비상주사무실임대 114소호_기본 계약,경기도,안산시 단원구,고잔동,,771-3 번지,광덕대로,154 번,37.31017074,126.8307346,15470,경기도 안산시 단원구 광덕대로 154,경기도 안산시 단원구 고잔동 771-3,70000,월,독립오피스,1명 ~ 3명,00:00 ~ 24:00,00:00 ~ 24:00,00:00 ~ 24:00,00:00 ~ 24:00,00:00 ~ 24:00,00:00 ~ 24:00,00:00 ~ 24:00,Y,N,Y,N,Y,Y,Y,Y,N,Y,Y,N,N,Y,N,Y,N,N,N,Y,N,N,2022-11-16,- ㎡,- ㎡
안산공유오피스 114소호_기본계약(6인),경기도,안산시 단원구,고잔동,,771-3 번지,광덕대로,154 번,37.31017074,126.8307346,15470,경기도 안산시 단원구 광덕대로 154,경기도 안산시 단원구 고잔동 771-3,350000,월,독립오피스,1명 ~ 3명,00:00 ~ 24:00,00:00 ~ 24:00,00:00 ~ 24:00,00:00 ~ 24:00,00:00 ~ 24:00,00:00 ~ 24:00,00:00 ~ 24:00,Y,N,Y,N,Y,Y,Y,Y,N,Y,Y,N,N,Y,N,Y,N,N,N,Y,N,N,2022-11-16,- ㎡,- ㎡
안산비상주사무실 114소호_기본계약(내측),경기도,안산시 단원구,고잔동,,771-3 번지,광덕대로,154 번,37.31017074,126.8307346,15470,경기도 안산시 단원구 광덕대로 154,경기도 안산시 단원구 고잔동 771-3,150000,월,독립오피스,1명 ~ 3명,00:00 ~ 24:00,00:00 ~ 24:00,00:00 ~ 24:00,00:00 ~ 24:00,00:00 ~ 24:00,00:00 ~ 24:00,00:00 ~ 24:00,Y,N,Y,N,Y,Y,Y,Y,N,Y,Y,N,N,Y,N,Y,N,N,N,Y,N,N,2022-11-16,- ㎡,- ㎡
안산소호사무실 114소호_기본계약(창측),경기도,안산시 단원구,고잔동,,771-3 번지,광덕대로,154 번,37.31017074,126.8307346,15470,경기도 안산시 단원구 광덕대로 154,경기도 안산시 단원구 고잔동 771-3,250000,월,독립오피스,1명 ~ 3명,00:00 ~ 24:00,00:00 ~ 24:00,00:00 ~ 24:00,00:00 ~ 24:00,00:00 ~ 24:00,00:00 ~ 24:00,00:00 ~ 24:00,Y,N,Y,N,Y,Y,Y,Y,N,Y,Y,N,N,Y,N,Y,N,N,N,Y,N,N,2022-11-16,- ㎡,- ㎡
안양소호사무실 1인 오피스 임대,경기도,안양시 동안구,관양동,,1502-6 번지,흥안대로,519 번,37.40031616,126.9761634,13951,경기도 안양시 동안구 흥안대로 519,경기도 안양시 동안구 관양동 1502-6,297000,월,독립오피스,1명 ~ 1명,00:00 ~ 24:00,00:00 ~ 24:00,00:00 ~ 24:00,00:00 ~ 24:00,00:00 ~ 24:00,00:00 ~ 24:00,00:00 ~ 24:00,Y,N,Y,Y,Y,Y,Y,Y,N,Y,Y,N,N,Y,N,Y,N,Y,Y,Y,N,N,2022-11-16,"1,091.68 ㎡","20,073.22 ㎡"
압구정 로데오 지구어 공유 오피스,서울특별시,강남구,청담동,,88-1 번지,도산대로55길,26 번,37.52522789,127.0407905,6014,서울특별시 강남구 도산대로55길 26,서울특별시 강남구 청담동 88-1,1500000,월,독립오피스,1명 ~ 5명,00:00 ~ 24:00,00:00 ~ 24:00,00:00 ~ 24:00,00:00 ~ 24:00,00:00 ~ 24:00,00:00 ~ 24:00,00:00 ~ 24:00,Y,Y,Y,N,N,Y,Y,Y,N,Y,Y,Y,N,Y,Y,Y,N,N,N,Y,N,N,2022-11-16,188.19 ㎡,994.48 ㎡
압구정로데오 지구어 3층 공간,서울특별시,강남구,청담동,,88-1 번지,도산대로55길,26 번,37.52522789,127.0407905,6014,서울특별시 강남구 도산대로55길 26,서울특별시 강남구 청담동 88-1,660000,월,독립오피스,1명 ~ 4명,00:00 ~ 24:00,00:00 ~ 24:00,00:00 ~ 24:00,00:00 ~ 24:00,00:00 ~ 24:00,00:00 ~ 24:00,00:00 ~ 24:00,N,Y,Y,N,N,Y,Y,Y,N,N,Y,Y,N,Y,Y,Y,N,N,Y,Y,N,N,2022-11-16,188.19 ㎡,994.48 ㎡
앵커스테이션 비즈니스센터,서울특별시,마포구,서교동,,482-21 번지,월드컵로8길,45-8 번,37.55383533,126.9148827,4029,서울특별시 마포구 월드컵로8길 45-8,서울특별시 마포구 서교동 482-21,270000,월,독립오피스,1명 ~ 2명,00:00 ~ 24:00,00:00 ~ 24:00,00:00 ~ 24:00,00:00 ~ 24:00,00:00 ~ 24:00,00:00 ~ 24:00,00:00 ~ 24:00,Y,N,Y,Y,Y,Y,Y,Y,N,Y,N,Y,N,Y,N,Y,N,N,N,Y,N,Y,2022-11-16,151.06 ㎡,561.61 ㎡
양재역 에메랄드비즈니스센터 1인실,서울특별시,서초구,서초동,,1365-7 번지,강남대로37길,49 번,37.48461898,127.0309034,6734,서울특별시 서초구 강남대로37길 49,서울특별시 서초구 서초동 1365-7,33000,일,독립오피스,1명 ~ 1명,09:00 ~ 18:00,09:00 ~ 18:00,09:00 ~ 18:00,09:00 ~ 18:00,09:00 ~ 18:00,휴무일,휴무일,Y,Y,Y,Y,Y,Y,Y,Y,N,Y,N,Y,N,Y,N,Y,Y,Y,Y,Y,N,N,2022-11-16,185.36 ㎡,"1,135.98 ㎡"
양재역 에메랄드비즈니스센터 2인실,서울특별시,서초구,서초동,,1365-7 번지,강남대로37길,49 번,37.48461898,127.0309034,6734,서울특별시 서초구 강남대로37길 49,서울특별시 서초구 서초동 1365-7,660000,월,독립오피스,1명 ~ 2명,09:00 ~ 18:00,09:00 ~ 18:00,09:00 ~ 18:00,09:00 ~ 18:00,09:00 ~ 18:00,08:00 ~ 22:00,08:00 ~ 22:00,Y,Y,Y,Y,Y,Y,Y,Y,N,Y,Y,Y,N,Y,N,Y,Y,Y,Y,Y,N,N,2022-11-16,185.36 ㎡,"1,135.98 ㎡"
양재역 에메랄드비즈니스센터 4인실,서울특별시,서초구,서초동,,1365-7 번지,강남대로37길,49 번,37.48461898,127.0309034,6734,서울특별시 서초구 강남대로37길 49,서울특별시 서초구 서초동 1365-7,110000,일,독립오피스,1명 ~ 4명,09:00 ~ 18:00,09:00 ~ 18:00,09:00 ~ 18:00,09:00 ~ 18:00,09:00 ~ 18:00,휴무일,휴무일,Y,Y,Y,Y,Y,Y,Y,Y,N,Y,Y,Y,N,Y,N,Y,Y,Y,Y,Y,N,N,2022-11-16,185.36 ㎡,"1,135.98 ㎡"
어반라이프오피스 강동점,서울특별시,강동구,길동,,345-9 번지,천중로,213 번,37.54100208,127.1439778,5303,서울특별시 강동구 천중로 213,서울특별시 강동구 길동 345-9,528000,월,독립오피스,2명 ~ 2명,09:00 ~ 22:00,09:00 ~ 22:00,09:00 ~ 22:00,09:00 ~ 22:00,09:00 ~ 22:00,09:00 ~ 22:00,09:00 ~ 22:00,Y,N,Y,Y,Y,Y,Y,Y,N,Y,Y,N,N,Y,N,Y,N,Y,Y,Y,N,Y,2022-11-16,171.57 ㎡,"1,334.16 ㎡"
어반라이프오피스 잠실점,서울특별시,송파구,방이동,,51-11 번지,백제고분로,509 번,37.51581817,127.1151744,5545,서울특별시 송파구 백제고분로 509,서울특별시 송파구 방이동 51-11,638000,월,독립오피스,2명 ~ 2명,09:00 ~ 22:00,09:00 ~ 22:00,09:00 ~ 22:00,09:00 ~ 22:00,09:00 ~ 22:00,09:00 ~ 22:00,09:00 ~ 22:00,Y,Y,Y,N,Y,Y,Y,Y,N,Y,Y,Y,N,Y,N,Y,N,Y,Y,Y,N,N,2022-11-16,426.12 ㎡,"10,000.59 ㎡"
어반비지니스 1인실(1day),서울특별시,송파구,방이동,,36-7 번지,올림픽로32길,11 번,37.515095,127.1092252,5543,서울특별시 송파구 올림픽로32길 11,서울특별시 송파구 방이동 36-7,30000,일,독립오피스,1명 ~ 1명,00:00 ~ 24:00,00:00 ~ 24:00,00:00 ~ 24:00,00:00 ~ 24:00,00:00 ~ 24:00,00:00 ~ 24:00,00:00 ~ 24:00,Y,N,Y,N,N,Y,Y,Y,N,Y,N,N,N,Y,N,Y,N,Y,Y,Y,N,N,2022-11-16,158.75 ㎡,"1,618.01 ㎡"
어반비지니스 2인실(1day),서울특별시,송파구,방이동,,36-7 번지,올림픽로32길,11 번,37.515095,127.1092252,5543,서울특별시 송파구 올림픽로32길 11,서울특별시 송파구 방이동 36-7,55000,일,독립오피스,1명 ~ 2명,00:00 ~ 24:00,00:00 ~ 24:00,00:00 ~ 24:00,00:00 ~ 24:00,00:00 ~ 24:00,00:00 ~ 24:00,00:00 ~ 24:00,Y,N,Y,N,N,Y,Y,Y,N,Y,N,N,N,Y,N,Y,N,Y,Y,Y,N,N,2022-11-16,158.75 ㎡,"1,618.01 ㎡"
어반엑시트 독립형 공유오피스,서울특별시,강남구,역삼동,,639-15 번지,논현로95길,24 번,37.50209949,127.0339263,6131,서울특별시 강남구 논현로95길 24,서울특별시 강남구 역삼동 639-15,2530000,월,독립오피스,1명 ~ 5명,00:00 ~ 24:00,00:00 ~ 24:00,00:00 ~ 24:00,00:00 ~ 24:00,00:00 ~ 24:00,12:30 ~ 24:00,12:30 ~ 24:00,Y,N,Y,N,Y,Y,Y,N,Y,Y,Y,Y,N,Y,Y,Y,N,Y,N,Y,Y,N,2022-11-16,152.4 ㎡,590.44 ㎡
에메랄드비즈니스센터 6-8인실,서울특별시,서초구,서초동,,1365-7 번지,강남대로37길,49 번,37.48461898,127.0309034,6734,서울특별시 서초구 강남대로37길 49,서울특별시 서초구 서초동 1365-7,110000,일,독립오피스,1명 ~ 8명,00:00 ~ 24:00,00:00 ~ 24:00,00:00 ~ 24:00,00:00 ~ 24:00,00:00 ~ 24:00,휴무일,휴무일,Y,Y,Y,Y,Y,Y,Y,Y,N,Y,Y,N,N,Y,N,Y,Y,Y,N,Y,N,N,2022-11-16,185.36 ㎡,"1,135.98 ㎡"
에이스원비즈 -3인 독립사무실,서울특별시,영등포구,문래동,,55-20 번지,경인로,775 번,37.51474642,126.8975368,7299,서울특별시 영등포구 경인로 775,서울특별시 영등포구 문래동3가 55-20,850000,월,독립오피스,1명 ~ 2명,00:00 ~ 24:00,00:00 ~ 24:00,00:00 ~ 24:00,00:00 ~ 24:00,00:00 ~ 24:00,00:00 ~ 24:00,00:00 ~ 24:00,Y,Y,Y,Y,Y,Y,Y,Y,N,Y,Y,Y,N,Y,Y,N,N,Y,Y,Y,N,Y,2022-11-16,"11,983.01 ㎡","196,644.23 ㎡"
에이스원비즈 -4인 독립사무실,서울특별시,영등포구,문래동,,55-20 번지,경인로,775 번,37.51474642,126.8975368,7299,서울특별시 영등포구 경인로 775,서울특별시 영등포구 문래동3가 55-20,1045000,월,독립오피스,1명 ~ 4명,00:00 ~ 24:00,00:00 ~ 24:00,00:00 ~ 24:00,00:00 ~ 24:00,00:00 ~ 24:00,00:00 ~ 24:00,00:00 ~ 24:00,Y,Y,Y,Y,Y,Y,Y,Y,N,Y,Y,Y,N,Y,Y,N,N,Y,Y,Y,N,Y,2022-11-16,"11,983.01 ㎡","196,644.23 ㎡"
에이스원비즈 -5인 독립사무실,서울특별시,영등포구,문래동,,55-20 번지,경인로,775 번,37.51474642,126.8975368,7299,서울특별시 영등포구 경인로 775,서울특별시 영등포구 문래동3가 55-20,1045000,월,독립오피스,1명 ~ 5명,00:00 ~ 24:00,00:00 ~ 24:00,00:00 ~ 24:00,00:00 ~ 24:00,00:00 ~ 24:00,00:00 ~ 24:00,00:00 ~ 24:00,Y,Y,Y,Y,Y,Y,Y,Y,N,Y,Y,Y,N,Y,Y,N,N,Y,Y,Y,N,Y,2022-11-16,"11,983.01 ㎡","196,644.23 ㎡"
에이스원비즈- 2인 독립사무실,서울특별시,영등포구,문래동,,55-20 번지,경인로,775 번,37.51474642,126.8975368,7299,서울특별시 영등포구 경인로 775,서울특별시 영등포구 문래동3가 55-20,550000,월,독립오피스,2명 ~ 2명,00:00 ~ 24:00,00:00 ~ 24:00,00:00 ~ 24:00,00:00 ~ 24:00,00:00 ~ 24:00,00:00 ~ 24:00,00:00 ~ 24:00,Y,Y,Y,Y,Y,Y,Y,Y,N,Y,Y,Y,N,Y,Y,N,N,Y,Y,Y,N,Y,2022-11-16,"11,983.01 ㎡","196,644.23 ㎡"
에이스원비즈- 공유오피스 1인실,서울특별시,영등포구,문래동,,55-20 번지,경인로,775 번,37.51474642,126.8975368,7299,서울특별시 영등포구 경인로 775,서울특별시 영등포구 문래동3가 55-20,275000,월,독립오피스,1명 ~ 1명,00:00 ~ 24:00,00:00 ~ 24:00,00:00 ~ 24:00,00:00 ~ 24:00,00:00 ~ 24:00,00:00 ~ 24:00,00:00 ~ 24:00,Y,Y,Y,Y,Y,Y,Y,Y,N,Y,Y,Y,N,Y,Y,N,N,Y,Y,Y,N,Y,2022-11-16,"11,983.01 ㎡","196,644.23 ㎡"
에이스페이스 1인실,인천광역시,부평구,갈산동,,381-3 번지,길주로,547 번,37.50758854,126.7230373,21338,인천광역시 부평구 길주로 547,인천광역시 부평구 갈산동 381-3,385000,월,독립오피스,1명 ~ 1명,00:00 ~ 24:00,00:00 ~ 24:00,00:00 ~ 24:00,00:00 ~ 24:00,00:00 ~ 24:00,00:00 ~ 24:00,00:00 ~ 24:00,Y,Y,Y,N,Y,Y,Y,Y,N,Y,Y,Y,N,Y,Y,Y,N,Y,Y,Y,N,Y,2022-11-16,322.85 ㎡,"2,082.85 ㎡"
에이스페이스 2인실,인천광역시,부평구,갈산동,,381-3 번지,길주로,547 번,37.50758854,126.7230373,21338,인천광역시 부평구 길주로 547,인천광역시 부평구 갈산동 381-3,495000,월,독립오피스,2명 ~ 2명,00:00 ~ 24:00,00:00 ~ 24:00,00:00 ~ 24:00,00:00 ~ 24:00,00:00 ~ 24:00,00:00 ~ 24:00,00:00 ~ 24:00,Y,Y,Y,N,Y,Y,Y,Y,N,Y,Y,Y,N,Y,Y,Y,N,Y,Y,Y,N,Y,2022-11-16,322.85 ㎡,"2,082.85 ㎡"
에이치엘오(HLO)1인실(day),서울특별시,광진구,군자동,,48-40 번지,동일로56길,60 번,37.55518933,127.0750617,4999,서울특별시 광진구 동일로56길 60,서울특별시 광진구 군자동 48-40,200000,일,독립오피스,1명 ~ 1명,10:00 ~ 18:00,10:00 ~ 18:00,10:00 ~ 18:00,10:00 ~ 18:00,10:00 ~ 18:00,휴무일,휴무일,Y,Y,Y,N,N,Y,N,N,Y,Y,Y,N,N,Y,N,N,N,N,N,Y,N,N,2022-11-16,111.47 ㎡,538.88 ㎡
엠피스 천안센터,충청남도,천안시 동남구,청당동,,524 번지,청수9로,47 번,36.78219643,127.1548689,31198,충청남도 천안시 동남구 청수9로 47,충청남도 천안시 동남구 청당동 524,330000,월,독립오피스,1명 ~ 6명,00:00 ~ 24:00,00:00 ~ 24:00,00:00 ~ 24:00,00:00 ~ 24:00,00:00 ~ 24:00,00:00 ~ 24:00,00:00 ~ 24:00,Y,Y,Y,N,Y,Y,Y,Y,N,Y,Y,Y,N,Y,N,N,N,Y,Y,Y,N,N,2022-11-16,577.28 ㎡,"5,934.48 ㎡"
"역삼 원데이 오피스, 아룸",서울특별시,강남구,역삼동,,738-11 번지,논현로85길,5-5 번,37.49889057,127.0371498,6237,서울특별시 강남구 논현로85길 5-5,서울특별시 강남구 역삼동 738-11,150000,일,독립오피스,1명 ~ 6명,00:00 ~ 24:00,00:00 ~ 24:00,00:00 ~ 24:00,00:00 ~ 24:00,00:00 ~ 24:00,00:00 ~ 24:00,00:00 ~ 24:00,Y,N,N,N,Y,Y,N,Y,N,N,N,N,N,N,N,N,N,Y,Y,Y,Y,N,2022-11-16,107.81 ㎡,456.22 ㎡
역삼역 공유오피스 독립형 크리액션,서울특별시,강남구,역삼동,,738-37 번지,논현로79길,8 번,37.49781105,127.0375217,6237,서울특별시 강남구 논현로79길 8,서울특별시 강남구 역삼동 738-37,660000,월,독립오피스,1명 ~ 1명,00:00 ~ 24:00,00:00 ~ 24:00,00:00 ~ 24:00,00:00 ~ 24:00,00:00 ~ 24:00,00:00 ~ 24:00,00:00 ~ 24:00,Y,N,Y,N,Y,Y,N,Y,N,Y,Y,Y,N,Y,N,Y,N,Y,N,Y,N,N,2022-11-16,600.03 ㎡,"4,637.03 ㎡"
영등포 공유오피 2인 소호 사무실,서울특별시,영등포구,문래동,,55-20 번지,경인로,775 번,37.51474642,126.8975368,7299,서울특별시 영등포구 경인로 775,서울특별시 영등포구 문래동3가 55-20,475000,월,독립오피스,1명 ~ 2명,00:00 ~ 24:00,00:00 ~ 24:00,00:00 ~ 24:00,00:00 ~ 24:00,00:00 ~ 24:00,00:00 ~ 24:00,00:00 ~ 24:00,Y,Y,Y,N,Y,Y,Y,Y,N,Y,Y,Y,N,Y,Y,Y,N,Y,Y,Y,N,N,2022-11-16,"11,983.01 ㎡","196,644.23 ㎡"
영등포 당산역 디오빌오피스비상주,서울특별시,영등포구,당산2동,,11-33 번지,당산로,222 번,37.53323494,126.9022683,7214,서울특별시 영등포구 당산로 222,서울특별시 영등포구 당산동5가 11-33,275000,월,독립오피스,1명 ~ 3명,00:00 ~ 24:00,00:00 ~ 24:00,00:00 ~ 24:00,00:00 ~ 24:00,00:00 ~ 24:00,00:00 ~ 24:00,00:00 ~ 24:00,Y,N,Y,N,Y,Y,Y,Y,N,Y,Y,N,N,Y,N,Y,N,N,N,Y,N,N,2022-11-16,- ㎡,- ㎡
영등포 비상주사업자 114소호,서울특별시,영등포구,양평1동,,15-1 번지,양산로,53 번,37.52563167,126.8889225,7271,서울특별시 영등포구 양산로 53,서울특별시 영등포구 양평동3가 15-1,70000,월,독립오피스,1명 ~ 3명,00:00 ~ 24:00,00:00 ~ 24:00,00:00 ~ 24:00,00:00 ~ 24:00,00:00 ~ 24:00,00:00 ~ 24:00,00:00 ~ 24:00,Y,N,Y,N,Y,Y,Y,Y,N,Y,Y,N,N,Y,N,Y,N,N,N,Y,N,N,2022-11-16,"2,611.53 ㎡","29,875.94 ㎡"
영등포가상오피스 114소호 4만원,서울특별시,영등포구,양평1동,,15-1 번지,양산로,53 번,37.52563167,126.8889225,7271,서울특별시 영등포구 양산로 53,서울특별시 영등포구 양평동3가 15-1,70000,월,독립오피스,1명 ~ 3명,00:00 ~ 24:00,00:00 ~ 24:00,00:00 ~ 24:00,00:00 ~ 24:00,00:00 ~ 24:00,00:00 ~ 24:00,00:00 ~ 24:00,Y,N,Y,N,Y,Y,Y,Y,N,Y,Y,N,N,Y,N,Y,N,N,N,Y,N,N,2022-11-16,"2,611.53 ㎡","29,875.94 ㎡"
영등포공유오피스(2인) 114소호,서울특별시,영등포구,양평1동,,15-1 번지,양산로,53 번,37.52563167,126.8889225,7271,서울특별시 영등포구 양산로 53,서울특별시 영등포구 양평동3가 15-1,385000,월,독립오피스,1명 ~ 1명,00:00 ~ 24:00,00:00 ~ 24:00,00:00 ~ 24:00,00:00 ~ 24:00,00:00 ~ 24:00,00:00 ~ 24:00,00:00 ~ 24:00,Y,N,Y,N,Y,Y,Y,Y,N,Y,Y,Y,N,Y,N,N,N,N,N,Y,N,N,2022-11-16,"2,611.53 ㎡","29,875.94 ㎡"
영등포비상주 (주)한얼에이앤에이치,서울특별시,영등포구,당산1동,,395-25 번지,국회대로28길,17 번,37.52711693,126.8942787,7256,서울특별시 영등포구 국회대로28길 17,서울특별시 영등포구 당산동3가 395-25,330000,월,독립오피스,1명 ~ 3명,00:00 ~ 24:00,00:00 ~ 24:00,00:00 ~ 24:00,00:00 ~ 24:00,00:00 ~ 24:00,00:00 ~ 24:00,00:00 ~ 24:00,Y,N,Y,Y,Y,Y,Y,Y,N,Y,Y,Y,N,Y,Y,Y,N,Y,Y,Y,N,N,2022-11-16,343.55 ㎡,"1,283.99 ㎡"
영등포비상주사무실 114소호,서울특별시,영등포구,양평1동,,15-1 번지,양산로,53 번,37.52563167,126.8889225,7271,서울특별시 영등포구 양산로 53,서울특별시 영등포구 양평동3가 15-1,150000,월,독립오피스,1명 ~ 3명,00:00 ~ 24:00,00:00 ~ 24:00,00:00 ~ 24:00,00:00 ~ 24:00,00:00 ~ 24:00,00:00 ~ 24:00,00:00 ~ 24:00,Y,N,Y,N,Y,Y,Y,Y,N,Y,Y,N,N,Y,N,Y,N,N,N,Y,N,N,2022-11-16,"2,611.53 ㎡","29,875.94 ㎡"
영등포비상주사무실 가온비즈니스센터,서울특별시,영등포구,당산2동,,217-4 번지,양평로,24 번,37.53325958,126.9037411,7223,서울특별시 영등포구 양평로 24,서울특별시 영등포구 당산동6가 217-4,55000,월,독립오피스,1명 ~ 1명,00:00 ~ 24:00,00:00 ~ 24:00,00:00 ~ 24:00,00:00 ~ 24:00,00:00 ~ 24:00,00:00 ~ 24:00,00:00 ~ 24:00,N,N,N,Y,N,Y,N,N,Y,N,N,N,N,N,N,N,N,N,N,Y,N,N,2022-11-16,209.48 ㎡,"1,490.02 ㎡"
영등포소호 2인실 디오빌오피스,서울특별시,영등포구,당산2동,,11-33 번지,당산로,222 번,37.53324478,126.9022911,7214,서울특별시 영등포구 당산로 222,서울특별시 영등포구 당산동5가 11-33,495000,월,독립오피스,1명 ~ 3명,00:00 ~ 24:00,00:00 ~ 24:00,00:00 ~ 24:00,00:00 ~ 24:00,00:00 ~ 24:00,00:00 ~ 24:00,00:00 ~ 24:00,Y,N,Y,N,Y,Y,Y,Y,N,Y,Y,N,N,Y,N,Y,N,N,N,Y,N,N,2022-11-16,- ㎡,- ㎡
"영등포소호,공유오피스,비상주",서울특별시,영등포구,당산2동,,11-33 번지,당산로,222 번,37.53324478,126.9022911,7214,서울특별시 영등포구 당산로 222,서울특별시 영등포구 당산동5가 11-33,275000,월,독립오피스,1명 ~ 3명,00:00 ~ 24:00,00:00 ~ 24:00,00:00 ~ 24:00,00:00 ~ 24:00,00:00 ~ 24:00,00:00 ~ 24:00,00:00 ~ 24:00,Y,N,Y,N,Y,Y,Y,Y,N,Y,Y,N,N,Y,N,Y,N,N,N,Y,N,N,2022-11-16,- ㎡,- ㎡
오늘맑음 소호사무실,서울특별시,강북구,미아동,,160-37 번지,도봉로,274-1 번,37.6330144,127.0237883,1128,서울특별시 강북구 도봉로 274-1,서울특별시 강북구 미아동 160-37,200000,월,독립오피스,1명 ~ 10명,00:00 ~ 24:00,00:00 ~ 24:00,00:00 ~ 24:00,00:00 ~ 24:00,00:00 ~ 24:00,00:00 ~ 24:00,00:00 ~ 24:00,Y,Y,Y,Y,Y,Y,Y,Y,N,Y,N,Y,N,Y,N,Y,N,N,Y,Y,N,Y,2022-11-16,167.64 ㎡,658.89 ㎡
오늘맑음 소호사무실(독립2인실),서울특별시,강북구,미아동,,160-37 번지,도봉로,274-1 번,37.6330144,127.0237883,1128,서울특별시 강북구 도봉로 274-1,서울특별시 강북구 미아동 160-37,350000,월,독립오피스,1명 ~ 2명,00:00 ~ 24:00,00:00 ~ 24:00,00:00 ~ 24:00,00:00 ~ 24:00,00:00 ~ 24:00,00:00 ~ 24:00,00:00 ~ 24:00,Y,Y,Y,Y,Y,Y,Y,Y,N,Y,N,Y,N,Y,N,Y,N,N,Y,Y,N,Y,2022-11-16,167.64 ㎡,658.89 ㎡
오늘맑음 소호사무실(독립3인실),서울특별시,강북구,미아동,,160-37 번지,도봉로,274-1 번,37.6330144,127.0237883,1128,서울특별시 강북구 도봉로 274-1,서울특별시 강북구 미아동 160-37,400000,월,독립오피스,1명 ~ 3명,00:00 ~ 24:00,00:00 ~ 24:00,00:00 ~ 24:00,00:00 ~ 24:00,00:00 ~ 24:00,00:00 ~ 24:00,00:00 ~ 24:00,Y,Y,Y,Y,Y,Y,Y,Y,N,Y,N,Y,N,Y,N,Y,N,N,Y,Y,N,Y,2022-11-16,167.64 ㎡,658.89 ㎡
오늘맑음소호사무실(강북점 1인실),서울특별시,강북구,미아동,,160-37 번지,도봉로,274-1 번,37.6330144,127.0237883,1128,서울특별시 강북구 도봉로 274-1,서울특별시 강북구 미아동 160-37,250000,월,독립오피스,1명 ~ 1명,00:00 ~ 24:00,00:00 ~ 24:00,00:00 ~ 24:00,00:00 ~ 24:00,00:00 ~ 24:00,00:00 ~ 24:00,00:00 ~ 24:00,Y,Y,Y,Y,Y,Y,Y,Y,N,Y,N,Y,N,Y,N,Y,N,N,Y,Y,N,Y,2022-11-16,167.64 ㎡,658.89 ㎡
오피스248 원데이오피스 (1일_코워킹),서울특별시,동대문구,전농동,,597-6 번지,왕산로,248 번,37.58298622,127.0493836,2554,서울특별시 동대문구 왕산로 248,서울특별시 동대문구 전농동 597-6,11000,일,독립오피스,1명 ~ 2명,09:00 ~ 18:00,09:00 ~ 18:00,09:00 ~ 18:00,09:00 ~ 18:00,09:00 ~ 18:00,09:00 ~ 18:00,09:00 ~ 18:00,Y,N,Y,N,Y,Y,Y,N,N,Y,Y,N,N,Y,Y,N,N,Y,N,Y,N,N,2022-11-16,- ㎡,- ㎡
오피스248_4인실,서울특별시,동대문구,전농동,,597-6 번지,왕산로,248 번,37.58298622,127.0493836,2554,서울특별시 동대문구 왕산로 248,서울특별시 동대문구 전농동 597-6,330000,월,독립오피스,1명 ~ 8명,00:00 ~ 24:00,00:00 ~ 24:00,00:00 ~ 24:00,00:00 ~ 24:00,00:00 ~ 24:00,00:00 ~ 24:00,00:00 ~ 24:00,Y,N,Y,Y,N,Y,Y,Y,N,N,Y,Y,N,Y,Y,Y,N,N,Y,Y,N,N,2022-11-16,- ㎡,- ㎡
오피스밸리 군포점 2인실,경기도,군포시,금정동,,710-7 번지,금산로,13 번,37.36359691,126.9405759,15827,경기도 군포시 금산로 13,경기도 군포시 금정동 710-7,330000,월,독립오피스,1명 ~ 2명,00:00 ~ 24:00,00:00 ~ 24:00,00:00 ~ 24:00,00:00 ~ 24:00,00:00 ~ 24:00,00:00 ~ 24:00,00:00 ~ 24:00,Y,Y,Y,Y,Y,Y,Y,Y,N,Y,Y,Y,N,Y,N,Y,N,Y,N,Y,N,Y,2022-11-16,604.76 ㎡,"5,925.51 ㎡"
오피스밸리 군포점 3인실,경기도,군포시,금정동,,710-7 번지,금산로,13 번,37.36359691,126.9405759,15827,경기도 군포시 금산로 13,경기도 군포시 금정동 710-7,440000,월,독립오피스,1명 ~ 3명,00:00 ~ 24:00,00:00 ~ 24:00,00:00 ~ 24:00,00:00 ~ 24:00,00:00 ~ 24:00,00:00 ~ 24:00,00:00 ~ 24:00,Y,Y,Y,Y,Y,Y,Y,Y,N,Y,Y,Y,N,Y,N,Y,N,Y,N,Y,N,Y,2022-11-16,604.76 ㎡,"5,925.51 ㎡"
오피스야 전포점,부산광역시,부산진구,전포동,,631-15 번지,동성로,137 번,35.16070656,129.063952,47243,부산광역시 부산진구 동성로 137,부산광역시 부산진구 전포동 631-15,10000,일,독립오피스,1명 ~ 8명,00:00 ~ 24:00,00:00 ~ 24:00,00:00 ~ 24:00,00:00 ~ 24:00,00:00 ~ 24:00,00:00 ~ 24:00,00:00 ~ 24:00,Y,Y,Y,N,Y,Y,N,Y,N,Y,N,Y,N,Y,N,N,N,N,N,Y,N,Y,2022-11-16,347.77 ㎡,"4,837.37 ㎡"
오피스프렌즈 강북구소호사무실,서울특별시,강북구,수유동,,188-6 번지,한천로,1077 번,37.64230205,127.0231915,1070,서울특별시 강북구 한천로 1077,서울특별시 강북구 수유동 188-6,270000,월,독립오피스,1명 ~ 1명,00:00 ~ 24:00,00:00 ~ 24:00,00:00 ~ 24:00,00:00 ~ 24:00,00:00 ~ 24:00,00:00 ~ 24:00,00:00 ~ 24:00,Y,N,Y,N,N,Y,Y,Y,N,Y,Y,N,N,Y,N,N,N,N,N,Y,N,N,2022-11-16,252.0 ㎡,999.6 ㎡
오피스프렌즈 강북구소호사무실 2인,서울특별시,강북구,수유동,,188-6 번지,한천로,1077 번,37.64230205,127.0231915,1070,서울특별시 강북구 한천로 1077,서울특별시 강북구 수유동 188-6,385000,월,독립오피스,1명 ~ 2명,00:00 ~ 24:00,00:00 ~ 24:00,00:00 ~ 24:00,00:00 ~ 24:00,00:00 ~ 24:00,00:00 ~ 24:00,00:00 ~ 24:00,Y,N,Y,N,N,Y,Y,Y,N,Y,Y,N,N,Y,N,N,N,N,N,Y,N,N,2022-11-16,252.0 ㎡,999.6 ㎡
오피스프렌즈 강북구소호사무실 3인,서울특별시,강북구,수유동,,188-6 번지,한천로,1077 번,37.64230205,127.0231915,1070,서울특별시 강북구 한천로 1077,서울특별시 강북구 수유동 188-6,440000,월,독립오피스,1명 ~ 3명,00:00 ~ 24:00,00:00 ~ 24:00,00:00 ~ 24:00,00:00 ~ 24:00,00:00 ~ 24:00,00:00 ~ 24:00,00:00 ~ 24:00,Y,N,Y,N,N,Y,Y,Y,N,Y,Y,N,N,Y,N,N,N,N,N,Y,N,N,2022-11-16,252.0 ㎡,999.6 ㎡
오피스프렌즈 노원소호사무실,서울특별시,노원구,상계동,,169-457 번지,한글비석로,415 번,37.66143269,127.0704568,1682,서울특별시 노원구 한글비석로 415,서울특별시 노원구 상계동 169-457,330000,월,독립오피스,1명 ~ 2명,00:00 ~ 24:00,00:00 ~ 24:00,00:00 ~ 24:00,00:00 ~ 24:00,00:00 ~ 24:00,00:00 ~ 24:00,00:00 ~ 24:00,Y,N,Y,N,N,Y,Y,Y,N,Y,Y,N,N,Y,N,N,N,N,N,Y,N,N,2022-11-16,0.0 ㎡,768.15 ㎡
오피스프렌즈 노원소호사무실 5인,서울특별시,노원구,상계동,,169-457 번지,한글비석로,415 번,37.66143269,127.0704568,1682,서울특별시 노원구 한글비석로 415,서울특별시 노원구 상계동 169-457,500000,월,독립오피스,1명 ~ 4명,00:00 ~ 24:00,00:00 ~ 24:00,00:00 ~ 24:00,00:00 ~ 24:00,00:00 ~ 24:00,00:00 ~ 24:00,00:00 ~ 24:00,Y,N,Y,N,N,Y,Y,Y,N,Y,Y,N,N,Y,N,N,N,N,N,Y,N,N,2022-11-16,0.0 ㎡,768.15 ㎡
오피스프렌즈 상계역소호사무실,서울특별시,노원구,상계동,,169-330 번지,한글비석로,416 번,37.6617023,127.070689,1668,서울특별시 노원구 한글비석로 416,서울특별시 노원구 상계동 169-330,385000,월,독립오피스,1명 ~ 2명,00:00 ~ 24:00,00:00 ~ 24:00,00:00 ~ 24:00,00:00 ~ 24:00,00:00 ~ 24:00,00:00 ~ 24:00,00:00 ~ 24:00,Y,N,Y,N,N,Y,Y,Y,N,Y,Y,N,N,Y,N,N,N,N,N,Y,N,N,2022-11-16,144.55 ㎡,777.8 ㎡
오피스프렌즈 상계역소호사무실 1인,서울특별시,노원구,상계동,,169-330 번지,한글비석로,416 번,37.6617023,127.070689,1668,서울특별시 노원구 한글비석로 416,서울특별시 노원구 상계동 169-330,330000,월,독립오피스,1명 ~ 1명,00:00 ~ 24:00,00:00 ~ 24:00,00:00 ~ 24:00,00:00 ~ 24:00,00:00 ~ 24:00,00:00 ~ 24:00,00:00 ~ 24:00,Y,N,Y,N,N,Y,Y,Y,N,Y,Y,N,N,Y,N,N,N,N,N,Y,N,N,2022-11-16,144.55 ㎡,777.8 ㎡
오피스프렌즈 상계역소호사무실 4인,서울특별시,노원구,상계동,,169-330 번지,한글비석로,416 번,37.6617023,127.070689,1668,서울특별시 노원구 한글비석로 416,서울특별시 노원구 상계동 169-330,500000,월,독립오피스,1명 ~ 4명,00:00 ~ 24:00,00:00 ~ 24:00,00:00 ~ 24:00,00:00 ~ 24:00,00:00 ~ 24:00,00:00 ~ 24:00,00:00 ~ 24:00,Y,N,Y,N,N,Y,Y,Y,N,Y,Y,N,N,Y,N,N,N,N,N,Y,N,N,2022-11-16,144.55 ㎡,777.8 ㎡
오피스프렌즈 성북구소호사무실,서울특별시,성북구,장위동,,66-9 번지,화랑로33길,39 번,37.61187045,127.054542,2771,서울특별시 성북구 화랑로33길 39,서울특별시 성북구 장위동 66-9,330000,월,독립오피스,1명 ~ 1명,00:00 ~ 24:00,00:00 ~ 24:00,00:00 ~ 24:00,00:00 ~ 24:00,00:00 ~ 24:00,00:00 ~ 24:00,00:00 ~ 24:00,Y,N,Y,N,N,Y,Y,Y,N,Y,N,N,N,Y,N,N,N,N,N,Y,N,N,2022-11-16,271.2 ㎡,"1,479.36 ㎡"
오피스프렌즈 성북구소호사무실 1인,서울특별시,성북구,장위동,,66-9 번지,화랑로33길,39 번,37.61187045,127.054542,2771,서울특별시 성북구 화랑로33길 39,서울특별시 성북구 장위동 66-9,275000,월,독립오피스,1명 ~ 1명,00:00 ~ 24:00,00:00 ~ 24:00,00:00 ~ 24:00,00:00 ~ 24:00,00:00 ~ 24:00,00:00 ~ 24:00,00:00 ~ 24:00,Y,N,Y,N,N,Y,Y,Y,N,Y,N,N,N,Y,N,N,N,N,N,Y,N,N,2022-11-16,271.2 ㎡,"1,479.36 ㎡"
오피스프렌즈 성북구소호사무실 2인,서울특별시,성북구,장위동,,66-9 번지,화랑로33길,39 번,37.61187045,127.054542,2771,서울특별시 성북구 화랑로33길 39,서울특별시 성북구 장위동 66-9,385000,월,독립오피스,1명 ~ 2명,00:00 ~ 24:00,00:00 ~ 24:00,00:00 ~ 24:00,00:00 ~ 24:00,00:00 ~ 24:00,00:00 ~ 24:00,00:00 ~ 24:00,Y,N,Y,N,N,Y,Y,Y,N,Y,N,N,N,Y,N,N,N,N,N,Y,N,N,2022-11-16,271.2 ㎡,"1,479.36 ㎡"
오피스프렌즈 잠실 소호사무실,서울특별시,송파구,잠실동,,339-2 번지,백제고분로20길,13-8 번,37.5034052,127.0862277,5578,서울특별시 송파구 백제고분로20길 13-8,서울특별시 송파구 잠실동 339-2,330000,월,독립오피스,1명 ~ 2명,00:00 ~ 24:00,00:00 ~ 24:00,00:00 ~ 24:00,00:00 ~ 24:00,00:00 ~ 24:00,00:00 ~ 24:00,00:00 ~ 24:00,Y,N,Y,N,N,Y,Y,Y,Y,Y,Y,N,N,Y,N,N,N,N,N,Y,N,N,2022-11-16,301.32 ㎡,"2,250.53 ㎡"
오피스허브[프리미엄 1인실],서울특별시,강남구,개포동,,186-15 번지,개포로,508 번,37.4892333,127.0679556,6329,서울특별시 강남구 개포로 508,서울특별시 강남구 개포동 186-15,500000,월,독립오피스,1명 ~ 3명,09:00 ~ 17:00,09:00 ~ 17:00,09:00 ~ 17:00,09:00 ~ 17:00,09:00 ~ 17:00,휴무일,휴무일,Y,Y,Y,Y,Y,Y,Y,Y,N,Y,Y,Y,N,Y,N,Y,Y,Y,Y,Y,N,N,2022-11-16,455.47 ㎡,"3,826.34 ㎡"
온비즈 오피스 - 1인실,서울특별시,강남구,대치동,,942-15 번지,테헤란로82길,15 번,37.5060319,127.0582355,6178,서울특별시 강남구 테헤란로82길 15,서울특별시 강남구 대치동 942-15,407000,월,독립오피스,1명 ~ 1명,00:00 ~ 24:00,00:00 ~ 24:00,00:00 ~ 24:00,00:00 ~ 24:00,00:00 ~ 24:00,00:00 ~ 24:00,00:00 ~ 24:00,Y,Y,Y,N,N,Y,Y,Y,N,Y,Y,N,N,Y,N,Y,N,N,N,Y,N,N,2022-11-16,227.47 ㎡,"4,170.71 ㎡"
온비즈 오피스 - 2인실,서울특별시,강남구,대치동,,942-15 번지,테헤란로82길,15 번,37.5060319,127.0582355,6178,서울특별시 강남구 테헤란로82길 15,서울특별시 강남구 대치동 942-15,902000,월,독립오피스,2명 ~ 2명,00:00 ~ 24:00,00:00 ~ 24:00,00:00 ~ 24:00,00:00 ~ 24:00,00:00 ~ 24:00,00:00 ~ 24:00,00:00 ~ 24:00,Y,Y,Y,N,N,Y,Y,Y,N,Y,Y,N,N,Y,N,Y,N,Y,Y,Y,N,N,2022-11-16,227.47 ㎡,"4,170.71 ㎡"
온비즈 오피스 - 3인실,서울특별시,강남구,대치동,,942-15 번지,테헤란로82길,15 번,37.5060319,127.0582355,6178,서울특별시 강남구 테헤란로82길 15,서울특별시 강남구 대치동 942-15,1265000,월,독립오피스,1명 ~ 3명,00:00 ~ 24:00,00:00 ~ 24:00,00:00 ~ 24:00,00:00 ~ 24:00,00:00 ~ 24:00,00:00 ~ 24:00,00:00 ~ 24:00,Y,Y,Y,N,N,Y,Y,Y,N,Y,Y,N,N,Y,N,Y,N,N,Y,Y,N,N,2022-11-16,227.47 ㎡,"4,170.71 ㎡"
온비즈 오피스 - 7인실,서울특별시,강남구,대치동,,942-15 번지,테헤란로82길,15 번,37.5060319,127.0582355,6178,서울특별시 강남구 테헤란로82길 15,서울특별시 강남구 대치동 942-15,1800000,월,독립오피스,1명 ~ 8명,00:00 ~ 24:00,00:00 ~ 24:00,00:00 ~ 24:00,00:00 ~ 24:00,00:00 ~ 24:00,00:00 ~ 24:00,00:00 ~ 24:00,Y,Y,Y,N,N,Y,Y,Y,N,Y,Y,N,N,Y,N,Y,N,N,Y,Y,N,N,2022-11-16,227.47 ㎡,"4,170.71 ㎡"
온비즈오피스-독립실(1인실),서울특별시,강남구,대치동,,942-15 번지,테헤란로82길,15 번,37.50604704,127.058229,6178,서울특별시 강남구 테헤란로82길 15,서울특별시 강남구 대치동 942-15,605000,월,독립오피스,1명 ~ 1명,00:00 ~ 24:00,00:00 ~ 24:00,00:00 ~ 24:00,00:00 ~ 24:00,00:00 ~ 24:00,00:00 ~ 24:00,00:00 ~ 24:00,Y,Y,Y,N,N,Y,Y,Y,N,Y,Y,N,N,Y,N,Y,N,Y,Y,Y,N,N,2022-11-16,- ㎡,- ㎡
온비즈오피스-독립실(2인실),서울특별시,강남구,대치동,,942-15 번지,테헤란로82길,15 번,37.50604704,127.058229,6178,서울특별시 강남구 테헤란로82길 15,서울특별시 강남구 대치동 942-15,902000,월,독립오피스,1명 ~ 2명,00:00 ~ 24:00,00:00 ~ 24:00,00:00 ~ 24:00,00:00 ~ 24:00,00:00 ~ 24:00,00:00 ~ 24:00,00:00 ~ 24:00,Y,Y,Y,N,N,Y,Y,Y,N,Y,Y,N,N,Y,N,Y,N,Y,Y,Y,N,N,2022-11-16,227.47 ㎡,"4,170.71 ㎡"
온비즈오피스-독립실(3인실),서울특별시,강남구,대치동,,942-15 번지,테헤란로82길,15 번,37.50604704,127.058229,6178,서울특별시 강남구 테헤란로82길 15,서울특별시 강남구 대치동 942-15,1265000,월,독립오피스,1명 ~ 3명,00:00 ~ 24:00,00:00 ~ 24:00,00:00 ~ 24:00,00:00 ~ 24:00,00:00 ~ 24:00,00:00 ~ 24:00,00:00 ~ 24:00,Y,Y,Y,N,N,Y,Y,Y,N,Y,Y,N,N,Y,N,Y,N,Y,Y,Y,N,N,2022-11-16,227.47 ㎡,"4,170.71 ㎡"
용인 소호 사무실 해시스 2인실,경기도,용인시 기흥구,구갈동,,595-2 번지,중부대로,579 번,37.27041693,127.1269592,16978,경기도 용인시 기흥구 중부대로 579,경기도 용인시 기흥구 구갈동 595-2,429000,월,독립오피스,1명 ~ 2명,00:00 ~ 24:00,00:00 ~ 24:00,00:00 ~ 24:00,00:00 ~ 24:00,00:00 ~ 24:00,00:00 ~ 24:00,00:00 ~ 24:00,Y,N,Y,N,Y,Y,Y,Y,N,Y,Y,Y,N,N,N,Y,N,N,N,Y,N,N,2022-11-16,"1,085.2 ㎡","11,964.24 ㎡"
용인공유오피스 114소호_기본(창측),경기도,용인시 기흥구,영덕동,,1029 번지,흥덕중앙로,120 번,37.27489022,127.0800971,16950,경기도 용인시 기흥구 흥덕중앙로 120,경기도 용인시 기흥구 영덕동 1029,350000,월,독립오피스,1명 ~ 3명,00:00 ~ 24:00,00:00 ~ 24:00,00:00 ~ 24:00,00:00 ~ 24:00,00:00 ~ 24:00,00:00 ~ 24:00,00:00 ~ 24:00,Y,N,Y,N,Y,Y,Y,Y,N,Y,Y,N,N,Y,N,Y,N,N,N,Y,N,N,2022-11-16,"11,506.93 ㎡","136,921.52 ㎡"
용인비상주사무실 114소호_기본(내측),경기도,용인시 기흥구,영덕동,,1029 번지,흥덕중앙로,120 번,37.27489022,127.0800971,16950,경기도 용인시 기흥구 흥덕중앙로 120,경기도 용인시 기흥구 영덕동 1029,150000,월,독립오피스,1명 ~ 3명,00:00 ~ 24:00,00:00 ~ 24:00,00:00 ~ 24:00,00:00 ~ 24:00,00:00 ~ 24:00,00:00 ~ 24:00,00:00 ~ 24:00,Y,N,Y,N,Y,Y,Y,Y,N,Y,Y,N,N,Y,N,Y,N,N,N,Y,N,N,2022-11-16,"11,506.93 ㎡","136,921.52 ㎡"
용인비상주서비스 114소호_월계약(코워킹),경기도,용인시 기흥구,영덕동,,1029 번지,흥덕중앙로,120 번,37.27489022,127.0800971,16950,경기도 용인시 기흥구 흥덕중앙로 120,경기도 용인시 기흥구 영덕동 1029,70000,월,독립오피스,1명 ~ 3명,00:00 ~ 24:00,00:00 ~ 24:00,00:00 ~ 24:00,00:00 ~ 24:00,00:00 ~ 24:00,00:00 ~ 24:00,00:00 ~ 24:00,Y,N,Y,N,Y,Y,Y,Y,N,Y,Y,N,N,Y,N,Y,N,N,N,Y,N,N,2022-11-16,"11,506.93 ㎡","136,921.52 ㎡"
용인소호사무실 114소호,경기도,용인시 기흥구,영덕동,,1029 번지,흥덕중앙로,120 번,37.27489022,127.0800971,16950,경기도 용인시 기흥구 흥덕중앙로 120,경기도 용인시 기흥구 영덕동 1029,250000,월,독립오피스,1명 ~ 3명,00:00 ~ 24:00,00:00 ~ 24:00,00:00 ~ 24:00,00:00 ~ 24:00,00:00 ~ 24:00,00:00 ~ 24:00,00:00 ~ 24:00,Y,N,Y,N,Y,Y,Y,Y,N,Y,Y,N,N,Y,N,Y,N,N,N,Y,N,N,2022-11-16,"11,506.93 ㎡","136,921.52 ㎡"
용인소호사무실 워크로 2인실,경기도,용인시 기흥구,구갈동,,595 번지,강남로,8 번,37.27088611,127.1272857,16978,경기도 용인시 기흥구 강남로 8,경기도 용인시 기흥구 구갈동 595,385000,월,독립오피스,2명 ~ 2명,00:00 ~ 24:00,00:00 ~ 24:00,00:00 ~ 24:00,00:00 ~ 24:00,00:00 ~ 24:00,00:00 ~ 24:00,00:00 ~ 24:00,Y,N,Y,N,Y,Y,N,Y,N,N,N,Y,N,N,Y,N,N,Y,N,Y,N,N,2022-11-16,544.79 ㎡,"6,172.12 ㎡"
워크24 동성로점 2인실,대구광역시,중구,사일동,,59 번지,동성로,25 번,35.86938789,128.5950849,41937,대구광역시 중구 동성로 25,대구광역시 중구 사일동 59,385000,월,독립오피스,1명 ~ 2명,00:00 ~ 24:00,00:00 ~ 24:00,00:00 ~ 24:00,00:00 ~ 24:00,00:00 ~ 24:00,00:00 ~ 24:00,00:00 ~ 24:00,Y,Y,Y,N,Y,Y,N,Y,Y,Y,N,Y,N,Y,Y,Y,N,Y,Y,Y,N,N,2022-11-16,923.13 ㎡,"8,494.07 ㎡"
워크로 프라이빗 오피스 - 2인실,경기도,수원시 영통구,영통동,,996-4 번지,봉영로,1612 번,37.25453581,127.0749518,16704,경기도 수원시 영통구 봉영로 1612,경기도 수원시 영통구 영통동 996-4,385000,월,독립오피스,1명 ~ 2명,00:00 ~ 24:00,00:00 ~ 24:00,00:00 ~ 24:00,00:00 ~ 24:00,00:00 ~ 24:00,00:00 ~ 24:00,00:00 ~ 24:00,Y,N,Y,N,N,Y,Y,Y,N,N,Y,N,N,Y,N,N,N,Y,Y,Y,N,N,2022-11-16,"3,094.82 ㎡","37,551.44 ㎡"
워크로 프라이빗 오피스 -1인실(월계약),경기도,수원시 영통구,영통동,,996-4 번지,봉영로,1612 번,37.25453581,127.0749518,16704,경기도 수원시 영통구 봉영로 1612,경기도 수원시 영통구 영통동 996-4,275000,월,독립오피스,1명 ~ 1명,00:00 ~ 24:00,00:00 ~ 24:00,00:00 ~ 24:00,00:00 ~ 24:00,00:00 ~ 24:00,00:00 ~ 24:00,00:00 ~ 24:00,Y,N,Y,N,N,Y,Y,Y,N,N,Y,N,N,Y,N,N,N,Y,Y,Y,N,N,2022-11-16,"3,094.82 ㎡","37,551.44 ㎡"
워크로 프라이빗 오피스 -코워킹,경기도,수원시 영통구,영통동,,996-4 번지,봉영로,1612 번,37.25453581,127.0749518,16704,경기도 수원시 영통구 봉영로 1612,경기도 수원시 영통구 영통동 996-4,275000,월,독립오피스,1명 ~ 1명,00:00 ~ 24:00,00:00 ~ 24:00,00:00 ~ 24:00,00:00 ~ 24:00,00:00 ~ 24:00,00:00 ~ 24:00,00:00 ~ 24:00,Y,N,Y,N,N,Y,Y,Y,N,N,Y,N,N,Y,N,N,N,Y,Y,Y,N,N,2022-11-16,"3,094.82 ㎡","37,551.44 ㎡"
워크스페이스 부평점 1인실 이벤트,인천광역시,부평구,부평동,,373-26 번지,부흥로294번길,4 번,37.49822722,126.7242779,21390,인천광역시 부평구 부흥로294번길 4,인천광역시 부평구 부평동 373-26,378400,월,독립오피스,1명 ~ 1명,00:00 ~ 24:00,00:00 ~ 24:00,00:00 ~ 24:00,00:00 ~ 24:00,00:00 ~ 24:00,00:00 ~ 24:00,00:00 ~ 24:00,Y,Y,Y,N,Y,Y,Y,Y,N,Y,Y,Y,N,Y,N,Y,Y,Y,Y,Y,N,N,2022-11-16,625.08 ㎡,"7,352.81 ㎡"
워크스페이스 부평점 2인실 이벤트,인천광역시,부평구,부평동,,373-26 번지,부흥로294번길,4 번,37.49822722,126.7242779,21390,인천광역시 부평구 부흥로294번길 4,인천광역시 부평구 부평동 373-26,431200,월,독립오피스,1명 ~ 1명,00:00 ~ 24:00,00:00 ~ 24:00,00:00 ~ 24:00,00:00 ~ 24:00,00:00 ~ 24:00,00:00 ~ 24:00,00:00 ~ 24:00,Y,Y,Y,N,Y,Y,Y,Y,N,Y,Y,Y,N,Y,N,Y,Y,Y,Y,Y,N,N,2022-11-16,625.08 ㎡,"7,352.81 ㎡"
워크앤리브 1-2인실,서울특별시,용산구,이태원동,,251-63 번지,회나무로13가길,22 번,37.54079297,126.9907835,4344,서울특별시 용산구 회나무로13가길 22,서울특별시 용산구 이태원동 251-63,715000,월,독립오피스,1명 ~ 2명,08:00 ~ 23:00,08:00 ~ 23:00,08:00 ~ 23:00,08:00 ~ 23:00,08:00 ~ 23:00,08:00 ~ 23:00,08:00 ~ 23:00,Y,N,N,N,Y,Y,N,N,N,Y,N,Y,N,Y,Y,Y,N,N,N,Y,N,N,2022-11-16,238.5 ㎡,999.8 ㎡
워크앤리브 1인실,서울특별시,서초구,신원동,,660 번지,청계산로,211 번,37.44677028,127.0568635,6802,서울특별시 서초구 청계산로 211,서울특별시 서초구 신원동 660,385000,월,독립오피스,1명 ~ 1명,00:00 ~ 24:00,00:00 ~ 24:00,00:00 ~ 24:00,00:00 ~ 24:00,00:00 ~ 24:00,00:00 ~ 24:00,00:00 ~ 24:00,Y,N,Y,Y,Y,Y,Y,Y,N,Y,Y,Y,N,Y,N,Y,N,Y,Y,Y,N,Y,2022-11-16,"1,387.51 ㎡","11,781.82 ㎡"
워크앤리브 4-6인실,서울특별시,용산구,이태원동,,251-63 번지,회나무로13가길,22 번,37.54079297,126.9907835,4344,서울특별시 용산구 회나무로13가길 22,서울특별시 용산구 이태원동 251-63,1760000,월,독립오피스,4명 ~ 6명,08:00 ~ 23:00,08:00 ~ 23:00,08:00 ~ 23:00,08:00 ~ 23:00,08:00 ~ 23:30,08:00 ~ 23:00,08:00 ~ 23:00,Y,N,N,N,Y,Y,N,N,N,Y,N,Y,N,Y,Y,Y,N,N,N,Y,N,N,2022-11-16,238.5 ㎡,999.8 ㎡
워킹 앳 망원 [망원동 오피스],서울특별시,마포구,망원동,,57-65 번지,월드컵로19길,25-1 번,37.55627383,126.9080851,4012,서울특별시 마포구 월드컵로19길 25-1,서울특별시 마포구 망원동 57-65,50000,일,독립오피스,1명 ~ 1명,10:00 ~ 19:00,10:00 ~ 19:00,10:00 ~ 19:00,10:00 ~ 19:00,휴무일,휴무일,휴무일,Y,N,N,N,Y,Y,N,N,Y,Y,N,N,N,N,Y,N,N,N,N,Y,Y,N,2022-11-16,29.19 ㎡,96.12 ㎡
워킹데스크 역삼점 - 1인실,서울특별시,강남구,역삼동,,733-8 번지,역삼로,215 번,37.49678424,127.0405905,6224,서울특별시 강남구 역삼로 215,서울특별시 강남구 역삼동 733-8,330000,월,독립오피스,1명 ~ 1명,00:00 ~ 24:00,00:00 ~ 24:00,00:00 ~ 24:00,00:00 ~ 24:00,00:00 ~ 24:00,00:00 ~ 24:00,00:00 ~ 24:00,Y,N,Y,N,N,Y,Y,Y,N,Y,N,N,N,Y,N,Y,Y,Y,Y,Y,N,N,2022-11-16,214.5 ㎡,"1,156.37 ㎡"
워킹데스크 역삼점 - 2인실,서울특별시,강남구,역삼동,,733-8 번지,역삼로,215 번,37.49678424,127.0405905,6224,서울특별시 강남구 역삼로 215,서울특별시 강남구 역삼동 733-8,440000,월,독립오피스,1명 ~ 2명,00:00 ~ 24:00,00:00 ~ 24:00,00:00 ~ 24:00,00:00 ~ 24:00,00:00 ~ 24:00,00:00 ~ 24:00,00:00 ~ 24:00,Y,N,Y,N,N,Y,Y,Y,N,Y,N,N,N,Y,N,Y,Y,Y,Y,Y,N,N,2022-11-16,214.5 ㎡,"1,156.37 ㎡"
원스탑워크스페이스 교대점,서울특별시,서초구,서초동,,1626-3 번지,사임당로,58 번,37.48865192,127.0162953,6640,서울특별시 서초구 사임당로 58,서울특별시 서초구 서초동 1626-3,330000,월,독립오피스,1명 ~ 5명,00:00 ~ 24:00,00:00 ~ 24:00,00:00 ~ 24:00,00:00 ~ 24:00,00:00 ~ 24:00,00:00 ~ 24:00,00:00 ~ 24:00,Y,N,Y,N,Y,Y,Y,Y,N,Y,Y,Y,N,Y,N,Y,N,Y,Y,Y,N,N,2022-11-16,657.26 ㎡,"7,062.99 ㎡"
위강남 공유오피스 _독립 1인실,서울특별시,강남구,역삼동,,735-32 번지,테헤란로20길,10 번,37.49908628,127.0341418,6235,서울특별시 강남구 테헤란로20길 10,서울특별시 강남구 역삼동 735-32,33000,일,독립오피스,1명 ~ 1명,00:00 ~ 24:00,00:00 ~ 24:00,00:00 ~ 24:00,00:00 ~ 24:00,00:00 ~ 24:00,00:00 ~ 24:00,00:00 ~ 24:00,Y,Y,Y,Y,N,Y,Y,Y,N,Y,Y,N,N,Y,N,Y,Y,Y,Y,Y,N,N,2022-11-16,444.05 ㎡,"6,359.48 ㎡"
위강남 공유오피스 _독립 2인실,서울특별시,강남구,역삼동,,735-32 번지,테헤란로20길,10 번,37.49908628,127.0341418,6235,서울특별시 강남구 테헤란로20길 10,서울특별시 강남구 역삼동 735-32,66000,일,독립오피스,1명 ~ 2명,00:00 ~ 24:00,00:00 ~ 24:00,00:00 ~ 24:00,00:00 ~ 24:00,00:00 ~ 24:00,00:00 ~ 24:00,00:00 ~ 24:00,Y,N,Y,Y,N,Y,Y,Y,N,Y,Y,Y,N,Y,Y,Y,Y,Y,Y,Y,N,N,2022-11-16,444.05 ㎡,"6,359.48 ㎡"
위강남 공유오피스 _독립 3인실,서울특별시,강남구,역삼동,,735-32 번지,테헤란로20길,10 번,37.49908628,127.0341418,6235,서울특별시 강남구 테헤란로20길 10,서울특별시 강남구 역삼동 735-32,99000,일,독립오피스,1명 ~ 3명,00:00 ~ 24:00,00:00 ~ 24:00,00:00 ~ 24:00,00:00 ~ 24:00,00:00 ~ 24:00,00:00 ~ 24:00,00:00 ~ 24:00,Y,N,Y,Y,N,Y,Y,Y,N,Y,Y,Y,N,Y,Y,Y,Y,Y,Y,Y,N,N,2022-11-16,444.05 ㎡,"6,359.48 ㎡"
위강남 공유오피스 _독립 4인실,서울특별시,강남구,역삼동,,735-32 번지,테헤란로20길,10 번,37.49908628,127.0341418,6235,서울특별시 강남구 테헤란로20길 10,서울특별시 강남구 역삼동 735-32,2200000,월,독립오피스,1명 ~ 4명,00:00 ~ 24:00,00:00 ~ 24:00,00:00 ~ 24:00,00:00 ~ 24:00,00:00 ~ 24:00,00:00 ~ 24:00,00:00 ~ 24:00,Y,Y,Y,Y,N,Y,Y,Y,N,Y,Y,N,N,Y,N,Y,Y,Y,Y,Y,N,N,2022-11-16,444.05 ㎡,"6,359.48 ㎡"
위강남 공유오피스 _독립 5인실,서울특별시,강남구,역삼동,,735-32 번지,테헤란로20길,10 번,37.49908628,127.0341418,6235,서울특별시 강남구 테헤란로20길 10,서울특별시 강남구 역삼동 735-32,2750000,월,독립오피스,1명 ~ 5명,00:00 ~ 24:00,00:00 ~ 24:00,00:00 ~ 24:00,00:00 ~ 24:00,00:00 ~ 24:00,00:00 ~ 24:00,00:00 ~ 24:00,Y,Y,Y,Y,N,Y,Y,Y,N,Y,Y,N,N,Y,Y,Y,Y,Y,Y,Y,N,N,2022-11-16,444.05 ㎡,"6,359.48 ㎡"
위더스 공유오피스(2인실),부산광역시,해운대구,우동,,1520 번지,센텀1로,9 번,35.16784505,129.1309628,48060,부산광역시 해운대구 센텀1로 9,부산광역시 해운대구 우동 1520,660000,월,독립오피스,1명 ~ 2명,00:00 ~ 24:00,00:00 ~ 24:00,00:00 ~ 24:00,00:00 ~ 24:00,00:00 ~ 24:00,00:00 ~ 24:00,00:00 ~ 24:00,Y,N,Y,N,Y,Y,Y,Y,N,Y,Y,Y,N,Y,N,N,N,Y,Y,Y,N,N,2022-11-16,"4,564.25 ㎡","121,075.21 ㎡"
위더스 비즈니스센터 1인 사무실,부산광역시,해운대구,우동,,1520 번지,센텀1로,9 번,35.16784505,129.1309628,48060,부산광역시 해운대구 센텀1로 9,부산광역시 해운대구 우동 1520,20000,일,독립오피스,1명 ~ 2명,09:00 ~ 18:00,09:00 ~ 18:00,09:00 ~ 18:00,09:00 ~ 18:00,09:00 ~ 18:00,휴무일,휴무일,N,N,Y,N,N,Y,Y,Y,Y,N,Y,N,N,Y,N,Y,N,N,Y,Y,N,N,2022-11-16,"4,564.25 ㎡","121,075.21 ㎡"
위스퀘어 2인 사무실,대전광역시,서구,괴정동,,73-4 번지,가장로,52 번,36.3373724,127.3811376,35293,대전광역시 서구 가장로 52,대전광역시 서구 괴정동 73-4,286000,월,독립오피스,2명 ~ 2명,00:00 ~ 24:00,00:00 ~ 24:00,00:00 ~ 24:00,00:00 ~ 24:00,00:00 ~ 24:00,00:00 ~ 24:00,00:00 ~ 24:00,Y,N,Y,Y,Y,Y,Y,Y,N,Y,Y,Y,N,Y,N,N,N,Y,Y,Y,N,Y,2022-11-16,379.28 ㎡,"1,873.41 ㎡"
위스퀘어 2인 사무실 (창가),대전광역시,서구,괴정동,,73-4 번지,가장로,52 번,36.3373724,127.3811376,35293,대전광역시 서구 가장로 52,대전광역시 서구 괴정동 73-4,308000,월,독립오피스,2명 ~ 2명,00:00 ~ 24:00,00:00 ~ 24:00,00:00 ~ 24:00,00:00 ~ 24:00,00:00 ~ 24:00,00:00 ~ 24:00,00:00 ~ 24:00,Y,N,Y,Y,Y,Y,Y,Y,N,Y,Y,Y,N,Y,N,N,N,Y,Y,Y,N,Y,2022-11-16,379.28 ㎡,"1,873.41 ㎡"
위스퀘어 6인 사무실,대전광역시,서구,괴정동,,73-37 번지,갈마로219번길,47 번,36.33750956,127.3808566,35293,대전광역시 서구 갈마로219번길 47,대전광역시 서구 괴정동 73-37,528000,월,독립오피스,6명 ~ 6명,00:00 ~ 24:00,00:00 ~ 24:00,00:00 ~ 24:00,00:00 ~ 24:00,00:00 ~ 24:00,00:00 ~ 24:00,00:00 ~ 24:00,Y,N,Y,Y,Y,Y,Y,Y,N,Y,Y,Y,N,Y,N,N,N,Y,Y,Y,N,Y,2022-11-16,253.44 ㎡,864.23 ㎡
위스퀘어 8인 사무실,대전광역시,서구,괴정동,,73-4 번지,가장로,52 번,36.3373724,127.3811376,35293,대전광역시 서구 가장로 52,대전광역시 서구 괴정동 73-4,550000,월,독립오피스,8명 ~ 8명,00:00 ~ 24:00,00:00 ~ 24:00,00:00 ~ 24:00,00:00 ~ 24:00,00:00 ~ 24:00,00:00 ~ 24:00,00:00 ~ 24:00,Y,N,Y,Y,Y,Y,Y,Y,N,Y,Y,Y,N,Y,N,N,N,Y,Y,Y,N,Y,2022-11-16,379.28 ㎡,"1,873.41 ㎡"
위스토어일산점 공동사무실 1인실,경기도,고양시 일산동구,장항동,,856-2 번지,정발산로,31-10 번,37.65739364,126.7724041,10402,경기도 고양시 일산동구 정발산로 31-10,경기도 고양시 일산동구 장항동 856-2,230000,월,독립오피스,1명 ~ 1명,00:00 ~ 24:00,00:00 ~ 24:00,00:00 ~ 24:00,00:00 ~ 24:00,00:00 ~ 24:00,00:00 ~ 24:00,00:00 ~ 24:00,Y,N,Y,Y,N,Y,Y,Y,N,Y,Y,N,N,Y,N,N,N,Y,N,Y,N,Y,2022-11-16,"1,065.56 ㎡","13,730.18 ㎡"
위스토어일산점 소호사무실 2인실,경기도,고양시 일산동구,장항동,,856-2 번지,정발산로,31-10 번,37.65739364,126.7724041,10402,경기도 고양시 일산동구 정발산로 31-10,경기도 고양시 일산동구 장항동 856-2,440000,월,독립오피스,2명 ~ 2명,00:00 ~ 24:00,00:00 ~ 24:00,00:00 ~ 24:00,00:00 ~ 24:00,00:00 ~ 24:00,00:00 ~ 24:00,00:00 ~ 24:00,Y,N,Y,Y,N,Y,Y,Y,N,Y,Y,N,N,Y,N,N,N,Y,N,Y,N,Y,2022-11-16,"1,065.56 ㎡","13,730.18 ㎡"
위스토어일산점 쇼핑몰공동사무실1인,경기도,고양시 일산동구,장항동,,856-2 번지,정발산로,31-10 번,37.65739364,126.7724041,10402,경기도 고양시 일산동구 정발산로 31-10,경기도 고양시 일산동구 장항동 856-2,300000,월,독립오피스,1명 ~ 1명,00:00 ~ 24:00,00:00 ~ 24:00,00:00 ~ 24:00,00:00 ~ 24:00,00:00 ~ 24:00,00:00 ~ 24:00,00:00 ~ 24:00,Y,N,Y,Y,N,Y,Y,Y,N,Y,Y,N,N,Y,N,N,N,Y,N,Y,N,Y,2022-11-16,"1,065.56 ㎡","13,730.18 ㎡"
위스토어일산점 쇼핑몰사무실 3인실,경기도,고양시 일산동구,장항동,,856-2 번지,정발산로,31-10 번,37.65739364,126.7724041,10402,경기도 고양시 일산동구 정발산로 31-10,경기도 고양시 일산동구 장항동 856-2,660000,월,독립오피스,3명 ~ 4명,00:00 ~ 24:00,00:00 ~ 24:00,00:00 ~ 24:00,00:00 ~ 24:00,00:00 ~ 24:00,00:00 ~ 24:00,00:00 ~ 24:00,Y,N,Y,Y,N,Y,Y,Y,N,Y,Y,N,N,Y,N,N,N,Y,N,Y,N,Y,2022-11-16,"1,065.56 ㎡","13,730.18 ㎡"
위스퍼,경기도,안양시 동안구,관양동,,1608-4 번지,부림로,121 번,37.39414519,126.9644642,14066,경기도 안양시 동안구 부림로 121,경기도 안양시 동안구 관양동 1608-4,300000,월,독립오피스,1명 ~ 2명,00:00 ~ 24:00,00:00 ~ 24:00,00:00 ~ 24:00,00:00 ~ 24:00,00:00 ~ 24:00,00:00 ~ 24:00,00:00 ~ 24:00,Y,N,Y,N,Y,Y,N,Y,N,Y,Y,N,N,N,N,Y,N,N,N,Y,N,N,2022-11-16,"1,165.07 ㎡","14,984.32 ㎡"
위오피스 2인실 공유 1인좌석,서울특별시,종로구,창신동,,328-18 번지,지봉로,19 번,37.57175828,127.0152079,3121,서울특별시 종로구 지봉로 19,서울특별시 종로구 창신동 328-18,275000,월,독립오피스,1명 ~ 1명,00:00 ~ 24:00,00:00 ~ 24:00,00:00 ~ 24:00,00:00 ~ 24:00,00:00 ~ 24:00,00:00 ~ 24:00,00:00 ~ 24:00,Y,Y,Y,Y,Y,Y,Y,Y,N,Y,Y,N,N,Y,N,N,N,N,N,Y,N,N,2022-11-16,"3,248.0 ㎡","57,991.27 ㎡"
위오피스 4인실,서울특별시,종로구,창신동,,328-18 번지,지봉로,19 번,37.57175828,127.0152079,3121,서울특별시 종로구 지봉로 19,서울특별시 종로구 창신동 328-18,880000,월,독립오피스,1명 ~ 4명,00:00 ~ 24:00,00:00 ~ 24:00,00:00 ~ 24:00,00:00 ~ 24:00,00:00 ~ 24:00,00:00 ~ 24:00,00:00 ~ 24:00,Y,Y,Y,Y,Y,Y,Y,Y,N,Y,Y,N,N,Y,N,N,N,N,N,Y,N,N,2022-11-16,"3,248.0 ㎡","57,991.27 ㎡"
위오피스-2인실,서울특별시,종로구,창신동,,328-18 번지,지봉로,19 번,37.57175828,127.0152079,3121,서울특별시 종로구 지봉로 19,서울특별시 종로구 창신동 328-18,540000,월,독립오피스,1명 ~ 1명,00:00 ~ 24:00,00:00 ~ 24:00,00:00 ~ 24:00,00:00 ~ 24:00,00:00 ~ 24:00,00:00 ~ 24:00,00:00 ~ 24:00,Y,Y,Y,Y,Y,Y,Y,Y,N,Y,Y,N,N,Y,N,N,N,N,N,Y,N,N,2022-11-16,"3,248.0 ㎡","57,991.27 ㎡"
위즈비즈니스센터 삼성본점(2인실),서울특별시,강남구,삼성동,,38-23 번지,봉은사로,429 번,37.51143148,127.0468077,6097,서울특별시 강남구 봉은사로 429,서울특별시 강남구 삼성동 38-23,550000,월,독립오피스,1명 ~ 2명,00:00 ~ 24:00,00:00 ~ 24:00,00:00 ~ 24:00,00:00 ~ 24:00,00:00 ~ 24:00,00:00 ~ 24:00,00:00 ~ 24:00,Y,N,Y,N,N,Y,Y,Y,N,Y,Y,N,N,Y,N,Y,N,Y,Y,Y,N,N,2022-11-16,372.6 ㎡,"3,991.71 ㎡"
위즈비즈니스센터 삼성본점(3인실),서울특별시,강남구,삼성동,,38-23 번지,봉은사로,429 번,37.51143148,127.0468077,6097,서울특별시 강남구 봉은사로 429,서울특별시 강남구 삼성동 38-23,825000,월,독립오피스,1명 ~ 3명,00:00 ~ 24:00,00:00 ~ 24:00,00:00 ~ 24:00,00:00 ~ 24:00,00:00 ~ 24:00,00:00 ~ 24:00,00:00 ~ 24:00,Y,N,Y,N,N,Y,Y,Y,N,Y,Y,N,N,Y,N,Y,N,Y,Y,Y,N,N,2022-11-16,372.6 ㎡,"3,991.71 ㎡"
위즈비즈니스센터 삼성본점(4인실),서울특별시,강남구,삼성동,,38-23 번지,봉은사로,429 번,37.51143148,127.0468077,6097,서울특별시 강남구 봉은사로 429,서울특별시 강남구 삼성동 38-23,1100000,월,독립오피스,1명 ~ 4명,00:00 ~ 24:00,00:00 ~ 24:00,00:00 ~ 24:00,00:00 ~ 24:00,00:00 ~ 24:00,00:00 ~ 24:00,00:00 ~ 24:00,Y,N,Y,N,N,Y,Y,Y,N,Y,Y,N,N,Y,N,Y,N,Y,Y,Y,N,N,2022-11-16,372.6 ㎡,"3,991.71 ㎡"
위즈비즈니스센터 삼성본점(5인실),서울특별시,강남구,삼성동,,38-23 번지,봉은사로,429 번,37.51143148,127.0468077,6097,서울특별시 강남구 봉은사로 429,서울특별시 강남구 삼성동 38-23,1375000,월,독립오피스,1명 ~ 5명,00:00 ~ 24:00,00:00 ~ 24:00,00:00 ~ 24:00,00:00 ~ 24:00,00:00 ~ 24:00,00:00 ~ 24:00,00:00 ~ 24:00,Y,N,Y,N,N,Y,Y,Y,N,Y,Y,N,N,Y,N,Y,N,Y,Y,Y,N,N,2022-11-16,372.6 ㎡,"3,991.71 ㎡"
위즈비즈니스센터 삼성본점(6인실),서울특별시,강남구,삼성동,,38-23 번지,봉은사로,429 번,37.51143148,127.0468077,6097,서울특별시 강남구 봉은사로 429,서울특별시 강남구 삼성동 38-23,1650000,월,독립오피스,1명 ~ 6명,00:00 ~ 24:00,00:00 ~ 24:00,00:00 ~ 24:00,00:00 ~ 24:00,00:00 ~ 24:00,00:00 ~ 24:00,00:00 ~ 24:00,Y,N,Y,N,N,Y,Y,Y,N,Y,Y,N,N,Y,N,Y,N,Y,Y,Y,N,N,2022-11-16,372.6 ㎡,"3,991.71 ㎡"
위플레이스 공유오피스 2인실,서울특별시,서초구,서초동,,1316-29 번지,서초대로73길,9 번,37.49830825,127.0252278,6616,서울특별시 서초구 서초대로73길 9,서울특별시 서초구 서초동 1316-29,740000,월,독립오피스,1명 ~ 1명,00:00 ~ 24:00,00:00 ~ 24:00,00:00 ~ 24:00,00:00 ~ 24:00,00:00 ~ 24:00,00:00 ~ 24:00,00:00 ~ 24:00,Y,Y,Y,N,Y,Y,Y,Y,N,Y,Y,Y,N,Y,N,Y,Y,N,Y,Y,N,Y,2022-11-16,413.17 ㎡,"4,987.67 ㎡"
위플레이스 공유오피스 3인실,서울특별시,서초구,서초동,,1316-29 번지,서초대로73길,9 번,37.49830825,127.0252278,6616,서울특별시 서초구 서초대로73길 9,서울특별시 서초구 서초동 1316-29,1160000,월,독립오피스,1명 ~ 1명,00:00 ~ 24:00,00:00 ~ 24:00,00:00 ~ 24:00,00:00 ~ 24:00,00:00 ~ 24:00,00:00 ~ 24:00,00:00 ~ 24:00,Y,Y,Y,N,Y,Y,Y,Y,N,Y,Y,Y,N,Y,N,Y,Y,N,Y,Y,N,Y,2022-11-16,413.17 ㎡,"4,987.67 ㎡"
위플레이스 공유오피스 6인실,서울특별시,서초구,서초동,,1316-29 번지,서초대로73길,9 번,37.49830825,127.0252278,6616,서울특별시 서초구 서초대로73길 9,서울특별시 서초구 서초동 1316-29,1840000,월,독립오피스,1명 ~ 1명,00:00 ~ 24:00,00:00 ~ 24:00,00:00 ~ 24:00,00:00 ~ 24:00,00:00 ~ 24:00,00:00 ~ 24:00,00:00 ~ 24:00,Y,Y,Y,N,Y,Y,Y,Y,N,Y,Y,Y,N,Y,N,Y,Y,N,Y,Y,N,Y,2022-11-16,413.17 ㎡,"4,987.67 ㎡"
유니언워크 당산 3인실,서울특별시,영등포구,당산2동,,311-1 번지,당산로,241 번,37.53521187,126.9025375,7222,서울특별시 영등포구 당산로 241,서울특별시 영등포구 당산동6가 311-1,900000,월,독립오피스,1명 ~ 3명,00:00 ~ 24:00,00:00 ~ 24:00,00:00 ~ 24:00,00:00 ~ 24:00,00:00 ~ 24:00,00:00 ~ 24:00,00:00 ~ 24:00,Y,Y,Y,Y,Y,Y,Y,Y,N,Y,Y,Y,N,Y,Y,Y,Y,Y,Y,Y,N,N,2022-11-16,388.23 ㎡,"3,522.86 ㎡"
유니언워크 한남 1인실,서울특별시,용산구,한남동,,737-23 번지,이태원로,223-5 번,37.53557337,126.9983853,4349,서울특별시 용산구 이태원로 223-5,서울특별시 용산구 한남동 737-23,400000,월,독립오피스,1명 ~ 1명,00:00 ~ 24:00,00:00 ~ 24:00,00:00 ~ 24:00,00:00 ~ 24:00,00:00 ~ 24:00,00:00 ~ 24:00,00:00 ~ 24:00,Y,Y,Y,Y,Y,Y,Y,Y,N,Y,Y,Y,N,Y,Y,Y,N,Y,Y,Y,N,N,2022-11-16,253.3 ㎡,"1,815.75 ㎡"
유니언워크 한남 4인실,서울특별시,용산구,한남동,,737-23 번지,이태원로,223-5 번,37.53557337,126.9983853,4349,서울특별시 용산구 이태원로 223-5,서울특별시 용산구 한남동 737-23,1480000,월,독립오피스,1명 ~ 4명,00:00 ~ 24:00,00:00 ~ 24:00,00:00 ~ 24:00,00:00 ~ 24:00,00:00 ~ 24:00,00:00 ~ 24:00,00:00 ~ 24:00,Y,Y,Y,Y,Y,Y,Y,Y,N,Y,Y,Y,N,Y,Y,Y,N,Y,Y,Y,N,N,2022-11-16,253.3 ㎡,"1,815.75 ㎡"
유니언워크 한남 5인실,서울특별시,용산구,한남동,,737-23 번지,이태원로,223-5 번,37.53557337,126.9983853,4349,서울특별시 용산구 이태원로 223-5,서울특별시 용산구 한남동 737-23,1850000,월,독립오피스,1명 ~ 5명,00:00 ~ 24:00,00:00 ~ 24:00,00:00 ~ 24:00,00:00 ~ 24:00,00:00 ~ 24:00,00:00 ~ 24:00,00:00 ~ 24:00,Y,Y,Y,Y,Y,Y,Y,Y,N,Y,Y,Y,N,Y,Y,Y,N,Y,Y,Y,N,N,2022-11-16,253.3 ㎡,"1,815.75 ㎡"
유니언워크 한남 7인실,서울특별시,용산구,한남동,,737-23 번지,이태원로,223-5 번,37.53557337,126.9983853,4349,서울특별시 용산구 이태원로 223-5,서울특별시 용산구 한남동 737-23,2772000,월,독립오피스,1명 ~ 7명,00:00 ~ 24:00,00:00 ~ 24:00,00:00 ~ 24:00,00:00 ~ 24:00,00:00 ~ 24:00,00:00 ~ 24:00,00:00 ~ 24:00,Y,Y,Y,Y,Y,Y,Y,Y,N,Y,Y,Y,N,Y,Y,Y,N,Y,Y,Y,N,N,2022-11-16,253.3 ㎡,"1,815.75 ㎡"
유니언워크 한남 8인실,서울특별시,용산구,한남동,,737-23 번지,이태원로,223-5 번,37.53557337,126.9983853,4349,서울특별시 용산구 이태원로 223-5,서울특별시 용산구 한남동 737-23,3168000,월,독립오피스,1명 ~ 8명,00:00 ~ 24:00,00:00 ~ 24:00,00:00 ~ 24:00,00:00 ~ 24:00,00:00 ~ 24:00,00:00 ~ 24:00,00:00 ~ 24:00,Y,Y,Y,Y,Y,Y,Y,Y,N,Y,Y,Y,N,Y,Y,Y,N,Y,Y,Y,N,N,2022-11-16,253.3 ㎡,"1,815.75 ㎡"
유니언워크 한남 9인실,서울특별시,용산구,한남동,,737-23 번지,이태원로,223-5 번,37.53557337,126.9983853,4349,서울특별시 용산구 이태원로 223-5,서울특별시 용산구 한남동 737-23,3564000,월,독립오피스,1명 ~ 8명,00:00 ~ 24:00,00:00 ~ 24:00,00:00 ~ 24:00,00:00 ~ 24:00,00:00 ~ 24:00,00:00 ~ 24:00,00:00 ~ 24:00,Y,Y,Y,Y,Y,Y,Y,Y,N,Y,Y,Y,N,Y,Y,Y,N,Y,Y,Y,N,N,2022-11-16,253.3 ㎡,"1,815.75 ㎡"
의정부소호사무실 비즈클레버,경기도,의정부시,용현동,,33-6 번지,충의로57번길,31 번,37.73622954,127.085658,11789,경기도 의정부시 충의로57번길 31,경기도 의정부시 용현동 33-6,165000,월,독립오피스,1명 ~ 1명,09:00 ~ 22:00,09:00 ~ 22:00,09:00 ~ 22:00,09:00 ~ 22:00,09:00 ~ 22:00,09:00 ~ 22:00,09:00 ~ 22:00,Y,N,Y,Y,Y,Y,Y,Y,N,Y,N,N,N,Y,N,N,N,N,N,Y,N,N,2022-11-16,410.0 ㎡,"1,595.6 ㎡"
이노워크비지니스센터 1인-8인,서울특별시,강남구,역삼동,,642-10 번지,논현로,509 번,37.50192684,127.0360848,6132,서울특별시 강남구 논현로 509,서울특별시 강남구 역삼동 642-10,319000,월,독립오피스,1명 ~ 1명,00:00 ~ 24:00,00:00 ~ 24:00,00:00 ~ 24:00,00:00 ~ 24:00,00:00 ~ 24:00,00:00 ~ 24:00,00:00 ~ 24:00,Y,N,Y,N,N,Y,Y,Y,Y,Y,Y,N,N,Y,N,Y,Y,Y,Y,Y,N,N,2022-11-16,304.66 ㎡,"4,708.55 ㎡"
이노워크비지니스센터 2인,서울특별시,강남구,역삼동,,642-10 번지,논현로,509 번,37.50192684,127.0360848,6132,서울특별시 강남구 논현로 509,서울특별시 강남구 역삼동 642-10,66000,일,독립오피스,1명 ~ 1명,00:00 ~ 24:00,00:00 ~ 24:00,00:00 ~ 24:00,00:00 ~ 24:00,00:00 ~ 24:00,00:00 ~ 24:00,00:00 ~ 24:00,Y,N,Y,N,N,Y,Y,Y,Y,Y,Y,N,N,Y,N,Y,Y,Y,Y,Y,N,N,2022-11-16,304.66 ㎡,"4,708.55 ㎡"
이노워크비지니스센터 3-4인,서울특별시,강남구,역삼동,,642-10 번지,논현로,509 번,37.50192684,127.0360848,6132,서울특별시 강남구 논현로 509,서울특별시 강남구 역삼동 642-10,77000,일,독립오피스,1명 ~ 1명,00:00 ~ 24:00,00:00 ~ 24:00,00:00 ~ 24:00,00:00 ~ 24:00,00:00 ~ 24:00,00:00 ~ 24:00,00:00 ~ 24:00,Y,N,Y,N,N,Y,Y,Y,Y,Y,Y,N,N,Y,N,Y,Y,Y,Y,Y,N,N,2022-11-16,304.66 ㎡,"4,708.55 ㎡"
이노워크비지니스센터 4-5인,서울특별시,강남구,역삼동,,642-10 번지,논현로,509 번,37.50192684,127.0360848,6132,서울특별시 강남구 논현로 509,서울특별시 강남구 역삼동 642-10,79000,일,독립오피스,1명 ~ 1명,00:00 ~ 24:00,00:00 ~ 24:00,00:00 ~ 24:00,00:00 ~ 24:00,00:00 ~ 24:00,00:00 ~ 24:00,00:00 ~ 24:00,Y,N,Y,N,N,Y,Y,Y,Y,Y,Y,N,N,Y,N,Y,Y,Y,Y,Y,N,N,2022-11-16,304.66 ㎡,"4,708.55 ㎡"
이노워크비지니스센터 6-8인,서울특별시,강남구,역삼동,,642-10 번지,논현로,509 번,37.50192684,127.0360848,6132,서울특별시 강남구 논현로 509,서울특별시 강남구 역삼동 642-10,99000,일,독립오피스,1명 ~ 1명,00:00 ~ 24:00,00:00 ~ 24:00,00:00 ~ 24:00,00:00 ~ 24:00,00:00 ~ 24:00,00:00 ~ 24:00,00:00 ~ 24:00,Y,N,Y,N,N,Y,Y,Y,Y,Y,Y,N,N,Y,N,Y,Y,Y,Y,Y,N,N,2022-11-16,304.66 ㎡,"4,708.55 ㎡"
이대역 앞 6인용 오피스,서울특별시,서대문구,대현동,,40-4 번지,이화여대길,7 번,37.55723449,126.945642,3766,서울특별시 서대문구 이화여대길 7,서울특별시 서대문구 대현동 40-4,1400000,월,독립오피스,1명 ~ 6명,00:00 ~ 24:00,00:00 ~ 24:00,00:00 ~ 24:00,00:00 ~ 24:00,00:00 ~ 24:00,00:00 ~ 24:00,00:00 ~ 24:00,Y,N,Y,N,Y,Y,N,Y,N,Y,N,Y,N,Y,N,Y,N,Y,Y,Y,N,N,2022-11-16,0.0 ㎡,"1,573.95 ㎡"
이음길 독립오피스 1인실,서울특별시,강남구,삼성동,,142-43 번지,테헤란로,419 번,37.50587012,127.0521804,6160,서울특별시 강남구 테헤란로 419,서울특별시 강남구 삼성동 142-43,33000,일,독립오피스,1명 ~ 1명,09:00 ~ 18:00,09:00 ~ 18:00,09:00 ~ 18:00,09:00 ~ 18:00,09:00 ~ 18:00,휴무일,휴무일,N,N,Y,N,N,Y,N,N,Y,Y,Y,Y,N,Y,N,Y,N,N,N,Y,N,N,2022-11-16,863.0 ㎡,"24,179.46 ㎡"
인비즈 소호사무실,인천광역시,서구,마전동,,979-16 번지,완정로,158 번,37.60181419,126.658944,22635,인천광역시 서구 완정로 158,인천광역시 서구 마전동 979-16,330000,월,독립오피스,1명 ~ 3명,00:00 ~ 24:00,00:00 ~ 24:00,00:00 ~ 24:00,00:00 ~ 24:00,00:00 ~ 24:00,00:00 ~ 24:00,00:00 ~ 24:00,Y,N,Y,Y,Y,Y,Y,Y,N,Y,Y,Y,N,Y,Y,Y,N,Y,Y,Y,N,N,2022-11-16,362.36 ㎡,"3,563.17 ㎡"
인천 계양 소호사무실 1인실,인천광역시,계양구,계산동,,1081-7 번지,계양문화로,54 번,37.53549606,126.736844,21069,인천광역시 계양구 계양문화로 54,인천광역시 계양구 계산동 1081-7,165000,월,독립오피스,1명 ~ 1명,00:00 ~ 24:00,00:00 ~ 24:00,00:00 ~ 24:00,00:00 ~ 24:00,00:00 ~ 24:00,00:00 ~ 24:00,00:00 ~ 24:00,Y,N,Y,Y,Y,Y,Y,Y,N,Y,Y,N,N,Y,N,N,N,N,N,Y,N,Y,2022-11-16,- ㎡,- ㎡
인천 구월동 개별오피스(창 있음),인천광역시,남동구,구월동,,1550-4 번지,선수촌공원로,1 번,37.4391898,126.7096271,21582,인천광역시 남동구 선수촌공원로 1,인천광역시 남동구 구월동 1550-4,495000,월,독립오피스,1명 ~ 3명,00:00 ~ 24:00,00:00 ~ 24:00,00:00 ~ 24:00,00:00 ~ 24:00,00:00 ~ 24:00,00:00 ~ 24:00,00:00 ~ 24:00,Y,N,Y,N,N,Y,Y,Y,N,Y,Y,N,N,Y,N,N,N,N,N,Y,N,N,2022-11-16,"1,203.44 ㎡","16,653.75 ㎡"
인천 사업자등록증주소 114소호,인천광역시,연수구,송도동,,214 번지,송도미래로,30 번,37.36664055,126.6472802,21990,인천광역시 연수구 송도미래로 30,인천광역시 연수구 송도동 214,70000,월,독립오피스,1명 ~ 3명,00:00 ~ 24:00,00:00 ~ 24:00,00:00 ~ 24:00,00:00 ~ 24:00,00:00 ~ 24:00,00:00 ~ 24:00,00:00 ~ 24:00,Y,N,Y,N,Y,Y,Y,Y,N,Y,Y,N,N,Y,N,Y,N,N,N,Y,N,N,2022-11-16,"26,907.97 ㎡","291,184.06 ㎡"
인천공유오피스 독립사무실,인천광역시,부평구,삼산동,,463-3 번지,충선로209번길,41 번,37.50795627,126.7339105,21344,인천광역시 부평구 충선로209번길 41,인천광역시 부평구 삼산동 463-3,385000,월,독립오피스,1명 ~ 5명,00:00 ~ 24:00,00:00 ~ 24:00,00:00 ~ 24:00,00:00 ~ 24:00,00:00 ~ 24:00,00:00 ~ 24:00,00:00 ~ 24:00,Y,N,Y,Y,Y,Y,Y,Y,N,Y,Y,Y,N,Y,Y,Y,N,Y,N,Y,N,Y,2022-11-16,505.72 ㎡,"5,140.68 ㎡"
인천공유오피스 송도 114소호,인천광역시,연수구,송도동,,214 번지,송도미래로,30 번,37.36664055,126.6472802,21990,인천광역시 연수구 송도미래로 30,인천광역시 연수구 송도동 214,385000,월,독립오피스,1명 ~ 3명,00:00 ~ 24:00,00:00 ~ 24:00,00:00 ~ 24:00,00:00 ~ 24:00,00:00 ~ 24:00,00:00 ~ 24:00,00:00 ~ 24:00,Y,N,Y,N,Y,Y,Y,Y,N,Y,N,N,N,Y,N,Y,N,N,N,Y,N,N,2022-11-16,"26,907.97 ㎡","291,184.06 ㎡"
인천비즈니스센터 외부간판 미니상가,인천광역시,남동구,구월동,,1542-1 번지,선수촌공원로23번길,11 번,37.44087563,126.7086512,21582,인천광역시 남동구 선수촌공원로23번길 11,인천광역시 남동구 구월동 1542-1,506000,월,독립오피스,1명 ~ 4명,00:00 ~ 24:00,00:00 ~ 24:00,00:00 ~ 24:00,00:00 ~ 24:00,00:00 ~ 24:00,00:00 ~ 24:00,00:00 ~ 24:00,Y,N,Y,Y,Y,Y,Y,Y,N,Y,Y,Y,N,Y,N,N,N,Y,N,Y,N,N,2022-11-16,786.4 ㎡,"6,891.01 ㎡"
인천비즈니스컨설팅 창가쪽 1인실,인천광역시,남동구,구월동,,1550-4 번지,선수촌공원로,1 번,37.4391898,126.7096271,21582,인천광역시 남동구 선수촌공원로 1,인천광역시 남동구 구월동 1550-4,220000,월,독립오피스,1명 ~ 1명,00:00 ~ 24:00,00:00 ~ 24:00,00:00 ~ 24:00,00:00 ~ 24:00,00:00 ~ 24:00,00:00 ~ 24:00,00:00 ~ 24:00,Y,N,Y,N,N,Y,Y,Y,N,Y,Y,N,N,Y,Y,N,Y,Y,N,Y,N,N,2022-11-16,"1,203.44 ㎡","16,653.75 ㎡"
인천소호사무실 2인실,인천광역시,계양구,계산동,,1081-7 번지,계양문화로,54 번,37.53549606,126.736844,21069,인천광역시 계양구 계양문화로 54,인천광역시 계양구 계산동 1081-7,330000,월,독립오피스,2명 ~ 3명,00:00 ~ 24:00,00:00 ~ 24:00,00:00 ~ 24:00,00:00 ~ 24:00,00:00 ~ 24:00,00:00 ~ 24:00,00:00 ~ 24:00,Y,N,Y,Y,Y,Y,Y,Y,N,Y,Y,N,N,Y,N,N,N,N,N,Y,N,N,2022-11-16,- ㎡,- ㎡
인천소호사무실 3인실,인천광역시,계양구,계산동,,1081-7 번지,계양문화로,54 번,37.53549606,126.736844,21069,인천광역시 계양구 계양문화로 54,인천광역시 계양구 계산동 1081-7,330000,월,독립오피스,2명 ~ 4명,00:00 ~ 24:00,00:00 ~ 24:00,00:00 ~ 24:00,00:00 ~ 24:00,00:00 ~ 24:00,00:00 ~ 24:00,00:00 ~ 24:00,Y,N,Y,Y,Y,Y,Y,Y,N,Y,Y,N,N,Y,N,N,N,N,N,Y,N,N,2022-11-16,- ㎡,- ㎡
인천소호사무실 송도 114소호,인천광역시,연수구,송도동,,214 번지,송도미래로,30 번,37.36664055,126.6472802,21990,인천광역시 연수구 송도미래로 30,인천광역시 연수구 송도동 214,385000,월,독립오피스,1명 ~ 1명,00:00 ~ 24:00,00:00 ~ 24:00,00:00 ~ 24:00,00:00 ~ 24:00,00:00 ~ 24:00,00:00 ~ 24:00,00:00 ~ 24:00,Y,N,N,N,Y,Y,N,Y,Y,Y,N,Y,N,Y,N,N,N,N,N,Y,N,N,2022-11-16,"26,907.97 ㎡","291,184.06 ㎡"
인천송도 비상주사무실 114소호,인천광역시,연수구,송도동,,214 번지,송도미래로,30 번,37.36664055,126.6472802,21990,인천광역시 연수구 송도미래로 30,인천광역시 연수구 송도동 214,150000,월,독립오피스,1명 ~ 3명,00:00 ~ 24:00,00:00 ~ 24:00,00:00 ~ 24:00,00:00 ~ 24:00,00:00 ~ 24:00,00:00 ~ 24:00,00:00 ~ 24:00,Y,N,Y,N,Y,Y,Y,Y,N,Y,Y,N,N,Y,N,Y,N,N,N,Y,N,N,2022-11-16,"26,907.97 ㎡","291,184.06 ㎡"
인천송도 스마트24창업센터 1인실,인천광역시,연수구,송도동,,214 번지,송도미래로,30 번,37.36664055,126.6472802,21990,인천광역시 연수구 송도미래로 30,인천광역시 연수구 송도동 214,275000,월,독립오피스,1명 ~ 2명,00:00 ~ 24:00,00:00 ~ 24:00,00:00 ~ 24:00,00:00 ~ 24:00,00:00 ~ 24:00,00:00 ~ 24:00,00:00 ~ 24:00,Y,N,Y,Y,Y,Y,Y,Y,N,Y,Y,Y,N,Y,N,N,N,N,Y,Y,N,N,2022-11-16,"26,907.97 ㎡","291,184.06 ㎡"
인천송도 스마트24창업센터 2인실,인천광역시,연수구,송도동,,214 번지,송도미래로,30 번,37.36664055,126.6472802,21990,인천광역시 연수구 송도미래로 30,인천광역시 연수구 송도동 214,363000,월,독립오피스,1명 ~ 3명,00:00 ~ 24:00,00:00 ~ 24:00,00:00 ~ 24:00,00:00 ~ 24:00,00:00 ~ 24:00,00:00 ~ 24:00,00:00 ~ 24:00,Y,N,Y,Y,Y,Y,Y,Y,N,Y,Y,Y,N,Y,N,N,N,N,Y,Y,N,N,2022-11-16,"26,907.97 ㎡","291,184.06 ㎡"
인천송도 스마트24창업센터 3인실,인천광역시,연수구,송도동,,214 번지,송도미래로,30 번,37.36664055,126.6472802,21990,인천광역시 연수구 송도미래로 30,인천광역시 연수구 송도동 214,418000,월,독립오피스,1명 ~ 3명,00:00 ~ 24:00,00:00 ~ 24:00,00:00 ~ 24:00,00:00 ~ 24:00,00:00 ~ 24:00,00:00 ~ 24:00,00:00 ~ 24:00,Y,N,Y,Y,Y,Y,Y,Y,N,Y,Y,Y,N,Y,N,N,N,N,Y,Y,N,N,2022-11-16,"26,907.97 ㎡","291,184.06 ㎡"
인천송도 스마트24창업센터 5인실,인천광역시,연수구,송도동,,214 번지,송도미래로,30 번,37.36664055,126.6472802,21990,인천광역시 연수구 송도미래로 30,인천광역시 연수구 송도동 214,550000,월,독립오피스,1명 ~ 6명,00:00 ~ 24:00,00:00 ~ 24:00,00:00 ~ 24:00,00:00 ~ 24:00,00:00 ~ 24:00,00:00 ~ 24:00,00:00 ~ 24:00,Y,N,Y,Y,Y,Y,Y,Y,N,Y,Y,N,N,Y,N,N,N,N,Y,Y,N,N,2022-11-16,"26,907.97 ㎡","291,184.06 ㎡"
일산 공유 사무실[스마트앤오피스],경기도,고양시 일산동구,백석동,,1308 번지,일산로,46 번,37.64235812,126.7879038,10449,경기도 고양시 일산동구 일산로 46,경기도 고양시 일산동구 백석동 1308,300000,월,독립오피스,1명 ~ 3명,00:00 ~ 24:00,00:00 ~ 24:00,00:00 ~ 24:00,00:00 ~ 24:00,00:00 ~ 24:00,00:00 ~ 24:00,00:00 ~ 24:00,Y,N,Y,Y,Y,Y,Y,Y,N,Y,N,N,N,Y,N,Y,N,N,Y,Y,N,N,2022-11-16,- ㎡,- ㎡
일산 뉴워크 백석점 - 1인실,경기도,고양시 일산동구,백석동,,1288-2 번지,중앙로,1080 번,37.64563853,126.7852311,10447,경기도 고양시 일산동구 중앙로 1080,경기도 고양시 일산동구 백석동 1288-2,308000,월,독립오피스,1명 ~ 1명,00:00 ~ 24:00,00:00 ~ 24:00,00:00 ~ 24:00,00:00 ~ 24:00,00:00 ~ 24:00,00:00 ~ 24:00,00:00 ~ 24:00,Y,N,Y,Y,N,Y,Y,Y,N,Y,Y,Y,N,Y,N,Y,N,Y,Y,Y,N,N,2022-11-16,"1,824.86 ㎡","22,944.78 ㎡"
일산 뉴워크 백석점 - 2인실,경기도,고양시 일산동구,백석동,,1288-2 번지,중앙로,1080 번,37.64563853,126.7852311,10447,경기도 고양시 일산동구 중앙로 1080,경기도 고양시 일산동구 백석동 1288-2,418000,월,독립오피스,2명 ~ 2명,00:00 ~ 24:00,00:00 ~ 24:00,00:00 ~ 24:00,00:00 ~ 24:00,00:00 ~ 24:00,00:00 ~ 24:00,00:00 ~ 24:00,Y,N,Y,Y,N,Y,Y,Y,N,Y,Y,Y,N,Y,N,Y,N,Y,Y,Y,N,N,2022-11-16,"1,824.86 ㎡","22,944.78 ㎡"
일산 뉴워크 백석점 - 3인실,경기도,고양시 일산동구,백석동,,1288-2 번지,중앙로,1080 번,37.64563853,126.7852311,10447,경기도 고양시 일산동구 중앙로 1080,경기도 고양시 일산동구 백석동 1288-2,550000,월,독립오피스,2명 ~ 3명,00:00 ~ 24:00,00:00 ~ 24:00,00:00 ~ 24:00,00:00 ~ 24:00,00:00 ~ 24:00,00:00 ~ 24:00,00:00 ~ 24:00,Y,N,Y,Y,N,Y,Y,Y,N,Y,Y,Y,N,Y,N,Y,N,Y,Y,Y,N,N,2022-11-16,"1,824.86 ㎡","22,944.78 ㎡"
일산 뉴워크 정발산점 2인실,경기도,고양시 일산동구,장항동,,731-2 번지,고봉로,32-19 번,37.66427176,126.7667052,10364,경기도 고양시 일산동구 고봉로 32-19,경기도 고양시 일산동구 장항동 731-2,462000,월,독립오피스,1명 ~ 4명,00:00 ~ 24:00,00:00 ~ 24:00,00:00 ~ 24:00,00:00 ~ 24:00,00:00 ~ 24:00,00:00 ~ 24:00,00:00 ~ 24:00,Y,N,Y,Y,N,Y,Y,Y,N,Y,Y,N,N,Y,N,Y,N,N,Y,Y,N,N,2022-11-16,- ㎡,- ㎡
일산 뉴워크 정발산점 3인실,경기도,고양시 일산동구,장항동,,731-2 번지,고봉로,32-19 번,37.66427586,126.7667281,10364,경기도 고양시 일산동구 고봉로 32-19,경기도 고양시 일산동구 장항동 731-2,715000,월,독립오피스,1명 ~ 4명,00:00 ~ 24:00,00:00 ~ 24:00,00:00 ~ 24:00,00:00 ~ 24:00,00:00 ~ 24:00,00:00 ~ 24:00,00:00 ~ 24:00,Y,N,Y,Y,N,Y,Y,Y,N,Y,Y,Y,N,Y,N,Y,N,N,Y,Y,N,N,2022-11-16,- ㎡,- ㎡
일산 뉴워크 정발산점-1인실,경기도,고양시 일산동구,장항동,,731-2 번지,고봉로,32-19 번,37.66427176,126.7667052,10364,경기도 고양시 일산동구 고봉로 32-19,경기도 고양시 일산동구 장항동 731-2,385000,월,독립오피스,1명 ~ 1명,00:00 ~ 24:00,00:00 ~ 24:00,00:00 ~ 24:00,00:00 ~ 24:00,00:00 ~ 24:00,00:00 ~ 24:00,00:00 ~ 24:00,Y,N,Y,Y,N,Y,Y,Y,N,Y,Y,N,N,Y,N,Y,N,N,Y,Y,N,N,2022-11-16,- ㎡,- ㎡
일산주엽 비즈플러스 소호사무실,경기도,고양시 일산서구,주엽동,,110-2 번지,중앙로,1443 번,37.67039483,126.7597136,10387,경기도 고양시 일산서구 중앙로 1443,경기도 고양시 일산서구 주엽동 110-2,200000,월,독립오피스,1명 ~ 1명,00:00 ~ 24:00,00:00 ~ 24:00,00:00 ~ 24:00,00:00 ~ 24:00,00:00 ~ 24:00,휴무일,휴무일,Y,N,Y,Y,N,Y,Y,Y,N,Y,Y,Y,N,Y,N,Y,N,N,Y,Y,N,Y,2022-11-16,744.9 ㎡,"7,561.35 ㎡"
작가들의집필실 공유오피스[2호실],경기도,수원시 영통구,하동,,986-4 번지,광교중앙로248번길,95-1 번,37.29153256,127.0683642,16512,경기도 수원시 영통구 광교중앙로248번길 95-1,경기도 수원시 영통구 하동 986-4,300000,월,독립오피스,1명 ~ 1명,00:00 ~ 24:00,00:00 ~ 24:00,00:00 ~ 24:00,00:00 ~ 24:00,00:00 ~ 24:00,00:00 ~ 24:00,00:00 ~ 24:00,Y,N,Y,N,Y,Y,Y,Y,N,Y,N,Y,N,Y,N,Y,N,Y,N,Y,N,N,2022-11-16,494.89 ㎡,"4,851.1 ㎡"
작가들의집필실 공유오피스[3호실],경기도,수원시 영통구,하동,,986-4 번지,광교중앙로248번길,95-1 번,37.29153256,127.0683642,16512,경기도 수원시 영통구 광교중앙로248번길 95-1,경기도 수원시 영통구 하동 986-4,350000,월,독립오피스,1명 ~ 1명,00:00 ~ 24:00,00:00 ~ 24:00,00:00 ~ 24:00,00:00 ~ 24:00,00:00 ~ 24:00,00:00 ~ 24:00,00:00 ~ 24:00,Y,N,Y,N,Y,Y,Y,Y,N,Y,N,Y,N,Y,N,Y,N,Y,N,Y,N,N,2022-11-16,494.89 ㎡,"4,851.1 ㎡"
작가들의집필실 공유오피스[5호실],경기도,수원시 영통구,하동,,986-4 번지,광교중앙로248번길,95-1 번,37.29153256,127.0683642,16512,경기도 수원시 영통구 광교중앙로248번길 95-1,경기도 수원시 영통구 하동 986-4,300000,월,독립오피스,1명 ~ 1명,00:00 ~ 24:00,00:00 ~ 24:00,00:00 ~ 24:00,00:00 ~ 24:00,00:00 ~ 24:00,00:00 ~ 24:00,00:00 ~ 24:00,Y,N,Y,N,Y,Y,Y,Y,N,Y,N,Y,N,Y,N,Y,N,Y,N,Y,N,N,2022-11-16,494.89 ㎡,"4,851.1 ㎡"
작가들의집필실 공유오피스[6호실],경기도,수원시 영통구,하동,,986-4 번지,광교중앙로248번길,95-1 번,37.29153256,127.0683642,16512,경기도 수원시 영통구 광교중앙로248번길 95-1,경기도 수원시 영통구 하동 986-4,300000,월,독립오피스,1명 ~ 1명,00:00 ~ 24:00,00:00 ~ 24:00,00:00 ~ 24:00,00:00 ~ 24:00,00:00 ~ 24:00,00:00 ~ 24:00,00:00 ~ 24:00,Y,N,Y,N,Y,Y,Y,Y,N,Y,N,Y,N,Y,N,Y,N,Y,N,Y,N,N,2022-11-16,494.89 ㎡,"4,851.1 ㎡"
잭팟 공유오피스,서울특별시,강남구,삼성동,,151-5 번지,삼성로,540 번,37.51009601,127.0553483,6166,서울특별시 강남구 삼성로 540,서울특별시 강남구 삼성동 151-5,110000,월,독립오피스,1명 ~ 25명,00:00 ~ 24:00,00:00 ~ 24:00,00:00 ~ 24:00,00:00 ~ 24:00,00:00 ~ 24:00,00:00 ~ 24:00,00:00 ~ 24:00,Y,Y,Y,Y,Y,Y,Y,Y,N,Y,Y,Y,N,Y,N,N,Y,Y,Y,Y,N,N,2022-11-16,299.3 ㎡,"2,697.3 ㎡"
절간 같이 조용한 - 더리뷰,서울특별시,종로구,평창동,,158-1 번지,평창문화로,75 번,37.60686264,126.9690062,3009,서울특별시 종로구 평창문화로 75,서울특별시 종로구 평창동 158-1,25000,일,독립오피스,1명 ~ 2명,08:00 ~ 19:00,08:00 ~ 19:00,08:00 ~ 19:00,08:00 ~ 19:00,08:00 ~ 19:00,휴무일,휴무일,Y,N,Y,N,Y,Y,N,N,Y,Y,N,Y,N,Y,N,N,N,N,N,Y,N,N,2022-11-16,"2,336.12 ㎡","11,177.28 ㎡"
정단뮤직스튜디오,경기도,고양시 일산서구,주엽동,,111 번지,주화로,76 번,37.66997542,126.7597118,10387,경기도 고양시 일산서구 주화로 76,경기도 고양시 일산서구 주엽동 111,40000,일,독립오피스,1명 ~ 3명,00:00 ~ 24:00,00:00 ~ 24:00,00:00 ~ 24:00,00:00 ~ 24:00,00:00 ~ 24:00,00:00 ~ 24:00,00:00 ~ 24:00,Y,N,N,N,N,Y,N,Y,N,Y,Y,N,N,Y,N,N,N,N,N,Y,N,N,2022-11-16,"1,027.43 ㎡","4,304.47 ㎡"
제이엘비즈니스센터 2인실,인천광역시,서구,원당동,,825-11 번지,고산후로121번안길,18 번,37.59432717,126.6969171,22647,인천광역시 서구 고산후로121번안길 18,인천광역시 서구 원당동 825-11,350000,월,독립오피스,2명 ~ 2명,09:00 ~ 22:00,09:00 ~ 22:00,09:00 ~ 22:00,09:00 ~ 22:00,09:00 ~ 22:00,09:00 ~ 22:00,09:00 ~ 22:00,Y,Y,Y,N,Y,Y,Y,Y,N,Y,Y,Y,N,Y,N,Y,N,N,N,Y,N,N,2022-11-16,703.8 ㎡,"4,951.76 ㎡"
종로 아티스트 케이브 (8인),서울특별시,종로구,효제동,,193-1 번지,종로35길,12 번,37.57179847,127.0041294,3126,서울특별시 종로구 종로35길 12,서울특별시 종로구 효제동 193-1,1325000,월,독립오피스,1명 ~ 8명,00:00 ~ 24:00,00:00 ~ 24:00,00:00 ~ 24:00,00:00 ~ 24:00,00:00 ~ 24:00,00:00 ~ 24:00,00:00 ~ 24:00,Y,N,Y,N,Y,Y,Y,Y,N,Y,Y,Y,N,Y,N,Y,N,Y,N,Y,N,N,2022-11-16,470.68 ㎡,"4,994.33 ㎡"
중소기업 전문 674빌딩,경기도,용인시 기흥구,신갈동,,674 번지,용구대로,2257-5 번,37.28817927,127.1078196,16957,경기도 용인시 기흥구 용구대로 2257-5,경기도 용인시 기흥구 신갈동 674,330000,월,독립오피스,1명 ~ 6명,00:00 ~ 24:00,00:00 ~ 24:00,00:00 ~ 24:00,00:00 ~ 24:00,00:00 ~ 24:00,00:00 ~ 24:00,00:00 ~ 24:00,Y,N,N,N,Y,Y,N,Y,N,N,Y,N,N,N,Y,N,N,N,N,Y,N,N,2022-11-16,174.45 ㎡,727.04 ㎡
지니센터 소호사무실,경기도,안양시 동안구,관양동,,799 번지,학의로,268 번,37.40150969,126.9675887,14056,경기도 안양시 동안구 학의로 268,경기도 안양시 동안구 관양동 799,132000,월,독립오피스,1명 ~ 1명,00:00 ~ 24:00,00:00 ~ 24:00,00:00 ~ 24:00,00:00 ~ 24:00,00:00 ~ 24:00,00:00 ~ 24:00,00:00 ~ 24:00,Y,N,Y,N,N,Y,Y,Y,N,Y,Y,Y,N,Y,N,N,Y,Y,Y,Y,Y,Y,2022-11-16,"10,922.35 ㎡","92,376.05 ㎡"
창문 있고 저렴한 2인 사무실,인천광역시,미추홀구,문학동,,329-3 번지,승학길,5-30 번,37.43995907,126.6783681,22231,인천광역시 미추홀구 승학길 5-30,인천광역시 미추홀구 문학동 329-3,385000,월,독립오피스,2명 ~ 2명,00:00 ~ 24:00,00:00 ~ 24:00,00:00 ~ 24:00,00:00 ~ 24:00,00:00 ~ 24:00,00:00 ~ 24:00,00:00 ~ 24:00,Y,N,Y,Y,Y,Y,Y,Y,Y,Y,Y,N,N,Y,N,N,N,Y,N,Y,N,Y,2022-11-16,389.84 ㎡,"1,497.57 ㎡"
창업공간 비아 3-5인 독립사무실,서울특별시,금천구,가산동,,673 번지,가산디지털1로,16 번,37.46761023,126.8880861,8591,서울특별시 금천구 가산디지털1로 16,서울특별시 금천구 가산동 673,990000,월,독립오피스,1명 ~ 5명,00:00 ~ 24:00,00:00 ~ 24:00,00:00 ~ 24:00,00:00 ~ 24:00,00:00 ~ 24:00,00:00 ~ 24:00,00:00 ~ 24:00,Y,N,Y,Y,N,Y,Y,N,Y,Y,Y,Y,N,Y,N,Y,N,Y,Y,Y,N,N,2022-11-16,"3,970.2 ㎡","66,644.75 ㎡"
창작 작업실 MILABO,서울특별시,양천구,목동,,408-63 번지,오목로52길,19 번,37.52457999,126.8675676,8003,서울특별시 양천구 오목로52길 19,서울특별시 양천구 목동 408-63,400000,월,독립오피스,1명 ~ 4명,08:00 ~ 22:00,08:00 ~ 22:00,08:00 ~ 22:00,08:00 ~ 22:00,08:00 ~ 22:00,08:00 ~ 22:00,08:00 ~ 22:00,Y,Y,Y,N,N,Y,N,Y,N,Y,N,N,N,N,N,Y,Y,N,N,Y,N,Y,2022-11-16,51.22 ㎡,256.64 ㎡
청주아반공유오피스 1인실 내측,충청북도,청주시 청원구,오창읍,각리,649-4 번지,오창중앙로,123-12 번,36.70901857,127.416092,28123,충청북도 청주시 청원구 오창읍 오창중앙로 123-12,충청북도 청주시 청원구 오창읍 각리 649-4,275000,월,독립오피스,1명 ~ 1명,00:00 ~ 24:00,00:00 ~ 24:00,00:00 ~ 24:00,00:00 ~ 24:00,00:00 ~ 24:00,00:00 ~ 24:00,00:00 ~ 24:00,Y,Y,Y,N,Y,Y,Y,Y,N,Y,Y,Y,N,Y,N,Y,N,Y,Y,Y,N,N,2022-11-16,458.37 ㎡,"4,260.3 ㎡"
청주아반공유오피스 1인실 창측,충청북도,청주시 청원구,오창읍,각리,649-4 번지,오창중앙로,123-12 번,36.70901857,127.416092,28123,충청북도 청주시 청원구 오창읍 오창중앙로 123-12,충청북도 청주시 청원구 오창읍 각리 649-4,308000,월,독립오피스,1명 ~ 1명,00:00 ~ 24:00,00:00 ~ 24:00,00:00 ~ 24:00,00:00 ~ 24:00,00:00 ~ 24:00,00:00 ~ 24:00,00:00 ~ 24:00,Y,Y,Y,N,Y,Y,Y,Y,N,Y,Y,Y,N,Y,N,Y,N,Y,Y,Y,N,N,2022-11-16,458.37 ㎡,"4,260.3 ㎡"
청주아반공유오피스 2인실 내측,충청북도,청주시 청원구,오창읍,각리,649-4 번지,오창중앙로,123-12 번,36.70901857,127.416092,28123,충청북도 청주시 청원구 오창읍 오창중앙로 123-12,충청북도 청주시 청원구 오창읍 각리 649-4,385000,월,독립오피스,1명 ~ 2명,00:00 ~ 24:00,00:00 ~ 24:00,00:00 ~ 24:00,00:00 ~ 24:00,00:00 ~ 24:00,00:00 ~ 24:00,00:00 ~ 24:00,Y,Y,Y,N,Y,Y,Y,Y,N,Y,Y,Y,N,Y,N,Y,N,Y,Y,Y,N,N,2022-11-16,458.37 ㎡,"4,260.3 ㎡"
청주아반공유오피스 2인실 창측,충청북도,청주시 청원구,오창읍,각리,649-4 번지,오창중앙로,123-12 번,36.70901857,127.416092,28123,충청북도 청주시 청원구 오창읍 오창중앙로 123-12,충청북도 청주시 청원구 오창읍 각리 649-4,418000,월,독립오피스,1명 ~ 2명,00:00 ~ 24:00,00:00 ~ 24:00,00:00 ~ 24:00,00:00 ~ 24:00,00:00 ~ 24:00,00:00 ~ 24:00,00:00 ~ 24:00,Y,Y,Y,N,Y,Y,Y,Y,N,Y,Y,Y,N,Y,N,Y,N,Y,Y,Y,N,N,2022-11-16,458.37 ㎡,"4,260.3 ㎡"
치유 부산일광본점,부산광역시,기장군,일광읍,삼성리,830 번지,해빛6로,107-3 번,35.2658394,129.2261589,46048,부산광역시 기장군 일광읍 해빛6로 107-3,부산광역시 기장군 일광읍 삼성리 830,120000,일,독립오피스,1명 ~ 15명,11:00 ~ 20:00,11:00 ~ 20:00,11:00 ~ 20:00,11:00 ~ 20:00,11:00 ~ 20:00,11:00 ~ 20:00,11:00 ~ 20:00,Y,N,N,N,N,Y,N,N,Y,Y,Y,Y,N,Y,N,Y,N,Y,N,Y,N,N,2022-11-16,312.02 ㎡,993.59 ㎡
카이트스퀘어 1인실,서울특별시,중구,을지로동,,48-2 번지,퇴계로27길,49 번,37.56340697,126.9910976,4555,서울특별시 중구 퇴계로27길 49,서울특별시 중구 저동2가 48-2,440000,월,독립오피스,1명 ~ 1명,00:00 ~ 24:00,00:00 ~ 24:00,00:00 ~ 24:00,00:00 ~ 24:00,00:00 ~ 24:00,00:00 ~ 24:00,00:00 ~ 24:00,Y,N,Y,N,Y,Y,Y,Y,N,Y,N,Y,N,Y,Y,Y,Y,Y,Y,Y,N,N,2022-11-16,137.23 ㎡,936.24 ㎡
카이트스퀘어 2인실,서울특별시,중구,을지로동,,48-2 번지,퇴계로27길,49 번,37.56340697,126.9910976,4555,서울특별시 중구 퇴계로27길 49,서울특별시 중구 저동2가 48-2,495000,월,독립오피스,1명 ~ 2명,00:00 ~ 24:00,00:00 ~ 24:00,00:00 ~ 24:00,00:00 ~ 24:00,00:00 ~ 24:00,00:00 ~ 24:00,00:00 ~ 24:00,Y,N,Y,N,Y,Y,Y,Y,N,Y,N,Y,N,Y,Y,Y,Y,Y,Y,Y,N,N,2022-11-16,137.23 ㎡,936.24 ㎡
카이트스퀘어 3인실,서울특별시,중구,을지로동,,48-2 번지,퇴계로27길,49 번,37.56340697,126.9910976,4555,서울특별시 중구 퇴계로27길 49,서울특별시 중구 저동2가 48-2,770000,월,독립오피스,1명 ~ 3명,00:00 ~ 24:00,00:00 ~ 24:00,00:00 ~ 24:00,00:00 ~ 24:00,00:00 ~ 24:00,00:00 ~ 24:00,00:00 ~ 24:00,Y,N,Y,N,Y,Y,Y,Y,N,Y,N,Y,N,Y,Y,Y,Y,Y,Y,Y,N,N,2022-11-16,137.23 ㎡,936.24 ㎡
카이트스퀘어 5인실,서울특별시,중구,을지로동,,48-2 번지,퇴계로27길,49 번,37.56340697,126.9910976,4555,서울특별시 중구 퇴계로27길 49,서울특별시 중구 저동2가 48-2,1210000,월,독립오피스,1명 ~ 5명,00:00 ~ 24:00,00:00 ~ 24:00,00:00 ~ 24:00,00:00 ~ 24:00,00:00 ~ 24:00,00:00 ~ 24:00,00:00 ~ 24:00,Y,N,Y,N,Y,Y,Y,Y,N,Y,N,Y,N,Y,Y,Y,Y,Y,Y,Y,N,N,2022-11-16,137.23 ㎡,936.24 ㎡
카이트스퀘어 스튜디오,서울특별시,중구,을지로동,,48-2 번지,퇴계로27길,49 번,37.56340697,126.9910976,4555,서울특별시 중구 퇴계로27길 49,서울특별시 중구 저동2가 48-2,550000,월,독립오피스,1명 ~ 6명,00:00 ~ 24:00,00:00 ~ 24:00,00:00 ~ 24:00,00:00 ~ 24:00,00:00 ~ 24:00,00:00 ~ 24:00,00:00 ~ 24:00,Y,N,Y,N,Y,Y,Y,Y,N,Y,N,Y,N,Y,Y,Y,Y,Y,Y,Y,N,N,2022-11-16,137.23 ㎡,936.24 ㎡
카페24 광교중앙역점 1인실 내측,경기도,수원시 영통구,이의동,,1329 번지,광교로,146 번,37.29295292,127.0485353,16507,경기도 수원시 영통구 광교로 146,경기도 수원시 영통구 이의동 1329,340000,월,독립오피스,1명 ~ 1명,00:00 ~ 24:00,00:00 ~ 24:00,00:00 ~ 24:00,00:00 ~ 24:00,00:00 ~ 24:00,00:00 ~ 24:00,00:00 ~ 24:00,Y,N,Y,Y,Y,Y,Y,Y,N,Y,Y,N,N,Y,N,N,N,N,Y,Y,N,N,2022-11-16,"1,182.06 ㎡","21,683.29 ㎡"
카페24 광교중앙역점 1인실 창측,경기도,수원시 영통구,이의동,,1329 번지,광교로,146 번,37.29295292,127.0485353,16507,경기도 수원시 영통구 광교로 146,경기도 수원시 영통구 이의동 1329,370000,월,독립오피스,1명 ~ 1명,00:00 ~ 24:00,00:00 ~ 24:00,00:00 ~ 24:00,00:00 ~ 24:00,00:00 ~ 24:00,00:00 ~ 24:00,00:00 ~ 24:00,Y,N,Y,Y,Y,Y,Y,Y,N,Y,Y,N,N,Y,N,N,N,N,Y,Y,N,N,2022-11-16,"1,182.06 ㎡","21,683.29 ㎡"
카페24 광교중앙역점 스몰 2인실,경기도,수원시 영통구,이의동,,1329 번지,광교로,146 번,37.29295292,127.0485353,16507,경기도 수원시 영통구 광교로 146,경기도 수원시 영통구 이의동 1329,540000,월,독립오피스,1명 ~ 2명,00:00 ~ 24:00,00:00 ~ 24:00,00:00 ~ 24:00,00:00 ~ 24:00,00:00 ~ 24:00,00:00 ~ 24:00,00:00 ~ 24:00,Y,N,Y,Y,Y,Y,Y,Y,N,Y,Y,N,N,Y,N,N,N,N,Y,Y,N,N,2022-11-16,"1,182.06 ㎡","21,683.29 ㎡"
카페24 목동점(2인실),서울특별시,양천구,신정동,,1006-2 번지,목동로,173 번,37.52399858,126.8646316,8023,서울특별시 양천구 목동로 173,서울특별시 양천구 신정동 1006-2,580000,월,독립오피스,1명 ~ 2명,00:00 ~ 24:00,00:00 ~ 24:00,00:00 ~ 24:00,00:00 ~ 24:00,00:00 ~ 24:00,00:00 ~ 24:00,00:00 ~ 24:00,Y,N,Y,Y,Y,Y,Y,Y,N,Y,N,N,N,Y,N,N,N,N,N,Y,N,N,2022-11-16,483.51 ㎡,"2,634.97 ㎡"
카페24 목동점(독립1인실),서울특별시,양천구,신정동,,1006-2 번지,목동로,173 번,37.52399858,126.8646316,8023,서울특별시 양천구 목동로 173,서울특별시 양천구 신정동 1006-2,350000,월,독립오피스,1명 ~ 1명,00:00 ~ 24:00,00:00 ~ 24:00,00:00 ~ 24:00,00:00 ~ 24:00,00:00 ~ 24:00,00:00 ~ 24:00,00:00 ~ 24:00,Y,N,Y,Y,Y,Y,Y,Y,N,Y,N,N,N,Y,N,N,N,N,N,Y,N,N,2022-11-16,483.51 ㎡,"2,634.97 ㎡"
카페24 부산대연점 공유사무실_기본계약,부산광역시,남구,대연동,,1741-11 번지,수영로,233 번,35.13541929,129.0921839,48445,부산광역시 남구 수영로 233,부산광역시 남구 대연동 1741-11,231000,월,독립오피스,1명 ~ 1명,00:00 ~ 24:00,00:00 ~ 24:00,00:00 ~ 24:00,00:00 ~ 24:00,00:00 ~ 24:00,00:00 ~ 24:00,00:00 ~ 24:00,Y,Y,Y,Y,Y,Y,Y,Y,N,Y,Y,Y,N,Y,N,N,N,N,Y,Y,N,N,2022-11-16,578.49 ㎡,"8,789.99 ㎡"
카페24 부산대연점 공유오피스_월 코워킹,부산광역시,남구,대연동,,1741-11 번지,수영로,233 번,35.13541929,129.0921839,48445,부산광역시 남구 수영로 233,부산광역시 남구 대연동 1741-11,231000,월,독립오피스,1명 ~ 1명,00:00 ~ 24:00,00:00 ~ 24:00,00:00 ~ 24:00,00:00 ~ 24:00,00:00 ~ 24:00,00:00 ~ 24:00,00:00 ~ 24:00,Y,Y,Y,Y,Y,Y,Y,Y,N,Y,Y,Y,N,Y,N,N,N,N,Y,Y,N,N,2022-11-16,578.49 ㎡,"8,789.99 ㎡"
카페24 부산대연점_소호사무실(월),부산광역시,남구,대연동,,1741-11 번지,수영로,233 번,35.13541929,129.0921839,48445,부산광역시 남구 수영로 233,부산광역시 남구 대연동 1741-11,231000,월,독립오피스,1명 ~ 1명,00:00 ~ 24:00,00:00 ~ 24:00,00:00 ~ 24:00,00:00 ~ 24:00,00:00 ~ 24:00,00:00 ~ 24:00,00:00 ~ 24:00,Y,Y,Y,Y,Y,Y,Y,Y,N,Y,Y,Y,N,Y,N,N,N,N,Y,Y,N,N,2022-11-16,578.49 ㎡,"8,789.99 ㎡"
카페24 부산범일점 1인사무실,부산광역시,부산진구,범천동,,1298-117 번지,신암로,9 번,35.14289746,129.0556998,47369,부산광역시 부산진구 신암로 9,부산광역시 부산진구 범천동 1298-117,198000,월,독립오피스,1명 ~ 1명,00:00 ~ 24:00,00:00 ~ 24:00,00:00 ~ 24:00,00:00 ~ 24:00,00:00 ~ 24:00,휴무일,휴무일,Y,Y,Y,Y,Y,Y,Y,Y,N,Y,Y,Y,N,Y,N,N,N,N,Y,Y,N,N,2022-11-16,- ㎡,- ㎡
카페24 부산범일점 공유사무실_기본계약,부산광역시,부산진구,범천동,,1298-117 번지,신암로,9 번,35.14289746,129.0556998,47369,부산광역시 부산진구 신암로 9,부산광역시 부산진구 범천동 1298-117,198000,월,독립오피스,1명 ~ 1명,00:00 ~ 24:00,00:00 ~ 24:00,00:00 ~ 24:00,00:00 ~ 24:00,00:00 ~ 24:00,00:00 ~ 24:00,00:00 ~ 24:00,Y,Y,Y,Y,Y,Y,Y,Y,N,Y,Y,Y,N,Y,N,N,N,N,Y,Y,N,N,2022-11-16,- ㎡,- ㎡
카페24 부산범일점 공유오피스_월 코워킹,부산광역시,부산진구,범천동,,1298-117 번지,신암로,9 번,35.14289746,129.0556998,47369,부산광역시 부산진구 신암로 9,부산광역시 부산진구 범천동 1298-117,198000,월,독립오피스,1명 ~ 1명,00:00 ~ 24:00,00:00 ~ 24:00,00:00 ~ 24:00,00:00 ~ 24:00,00:00 ~ 24:00,00:00 ~ 24:00,00:00 ~ 24:00,Y,Y,Y,Y,Y,Y,Y,Y,N,Y,Y,Y,N,Y,N,N,N,N,Y,Y,N,N,2022-11-16,- ㎡,- ㎡
카페24 부산범일점_소호사무실(월),부산광역시,부산진구,범천동,,1298-117 번지,신암로,9 번,35.14289746,129.0556998,47369,부산광역시 부산진구 신암로 9,부산광역시 부산진구 범천동 1298-117,198000,월,독립오피스,1명 ~ 1명,00:00 ~ 24:00,00:00 ~ 24:00,00:00 ~ 24:00,00:00 ~ 24:00,00:00 ~ 24:00,00:00 ~ 24:00,00:00 ~ 24:00,Y,Y,Y,Y,Y,Y,Y,Y,N,Y,Y,Y,N,Y,N,N,N,N,Y,Y,N,N,2022-11-16,- ㎡,- ㎡
카페24 부평점 3-4인실,인천광역시,부평구,부평동,,152-1 번지,대정로,66 번,37.49357272,126.726677,21395,인천광역시 부평구 대정로 66,인천광역시 부평구 부평동 152-1,605000,월,독립오피스,3명 ~ 4명,00:00 ~ 24:00,00:00 ~ 24:00,00:00 ~ 24:00,00:00 ~ 24:00,00:00 ~ 24:00,00:00 ~ 24:00,00:00 ~ 24:00,Y,N,Y,Y,Y,Y,Y,Y,N,Y,Y,Y,N,Y,N,Y,N,N,N,Y,N,Y,2022-11-16,"2,991.42 ㎡","45,064.98 ㎡"
카페24 선릉점 유튜브랩,서울특별시,강남구,역삼동,,721-13 번지,언주로,425 번,37.50111721,127.0430583,6222,서울특별시 강남구 언주로 425,서울특별시 강남구 역삼동 721-13,607200,월,독립오피스,1명 ~ 3명,00:00 ~ 24:00,00:00 ~ 24:00,00:00 ~ 24:00,00:00 ~ 24:00,00:00 ~ 24:00,00:00 ~ 24:00,00:00 ~ 24:00,Y,N,Y,Y,Y,Y,Y,Y,N,Y,Y,Y,N,Y,N,N,N,Y,Y,Y,N,Y,2022-11-16,435.75 ㎡,"3,334.63 ㎡"
카페24 수원영통역점 1인실PR,경기도,수원시 영통구,영통동,,998-2 번지,반달로7번길,30 번,37.25319221,127.0748967,16704,경기도 수원시 영통구 반달로7번길 30,경기도 수원시 영통구 영통동 998-2,22000,일,독립오피스,1명 ~ 1명,00:00 ~ 24:00,00:00 ~ 24:00,00:00 ~ 24:00,00:00 ~ 24:00,00:00 ~ 24:00,00:00 ~ 24:00,00:00 ~ 24:00,Y,Y,Y,Y,Y,Y,Y,Y,N,Y,Y,Y,N,Y,N,N,N,Y,Y,Y,N,Y,2022-11-16,"1,588.12 ㎡","19,439.54 ㎡"
카페24 수원영통역점 S2인실,경기도,수원시 영통구,영통동,,998-2 번지,반달로7번길,30 번,37.25319221,127.0748967,16704,경기도 수원시 영통구 반달로7번길 30,경기도 수원시 영통구 영통동 998-2,36500,일,독립오피스,1명 ~ 2명,00:00 ~ 24:00,00:00 ~ 24:00,00:00 ~ 24:00,00:00 ~ 24:00,00:00 ~ 24:00,00:00 ~ 24:00,00:00 ~ 24:00,Y,Y,Y,Y,Y,Y,Y,Y,N,Y,Y,Y,N,Y,N,N,N,Y,Y,Y,N,Y,2022-11-16,"1,588.12 ㎡","19,439.54 ㎡"
카페24 잠실종합운동장역점 1인실,서울특별시,송파구,잠실동,,195-9 번지,백제고분로7길,8-16 번,37.50965271,127.0797734,5561,서울특별시 송파구 백제고분로7길 8-16,서울특별시 송파구 잠실동 195-9,365000,월,독립오피스,1명 ~ 1명,00:00 ~ 24:00,00:00 ~ 24:00,00:00 ~ 24:00,00:00 ~ 24:00,00:00 ~ 24:00,00:00 ~ 24:00,00:00 ~ 24:00,Y,N,Y,Y,Y,Y,Y,Y,N,Y,N,N,N,Y,N,N,N,N,Y,Y,N,Y,2022-11-16,215.59 ㎡,"1,359.52 ㎡"
카페24 잠실종합운동장역점 2인실,서울특별시,송파구,잠실동,,195-9 번지,백제고분로7길,8-16 번,37.50965271,127.0797734,5561,서울특별시 송파구 백제고분로7길 8-16,서울특별시 송파구 잠실동 195-9,560000,월,독립오피스,1명 ~ 2명,00:00 ~ 24:00,00:00 ~ 24:00,00:00 ~ 24:00,00:00 ~ 24:00,00:00 ~ 24:00,00:00 ~ 24:00,00:00 ~ 24:00,Y,N,Y,Y,Y,Y,Y,Y,N,Y,N,N,N,Y,N,N,N,N,Y,Y,N,Y,2022-11-16,215.59 ㎡,"1,359.52 ㎡"
카페24 잠실종합운동장역점 3인실,서울특별시,송파구,잠실동,,195-9 번지,백제고분로7길,8-16 번,37.50965271,127.0797734,5561,서울특별시 송파구 백제고분로7길 8-16,서울특별시 송파구 잠실동 195-9,810000,월,독립오피스,1명 ~ 3명,00:00 ~ 24:00,00:00 ~ 24:00,00:00 ~ 24:00,00:00 ~ 24:00,00:00 ~ 24:00,00:00 ~ 24:00,00:00 ~ 24:00,Y,N,Y,Y,Y,Y,Y,Y,N,Y,N,N,N,Y,N,N,N,N,Y,Y,N,Y,2022-11-16,215.59 ㎡,"1,359.52 ㎡"
카페24 창신점(단독 1인실),서울특별시,종로구,창신동,,23-76 번지,지봉로,81 번,37.57737898,127.0150298,3095,서울특별시 종로구 지봉로 81,서울특별시 종로구 창신동 23-76,363000,월,독립오피스,1명 ~ 1명,00:00 ~ 24:00,00:00 ~ 24:00,00:00 ~ 24:00,00:00 ~ 24:00,00:00 ~ 24:00,00:00 ~ 24:00,00:00 ~ 24:00,Y,N,Y,Y,Y,Y,Y,Y,N,Y,Y,N,N,Y,N,N,N,N,N,Y,N,N,2022-11-16,"1,474.69 ㎡","16,754.55 ㎡"
카페24 창신점(단독 2인실),서울특별시,종로구,창신동,,23-76 번지,지봉로,81 번,37.57737898,127.0150298,3095,서울특별시 종로구 지봉로 81,서울특별시 종로구 창신동 23-76,605000,월,독립오피스,1명 ~ 3명,00:00 ~ 24:00,00:00 ~ 24:00,00:00 ~ 24:00,00:00 ~ 24:00,00:00 ~ 24:00,00:00 ~ 24:00,00:00 ~ 24:00,Y,N,Y,Y,Y,Y,Y,Y,N,Y,Y,N,N,Y,N,N,N,N,N,Y,N,N,2022-11-16,"1,474.69 ㎡","16,754.55 ㎡"
카페24 창업센터 보라매점,서울특별시,영등포구,신길동,,679 번지,여의대방로,171 번,37.50240551,126.9209485,7391,서울특별시 영등포구 여의대방로 171,서울특별시 영등포구 신길동 679,550000,월,독립오피스,1명 ~ 2명,00:00 ~ 24:00,00:00 ~ 24:00,00:00 ~ 24:00,00:00 ~ 24:00,00:00 ~ 24:00,00:00 ~ 24:00,00:00 ~ 24:00,Y,N,Y,Y,Y,Y,Y,Y,N,Y,N,N,N,Y,N,N,N,N,N,Y,N,Y,2022-11-16,- ㎡,- ㎡
카페24 창업센터 보라매점 1인실,서울특별시,영등포구,신길동,,679 번지,여의대방로,171 번,37.50240551,126.9209485,7391,서울특별시 영등포구 여의대방로 171,서울특별시 영등포구 신길동 679,297000,월,독립오피스,1명 ~ 1명,00:00 ~ 24:00,00:00 ~ 24:00,00:00 ~ 24:00,00:00 ~ 24:00,00:00 ~ 24:00,00:00 ~ 24:00,00:00 ~ 24:00,Y,N,Y,Y,Y,Y,Y,Y,N,Y,N,Y,N,Y,N,N,N,N,Y,Y,N,Y,2022-11-16,- ㎡,- ㎡
카페24 창업센터 보라매점 2인실,서울특별시,영등포구,신길동,,679 번지,여의대방로,171 번,37.50240551,126.9209485,7391,서울특별시 영등포구 여의대방로 171,서울특별시 영등포구 신길동 679,400000,월,독립오피스,1명 ~ 2명,00:00 ~ 24:00,00:00 ~ 24:00,00:00 ~ 24:00,00:00 ~ 24:00,00:00 ~ 24:00,00:00 ~ 24:00,00:00 ~ 24:00,Y,N,Y,Y,Y,Y,Y,Y,N,Y,N,Y,N,Y,N,N,N,N,Y,Y,N,Y,2022-11-16,- ㎡,- ㎡
카페24 창업센터 보라매점 4인실,서울특별시,영등포구,신길동,,679 번지,여의대방로,171 번,37.50240551,126.9209485,7391,서울특별시 영등포구 여의대방로 171,서울특별시 영등포구 신길동 679,700000,월,독립오피스,1명 ~ 4명,00:00 ~ 24:00,00:00 ~ 24:00,00:00 ~ 24:00,00:00 ~ 24:00,00:00 ~ 24:00,00:00 ~ 24:00,00:00 ~ 24:00,Y,N,Y,Y,Y,Y,Y,Y,N,Y,N,Y,N,Y,N,N,N,N,Y,Y,N,Y,2022-11-16,- ㎡,- ㎡
카페24 창업센터 부평점 2인실,인천광역시,부평구,부평동,,152-1 번지,대정로,66 번,37.49357272,126.726677,21395,인천광역시 부평구 대정로 66,인천광역시 부평구 부평동 152-1,462000,월,독립오피스,1명 ~ 2명,00:00 ~ 24:00,00:00 ~ 24:00,00:00 ~ 24:00,00:00 ~ 24:00,00:00 ~ 24:00,00:00 ~ 24:00,00:00 ~ 24:00,Y,N,Y,Y,Y,Y,Y,Y,N,Y,Y,Y,N,Y,N,Y,N,N,N,Y,N,Y,2022-11-16,"2,991.42 ㎡","45,064.98 ㎡"
카페24 한국노총 대전점 2인실,대전광역시,서구,둔산동,,1304 번지,둔산서로,84 번,36.3543054,127.3834769,35238,대전광역시 서구 둔산서로 84,대전광역시 서구 둔산동 1304,500000,월,독립오피스,2명 ~ 2명,00:00 ~ 24:00,00:00 ~ 24:00,00:00 ~ 24:00,00:00 ~ 24:00,00:00 ~ 24:00,00:00 ~ 24:00,00:00 ~ 24:00,Y,Y,Y,Y,N,Y,Y,Y,N,Y,Y,N,N,Y,N,N,N,N,N,Y,N,N,2022-11-16,- ㎡,- ㎡
카페24 해운대장산점 공유오피스,부산광역시,해운대구,좌동,,1466-2 번지,세실로,79 번,35.17164719,129.1764402,48106,부산광역시 해운대구 세실로 79,부산광역시 해운대구 좌동 1466-2,231000,월,독립오피스,1명 ~ 1명,00:00 ~ 24:00,00:00 ~ 24:00,00:00 ~ 24:00,00:00 ~ 24:00,00:00 ~ 24:00,00:00 ~ 24:00,00:00 ~ 24:00,Y,N,Y,Y,Y,Y,Y,Y,N,Y,Y,Y,N,Y,N,N,N,N,Y,Y,N,N,2022-11-16,587.48 ㎡,"8,024.2 ㎡"
카페24분당오리점2인실,경기도,성남시 분당구,구미동,,185-1 번지,성남대로,38 번,37.339308,127.1093922,13637,경기도 성남시 분당구 성남대로 38,경기도 성남시 분당구 구미동 185-1,570000,월,독립오피스,2명 ~ 2명,00:00 ~ 24:00,00:00 ~ 24:00,00:00 ~ 24:00,00:00 ~ 24:00,00:00 ~ 24:00,00:00 ~ 24:00,00:00 ~ 24:00,Y,N,Y,Y,Y,Y,Y,Y,N,Y,N,N,N,Y,N,N,N,N,N,Y,N,N,2022-11-16,584.48 ㎡,"4,517.65 ㎡"
카페24신당)독립사무실(프리미엄),서울특별시,중구,신당동,,150-1 번지,퇴계로,450 번,37.56530032,127.0215277,4578,서울특별시 중구 퇴계로 450,서울특별시 중구 신당동 150-1,660000,월,독립오피스,1명 ~ 2명,00:00 ~ 24:00,00:00 ~ 24:00,00:00 ~ 24:00,00:00 ~ 24:00,00:00 ~ 24:00,00:00 ~ 24:00,00:00 ~ 24:00,Y,N,Y,Y,N,Y,Y,Y,N,Y,Y,Y,N,Y,N,N,N,N,Y,Y,N,Y,2022-11-16,405.5 ㎡,"4,150.93 ㎡"
카페24신당점(사무실 임대),서울특별시,중구,신당동,,150-1 번지,퇴계로,450 번,37.56530032,127.0215277,4578,서울특별시 중구 퇴계로 450,서울특별시 중구 신당동 150-1,550000,월,독립오피스,1명 ~ 3명,00:00 ~ 24:00,00:00 ~ 24:00,00:00 ~ 24:00,00:00 ~ 24:00,00:00 ~ 24:00,00:00 ~ 24:00,00:00 ~ 24:00,Y,N,Y,Y,N,Y,Y,Y,N,Y,Y,Y,N,Y,N,N,N,N,Y,Y,N,Y,2022-11-16,405.5 ㎡,"4,150.93 ㎡"
카페24창신점(단독2인실-내측),서울특별시,종로구,창신동,,23-76 번지,지봉로,81 번,37.57737898,127.0150298,3095,서울특별시 종로구 지봉로 81,서울특별시 종로구 창신동 23-76,550000,월,독립오피스,1명 ~ 2명,00:00 ~ 24:00,00:00 ~ 24:00,00:00 ~ 24:00,00:00 ~ 24:00,00:00 ~ 24:00,00:00 ~ 24:00,00:00 ~ 24:00,Y,N,Y,Y,Y,Y,Y,Y,N,Y,Y,N,N,Y,N,N,N,N,N,Y,N,N,2022-11-16,"1,474.69 ㎡","16,754.55 ㎡"
카페24창업센터 강동점 1인실,서울특별시,강동구,길동,,385-6 번지,양재대로113길,51 번,37.53832179,127.1370808,5354,서울특별시 강동구 양재대로113길 51,서울특별시 강동구 길동 385-6,297000,월,독립오피스,1명 ~ 2명,00:00 ~ 24:00,00:00 ~ 24:00,00:00 ~ 24:00,00:00 ~ 24:00,00:00 ~ 24:00,00:00 ~ 24:00,00:00 ~ 24:00,Y,Y,Y,Y,N,Y,Y,Y,N,Y,Y,N,N,Y,N,Y,N,Y,Y,Y,N,Y,2022-11-16,795.7 ㎡,"14,595.62 ㎡"
카페24창업센터 강동점 2인실,서울특별시,강동구,길동,,385-6 번지,양재대로113길,51 번,37.53832179,127.1370808,5354,서울특별시 강동구 양재대로113길 51,서울특별시 강동구 길동 385-6,495000,월,독립오피스,1명 ~ 3명,00:00 ~ 24:00,00:00 ~ 24:00,00:00 ~ 24:00,00:00 ~ 24:00,00:00 ~ 24:00,00:00 ~ 24:00,00:00 ~ 24:00,Y,N,Y,Y,Y,Y,Y,Y,N,Y,Y,N,N,Y,N,N,N,Y,Y,Y,N,N,2022-11-16,795.7 ㎡,"14,595.62 ㎡"
카페24창업센터 강동점 3인실,서울특별시,강동구,길동,,385-6 번지,양재대로113길,51 번,37.53832179,127.1370808,5354,서울특별시 강동구 양재대로113길 51,서울특별시 강동구 길동 385-6,737000,월,독립오피스,1명 ~ 4명,00:00 ~ 24:00,00:00 ~ 24:00,00:00 ~ 24:00,00:00 ~ 24:00,00:00 ~ 24:00,00:00 ~ 24:00,00:00 ~ 24:00,Y,Y,Y,Y,N,Y,Y,Y,N,Y,Y,N,N,Y,N,Y,N,Y,Y,Y,N,Y,2022-11-16,795.7 ㎡,"14,595.62 ㎡"
카페24창업센터 광주상무점 1인실,광주광역시,서구,치평동,,1181-2 번지,상무중앙로,57 번,35.15212646,126.8478448,61950,광주광역시 서구 상무중앙로 57,광주광역시 서구 치평동 1181-2,286000,월,독립오피스,1명 ~ 1명,00:00 ~ 24:00,00:00 ~ 24:00,00:00 ~ 24:00,00:00 ~ 24:00,00:00 ~ 24:00,00:00 ~ 24:00,00:00 ~ 24:00,Y,Y,Y,Y,N,Y,Y,Y,N,Y,Y,N,N,Y,N,Y,N,Y,Y,Y,N,N,2022-11-16,"1,260.0 ㎡","6,412.0 ㎡"
카페24창업센터 광주상무점 2인실,광주광역시,서구,치평동,,1181-2 번지,상무중앙로,57 번,35.15212646,126.8478448,61950,광주광역시 서구 상무중앙로 57,광주광역시 서구 치평동 1181-2,484000,월,독립오피스,2명 ~ 2명,00:00 ~ 24:00,00:00 ~ 24:00,00:00 ~ 24:00,00:00 ~ 24:00,00:00 ~ 24:00,00:00 ~ 24:00,00:00 ~ 24:00,Y,Y,Y,Y,N,Y,Y,Y,N,Y,Y,N,N,Y,N,Y,N,Y,Y,Y,N,N,2022-11-16,"1,260.0 ㎡","6,412.0 ㎡"
카페24창업센터 광주상무점 3인실,광주광역시,서구,치평동,,1181-2 번지,상무중앙로,57 번,35.15212646,126.8478448,61950,광주광역시 서구 상무중앙로 57,광주광역시 서구 치평동 1181-2,737000,월,독립오피스,3명 ~ 3명,00:00 ~ 24:00,00:00 ~ 24:00,00:00 ~ 24:00,00:00 ~ 24:00,00:00 ~ 24:00,00:00 ~ 24:00,00:00 ~ 24:00,Y,Y,Y,Y,N,Y,Y,Y,N,Y,Y,N,N,Y,N,Y,N,Y,Y,Y,N,N,2022-11-16,"1,260.0 ㎡","6,412.0 ㎡"
카페24창업센터 대구수성점-1인실,대구광역시,수성구,범물동,,1334-3 번지,지범로,196 번,35.8203964,128.640261,42209,대구광역시 수성구 지범로 196,대구광역시 수성구 범물동 1334-3,275000,월,독립오피스,1명 ~ 1명,00:00 ~ 24:00,00:00 ~ 24:00,00:00 ~ 24:00,00:00 ~ 24:00,00:00 ~ 24:00,휴무일,휴무일,Y,N,Y,Y,Y,Y,Y,Y,N,Y,N,Y,N,Y,N,N,N,N,N,Y,N,N,2022-11-16,511.79 ㎡,"3,745.3 ㎡"
카페24창업센터 대구수성점-2인실,대구광역시,수성구,범물동,,1334-3 번지,지범로,196 번,35.8203964,128.640261,42209,대구광역시 수성구 지범로 196,대구광역시 수성구 범물동 1334-3,407000,월,독립오피스,1명 ~ 3명,00:00 ~ 24:00,00:00 ~ 24:00,00:00 ~ 24:00,00:00 ~ 24:00,00:00 ~ 24:00,휴무일,휴무일,Y,N,Y,Y,Y,Y,Y,Y,N,Y,N,Y,N,Y,N,N,N,N,N,Y,N,N,2022-11-16,511.79 ㎡,"3,745.3 ㎡"
카페24창업센터 대전도안점 1인실 A,대전광역시,서구,가수원동,,1057 번지,계백로,1159 번,36.30524763,127.3518204,35368,대전광역시 서구 계백로 1159,대전광역시 서구 가수원동 1057,253000,월,독립오피스,1명 ~ 1명,00:00 ~ 24:00,00:00 ~ 24:00,00:00 ~ 24:00,00:00 ~ 24:00,00:00 ~ 24:00,00:00 ~ 24:00,00:00 ~ 24:00,Y,N,Y,Y,Y,Y,Y,Y,N,Y,Y,Y,N,Y,N,N,N,N,N,Y,N,N,2022-11-16,814.83 ㎡,"4,974.65 ㎡"
카페24창업센터 대전도안점 1인실 B,대전광역시,서구,가수원동,,1057 번지,계백로,1159 번,36.30524763,127.3518204,35368,대전광역시 서구 계백로 1159,대전광역시 서구 가수원동 1057,220000,월,독립오피스,1명 ~ 1명,00:00 ~ 24:00,00:00 ~ 24:00,00:00 ~ 24:00,00:00 ~ 24:00,00:00 ~ 24:00,00:00 ~ 24:00,00:00 ~ 24:00,Y,N,Y,Y,Y,Y,Y,Y,N,Y,Y,Y,N,Y,N,N,N,N,N,Y,N,N,2022-11-16,814.83 ㎡,"4,974.65 ㎡"
카페24창업센터 대전도안점 2인실 A,대전광역시,서구,도안동,,1789 번지,계백로,1159 번,36.30523673,127.3518514,35368,대전광역시 서구 계백로 1159,대전광역시 서구 도안동 1789,440000,월,독립오피스,2명 ~ 2명,00:00 ~ 24:00,00:00 ~ 24:00,00:00 ~ 24:00,00:00 ~ 24:00,00:00 ~ 24:00,00:00 ~ 24:00,00:00 ~ 24:00,Y,N,Y,Y,Y,Y,Y,Y,N,Y,Y,Y,N,Y,N,N,N,N,N,Y,N,N,2022-11-16,814.83 ㎡,"4,974.65 ㎡"
카페24창업센터 대전도안점 2인실 B,대전광역시,서구,도안동,,1789 번지,계백로,1159 번,36.30523673,127.3518514,35368,대전광역시 서구 계백로 1159,대전광역시 서구 도안동 1789,407000,월,독립오피스,2명 ~ 2명,00:00 ~ 24:00,00:00 ~ 24:00,00:00 ~ 24:00,00:00 ~ 24:00,00:00 ~ 24:00,00:00 ~ 24:00,00:00 ~ 24:00,Y,N,Y,Y,Y,Y,Y,Y,N,Y,Y,Y,N,Y,N,N,N,N,N,Y,N,N,2022-11-16,814.83 ㎡,"4,974.65 ㎡"
카페24창업센터 대전도안점 4인실,대전광역시,서구,가수원동,,1057 번지,계백로,1159 번,36.30524763,127.3518204,35368,대전광역시 서구 계백로 1159,대전광역시 서구 가수원동 1057,533500,월,독립오피스,4명 ~ 4명,00:00 ~ 24:00,00:00 ~ 24:00,00:00 ~ 24:00,00:00 ~ 24:00,00:00 ~ 24:00,00:00 ~ 24:00,00:00 ~ 24:00,Y,N,Y,Y,Y,Y,Y,Y,N,Y,Y,Y,N,Y,N,N,N,N,N,Y,N,N,2022-11-16,814.83 ㎡,"4,974.65 ㎡"
카페24창업센터 동대문점(1인실),서울특별시,중구,광희동,,17-2 번지,장충단로13길,20 번,37.56873455,127.0076665,4563,서울특별시 중구 장충단로13길 20,서울특별시 중구 을지로6가 17-2,605000,월,독립오피스,1명 ~ 1명,00:00 ~ 24:00,00:00 ~ 24:00,00:00 ~ 24:00,00:00 ~ 24:00,00:00 ~ 24:00,00:00 ~ 24:00,00:00 ~ 24:00,Y,Y,Y,Y,Y,Y,Y,Y,N,Y,Y,Y,N,Y,N,Y,N,N,N,Y,N,Y,2022-11-16,"3,758.81 ㎡","122,917.19 ㎡"
카페24창업센터 동대문점(2인실),서울특별시,중구,광희동,,17-2 번지,장충단로13길,20 번,37.56873455,127.0076665,4563,서울특별시 중구 장충단로13길 20,서울특별시 중구 을지로6가 17-2,1100000,월,독립오피스,2명 ~ 2명,00:00 ~ 24:00,00:00 ~ 24:00,00:00 ~ 24:00,00:00 ~ 24:00,00:00 ~ 24:00,00:00 ~ 24:00,00:00 ~ 24:00,Y,Y,Y,Y,Y,Y,Y,Y,N,Y,Y,Y,N,Y,N,Y,N,N,N,Y,N,Y,2022-11-16,"3,758.81 ㎡","122,917.19 ㎡"
카페24창업센터 동대문점(3인실),서울특별시,중구,광희동,,17-2 번지,장충단로13길,20 번,37.56873455,127.0076665,4563,서울특별시 중구 장충단로13길 20,서울특별시 중구 을지로6가 17-2,1650000,월,독립오피스,3명 ~ 3명,00:00 ~ 24:00,00:00 ~ 24:00,00:00 ~ 24:00,00:00 ~ 24:00,00:00 ~ 24:00,00:00 ~ 24:00,00:00 ~ 24:00,Y,Y,Y,Y,Y,Y,Y,Y,N,Y,Y,Y,N,Y,N,Y,N,N,N,Y,N,Y,2022-11-16,"3,758.81 ㎡","122,917.19 ㎡"
카페24창업센터 동대문점(4인실),서울특별시,중구,광희동,,17-2 번지,장충단로13길,20 번,37.56873455,127.0076665,4563,서울특별시 중구 장충단로13길 20,서울특별시 중구 을지로6가 17-2,2035000,월,독립오피스,4명 ~ 4명,00:00 ~ 24:00,00:00 ~ 24:00,00:00 ~ 24:00,00:00 ~ 24:00,00:00 ~ 24:00,00:00 ~ 24:00,00:00 ~ 24:00,Y,Y,Y,Y,Y,Y,Y,Y,N,Y,Y,Y,N,Y,N,Y,N,N,N,Y,N,Y,2022-11-16,"3,758.81 ㎡","122,917.19 ㎡"
카페24창업센터 봉천점,서울특별시,관악구,봉천동,,952-18 번지,은천로,27 번,37.48639473,126.9385584,8717,서울특별시 관악구 은천로 27,서울특별시 관악구 봉천동 952-18,319000,월,독립오피스,1명 ~ 2명,00:00 ~ 24:00,00:00 ~ 24:00,00:00 ~ 24:00,00:00 ~ 24:00,00:00 ~ 24:00,00:00 ~ 24:00,00:00 ~ 24:00,Y,N,Y,Y,Y,Y,Y,Y,N,Y,Y,Y,N,Y,N,Y,N,N,Y,Y,N,N,2022-11-16,318.14 ㎡,"2,555.54 ㎡"
카페24창업센터 부산대연점 1인 A,부산광역시,남구,대연동,,1741-11 번지,수영로,233 번,35.13541929,129.0921839,48445,부산광역시 남구 수영로 233,부산광역시 남구 대연동 1741-11,231000,월,독립오피스,1명 ~ 1명,00:00 ~ 24:00,00:00 ~ 24:00,00:00 ~ 24:00,00:00 ~ 24:00,00:00 ~ 24:00,00:00 ~ 24:00,00:00 ~ 24:00,Y,Y,Y,Y,Y,Y,Y,Y,N,Y,Y,Y,N,Y,N,N,N,N,Y,Y,N,N,2022-11-16,578.49 ㎡,"8,789.99 ㎡"
카페24창업센터 부산대연점-1인창 B,부산광역시,남구,대연동,,1741-11 번지,수영로,233 번,35.13541929,129.0921839,48445,부산광역시 남구 수영로 233,부산광역시 남구 대연동 1741-11,231000,월,독립오피스,1명 ~ 1명,00:00 ~ 24:00,00:00 ~ 24:00,00:00 ~ 24:00,00:00 ~ 24:00,00:00 ~ 24:00,00:00 ~ 24:00,00:00 ~ 24:00,Y,Y,Y,Y,Y,Y,Y,Y,N,Y,Y,Y,N,Y,N,N,N,N,Y,Y,N,N,2022-11-16,578.49 ㎡,"8,789.99 ㎡"
카페24창업센터 부산대점 1인실,부산광역시,금정구,장전동,,423-17 번지,금강로,246 번,35.22986767,129.0849841,46293,부산광역시 금정구 금강로 246,부산광역시 금정구 장전동 423-17,280000,월,독립오피스,1명 ~ 1명,00:00 ~ 24:00,00:00 ~ 24:00,00:00 ~ 24:00,00:00 ~ 24:00,00:00 ~ 24:00,00:00 ~ 24:00,00:00 ~ 24:00,Y,N,Y,Y,Y,Y,Y,Y,N,Y,Y,N,N,Y,N,Y,N,N,Y,Y,N,Y,2022-11-16,387.11 ㎡,"2,861.15 ㎡"
카페24창업센터 부산대점 2인실,부산광역시,금정구,장전동,,423-17 번지,금강로,246 번,35.22986767,129.0849841,46293,부산광역시 금정구 금강로 246,부산광역시 금정구 장전동 423-17,420000,월,독립오피스,1명 ~ 2명,00:00 ~ 24:00,00:00 ~ 24:00,00:00 ~ 24:00,00:00 ~ 24:00,00:00 ~ 24:00,00:00 ~ 24:00,00:00 ~ 24:00,Y,N,Y,Y,Y,Y,Y,Y,N,Y,Y,N,N,Y,N,Y,N,N,Y,Y,N,Y,2022-11-16,387.11 ㎡,"2,861.15 ㎡"
카페24창업센터 부산대점 3인실,부산광역시,금정구,장전동,,423-17 번지,금강로,246 번,35.22986767,129.0849841,46293,부산광역시 금정구 금강로 246,부산광역시 금정구 장전동 423-17,600000,월,독립오피스,1명 ~ 3명,00:00 ~ 24:00,00:00 ~ 24:00,00:00 ~ 24:00,00:00 ~ 24:00,00:00 ~ 24:00,00:00 ~ 24:00,00:00 ~ 24:00,Y,N,Y,Y,Y,Y,Y,Y,N,Y,Y,N,N,Y,N,Y,N,N,Y,Y,N,Y,2022-11-16,387.11 ㎡,"2,861.15 ㎡"
카페24창업센터 부산동래점 1인실,부산광역시,동래구,명륜동,,569-10 번지,명륜로,130-1 번,35.20550307,129.0823903,47808,부산광역시 동래구 명륜로 130-1,부산광역시 동래구 명륜동 569-10,264000,월,독립오피스,1명 ~ 1명,00:00 ~ 24:00,00:00 ~ 24:00,00:00 ~ 24:00,00:00 ~ 24:00,00:00 ~ 24:00,00:00 ~ 24:00,00:00 ~ 24:00,Y,N,Y,Y,Y,Y,Y,Y,N,Y,Y,N,N,Y,N,Y,N,N,Y,Y,N,Y,2022-11-16,- ㎡,- ㎡
카페24창업센터 부산동래점 2인실,부산광역시,동래구,명륜동,,569-10 번지,명륜로,130-1 번,35.20550307,129.0823903,47808,부산광역시 동래구 명륜로 130-1,부산광역시 동래구 명륜동 569-10,360000,월,독립오피스,1명 ~ 2명,00:00 ~ 24:00,00:00 ~ 24:00,00:00 ~ 24:00,00:00 ~ 24:00,00:00 ~ 24:00,00:00 ~ 24:00,00:00 ~ 24:00,Y,N,Y,Y,Y,Y,Y,Y,N,Y,Y,N,N,Y,N,Y,N,N,Y,Y,N,Y,2022-11-16,- ㎡,- ㎡
카페24창업센터 부산동래점 3인,부산광역시,동래구,명륜동,,569-10 번지,명륜로,130-1 번,35.20550307,129.0823903,47808,부산광역시 동래구 명륜로 130-1,부산광역시 동래구 명륜동 569-10,528000,월,독립오피스,1명 ~ 3명,00:00 ~ 24:00,00:00 ~ 24:00,00:00 ~ 24:00,00:00 ~ 24:00,00:00 ~ 24:00,00:00 ~ 24:00,00:00 ~ 24:00,Y,N,Y,Y,Y,Y,Y,Y,N,Y,Y,N,N,Y,N,Y,N,N,Y,Y,N,Y,2022-11-16,- ㎡,- ㎡
카페24창업센터 부산범일점_코워킹,부산광역시,부산진구,범천동,,1298-117 번지,신암로,9 번,35.14289746,129.0556998,47369,부산광역시 부산진구 신암로 9,부산광역시 부산진구 범천동 1298-117,198000,월,독립오피스,1명 ~ 1명,00:00 ~ 24:00,00:00 ~ 24:00,00:00 ~ 24:00,00:00 ~ 24:00,00:00 ~ 24:00,휴무일,휴무일,Y,Y,Y,Y,Y,Y,Y,Y,N,Y,Y,Y,N,Y,N,N,N,N,Y,Y,N,N,2022-11-16,- ㎡,- ㎡
카페24창업센터 부산범일점-1인(창측),부산광역시,부산진구,범천동,,1298-117 번지,신암로,9 번,35.14289746,129.0556998,47369,부산광역시 부산진구 신암로 9,부산광역시 부산진구 범천동 1298-117,198000,월,독립오피스,1명 ~ 1명,00:00 ~ 24:00,00:00 ~ 24:00,00:00 ~ 24:00,00:00 ~ 24:00,00:00 ~ 24:00,00:00 ~ 24:00,00:00 ~ 24:00,Y,Y,Y,Y,Y,Y,Y,Y,N,Y,Y,Y,N,Y,N,N,N,N,Y,Y,N,N,2022-11-16,- ㎡,- ㎡
카페24창업센터 석촌점 1인실,서울특별시,송파구,송파동,,122-5 번지,가락로,171 번,37.50423844,127.1139954,5664,서울특별시 송파구 가락로 171,서울특별시 송파구 송파동 122-5,330000,월,독립오피스,1명 ~ 1명,09:00 ~ 18:00,09:00 ~ 18:00,09:00 ~ 18:00,09:00 ~ 18:00,09:00 ~ 18:00,휴무일,휴무일,Y,N,Y,N,Y,Y,Y,Y,N,Y,Y,N,N,Y,N,Y,N,N,Y,Y,N,N,2022-11-16,426.54 ㎡,"3,238.67 ㎡"
카페24창업센터 선릉점,서울특별시,강남구,역삼동,,721 번지,언주로85길,7 번,37.50104645,127.0426411,6222,서울특별시 강남구 언주로85길 7,서울특별시 강남구 역삼동 721,250000,월,독립오피스,1명 ~ 5명,00:00 ~ 24:00,00:00 ~ 24:00,00:00 ~ 24:00,00:00 ~ 24:00,00:00 ~ 24:00,00:00 ~ 24:00,00:00 ~ 24:00,Y,N,Y,Y,Y,Y,Y,Y,N,Y,Y,Y,N,Y,N,Y,N,N,Y,Y,N,N,2022-11-16,518.32 ㎡,"5,187.74 ㎡"
카페24창업센터 선릉점 1인실,서울특별시,강남구,역삼동,,721-13 번지,언주로,425 번,37.50111721,127.0430583,6222,서울특별시 강남구 언주로 425,서울특별시 강남구 역삼동 721-13,418000,월,독립오피스,1명 ~ 1명,00:00 ~ 24:00,00:00 ~ 24:00,00:00 ~ 24:00,00:00 ~ 24:00,00:00 ~ 24:00,00:00 ~ 24:00,00:00 ~ 24:00,Y,Y,Y,Y,Y,Y,Y,Y,N,Y,Y,Y,N,Y,N,N,N,Y,Y,Y,N,Y,2022-11-16,435.75 ㎡,"3,334.63 ㎡"
카페24창업센터 선릉점 2인실,서울특별시,강남구,역삼동,,721-13 번지,언주로,425 번,37.50111721,127.0430583,6222,서울특별시 강남구 언주로 425,서울특별시 강남구 역삼동 721-13,682000,월,독립오피스,1명 ~ 1명,00:00 ~ 24:00,00:00 ~ 24:00,00:00 ~ 24:00,00:00 ~ 24:00,00:00 ~ 24:00,00:00 ~ 24:00,00:00 ~ 24:00,Y,Y,Y,Y,Y,Y,Y,Y,N,Y,Y,Y,N,Y,N,N,N,Y,Y,Y,N,Y,2022-11-16,435.75 ㎡,"3,334.63 ㎡"
카페24창업센터 선릉점 3인실,서울특별시,강남구,역삼동,,721-13 번지,언주로,425 번,37.50111721,127.0430583,6222,서울특별시 강남구 언주로 425,서울특별시 강남구 역삼동 721-13,715000,월,독립오피스,1명 ~ 3명,00:00 ~ 24:00,00:00 ~ 24:00,00:00 ~ 24:00,00:00 ~ 24:00,00:00 ~ 24:00,00:00 ~ 24:00,00:00 ~ 24:00,Y,N,Y,Y,Y,Y,Y,Y,N,Y,Y,Y,N,Y,N,N,N,Y,Y,Y,N,Y,2022-11-16,435.75 ㎡,"3,334.63 ㎡"
카페24창업센터 선릉점 4인실,서울특별시,강남구,역삼동,,721-13 번지,언주로,425 번,37.50111721,127.0430583,6222,서울특별시 강남구 언주로 425,서울특별시 강남구 역삼동 721-13,902000,월,독립오피스,1명 ~ 4명,00:00 ~ 24:00,00:00 ~ 24:00,00:00 ~ 24:00,00:00 ~ 24:00,00:00 ~ 24:00,00:00 ~ 24:00,00:00 ~ 24:00,Y,N,Y,Y,Y,Y,Y,Y,N,Y,Y,Y,N,Y,N,N,N,N,Y,Y,N,N,2022-11-16,435.75 ㎡,"3,334.63 ㎡"
카페24창업센터 선릉점 공용실,서울특별시,강남구,역삼동,,721-13 번지,언주로,425 번,37.50111721,127.0430583,6222,서울특별시 강남구 언주로 425,서울특별시 강남구 역삼동 721-13,264000,월,독립오피스,1명 ~ 1명,00:00 ~ 24:00,00:00 ~ 24:00,00:00 ~ 24:00,00:00 ~ 24:00,00:00 ~ 24:00,00:00 ~ 24:00,00:00 ~ 24:00,Y,N,Y,Y,Y,Y,Y,Y,N,Y,Y,Y,N,Y,N,N,N,Y,Y,Y,N,Y,2022-11-16,435.75 ㎡,"3,334.63 ㎡"
카페24창업센터 성남수진 1인실 A,경기도,성남시 중원구,성남동,,2613 번지,광명로,132 번,37.43695551,127.1429219,13360,경기도 성남시 중원구 광명로 132,경기도 성남시 중원구 성남동 2613,330000,월,독립오피스,1명 ~ 1명,00:00 ~ 24:00,00:00 ~ 24:00,00:00 ~ 24:00,00:00 ~ 24:00,00:00 ~ 24:00,00:00 ~ 24:00,00:00 ~ 24:00,Y,Y,Y,Y,N,Y,Y,Y,N,Y,Y,N,N,Y,N,N,N,N,Y,Y,N,Y,2022-11-16,351.76 ㎡,"2,342.1 ㎡"
카페24창업센터 성남수진점 1인실 B,경기도,성남시 중원구,성남동,,2613 번지,광명로,132 번,37.43695551,127.1429219,13360,경기도 성남시 중원구 광명로 132,경기도 성남시 중원구 성남동 2613,297000,월,독립오피스,1명 ~ 1명,00:00 ~ 24:00,00:00 ~ 24:00,00:00 ~ 24:00,00:00 ~ 24:00,00:00 ~ 24:00,00:00 ~ 24:00,00:00 ~ 24:00,Y,Y,Y,Y,N,Y,Y,Y,N,Y,Y,N,N,Y,N,N,N,N,Y,Y,N,Y,2022-11-16,351.76 ㎡,"2,342.1 ㎡"
카페24창업센터 성남수진점 2인실,경기도,성남시 중원구,성남동,,2613 번지,광명로,132 번,37.43695551,127.1429219,13360,경기도 성남시 중원구 광명로 132,경기도 성남시 중원구 성남동 2613,495000,월,독립오피스,1명 ~ 3명,00:00 ~ 24:00,00:00 ~ 24:00,00:00 ~ 24:00,00:00 ~ 24:00,00:00 ~ 24:00,00:00 ~ 24:00,00:00 ~ 24:00,Y,Y,Y,Y,N,Y,Y,Y,N,Y,Y,N,N,Y,N,N,N,N,Y,Y,N,Y,2022-11-16,351.76 ㎡,"2,342.1 ㎡"
카페24창업센터 성수점 1인실,서울특별시,성동구,성수2가3동,,289-20 번지,아차산로7길,21 번,37.54720213,127.0547971,4793,서울특별시 성동구 아차산로7길 21,서울특별시 성동구 성수동2가 289-20,16500,일,독립오피스,1명 ~ 1명,00:00 ~ 24:00,00:00 ~ 24:00,00:00 ~ 24:00,00:00 ~ 24:00,00:00 ~ 24:00,00:00 ~ 24:00,00:00 ~ 24:00,Y,N,Y,Y,Y,Y,Y,Y,N,Y,Y,Y,N,Y,N,N,N,Y,Y,Y,N,Y,2022-11-16,"1,065.09 ㎡","5,331.51 ㎡"
카페24창업센터 성수점 2인실,서울특별시,성동구,성수2가3동,,289-20 번지,아차산로7길,21 번,37.54720213,127.0547971,4793,서울특별시 성동구 아차산로7길 21,서울특별시 성동구 성수동2가 289-20,27500,일,독립오피스,2명 ~ 3명,00:00 ~ 24:00,00:00 ~ 24:00,00:00 ~ 24:00,00:00 ~ 24:00,00:00 ~ 24:00,00:00 ~ 24:00,00:00 ~ 24:00,Y,N,Y,Y,Y,Y,Y,Y,N,Y,Y,Y,N,Y,N,N,N,Y,Y,Y,N,Y,2022-11-16,"1,065.09 ㎡","5,331.51 ㎡"
카페24창업센터 성수점 3인실,서울특별시,성동구,성수2가3동,,289-20 번지,아차산로7길,21 번,37.54720213,127.0547971,4793,서울특별시 성동구 아차산로7길 21,서울특별시 성동구 성수동2가 289-20,38500,일,독립오피스,3명 ~ 5명,00:00 ~ 24:00,00:00 ~ 24:00,00:00 ~ 24:00,00:00 ~ 24:00,00:00 ~ 24:00,00:00 ~ 24:00,00:00 ~ 24:00,Y,N,Y,Y,Y,Y,Y,Y,N,Y,Y,Y,N,Y,N,N,N,Y,Y,Y,N,Y,2022-11-16,"1,065.09 ㎡","5,331.51 ㎡"
카페24창업센터 성수점 4인실,서울특별시,성동구,성수2가3동,,289-20 번지,아차산로7길,21 번,37.54720213,127.0547971,4793,서울특별시 성동구 아차산로7길 21,서울특별시 성동구 성수동2가 289-20,55000,일,독립오피스,4명 ~ 6명,00:00 ~ 24:00,00:00 ~ 24:00,00:00 ~ 24:00,00:00 ~ 24:00,00:00 ~ 24:00,00:00 ~ 24:00,00:00 ~ 24:00,Y,N,Y,Y,Y,Y,Y,Y,N,Y,Y,Y,N,Y,N,N,N,Y,Y,Y,N,Y,2022-11-16,"1,065.09 ㎡","5,331.51 ㎡"
카페24창업센터 송파가락점 1인실,서울특별시,송파구,문정동,,150-4 번지,중대로,56 번,37.4911824,127.1151207,5833,서울특별시 송파구 중대로 56,서울특별시 송파구 문정동 150-4,327000,월,독립오피스,1명 ~ 1명,00:00 ~ 24:00,00:00 ~ 24:00,00:00 ~ 24:00,00:00 ~ 24:00,00:00 ~ 24:00,00:00 ~ 24:00,00:00 ~ 24:00,Y,N,Y,Y,Y,Y,Y,Y,N,Y,Y,N,N,Y,N,N,N,N,Y,Y,N,N,2022-11-16,403.16 ㎡,"3,972.37 ㎡"
카페24창업센터 송파가락점 2인실,서울특별시,송파구,문정동,,150-4 번지,중대로,56 번,37.4911824,127.1151207,5833,서울특별시 송파구 중대로 56,서울특별시 송파구 문정동 150-4,572000,월,독립오피스,1명 ~ 2명,00:00 ~ 24:00,00:00 ~ 24:00,00:00 ~ 24:00,00:00 ~ 24:00,00:00 ~ 24:00,00:00 ~ 24:00,00:00 ~ 24:00,Y,N,Y,Y,Y,Y,Y,Y,N,Y,Y,N,N,Y,N,N,N,N,Y,Y,N,N,2022-11-16,403.16 ㎡,"3,972.37 ㎡"
카페24창업센터 송파가락점 4인실,서울특별시,송파구,문정동,,150-4 번지,중대로,56 번,37.4911824,127.1151207,5833,서울특별시 송파구 중대로 56,서울특별시 송파구 문정동 150-4,1000000,월,독립오피스,1명 ~ 4명,00:00 ~ 24:00,00:00 ~ 24:00,00:00 ~ 24:00,00:00 ~ 24:00,00:00 ~ 24:00,00:00 ~ 24:00,00:00 ~ 24:00,Y,N,Y,Y,Y,Y,Y,Y,N,Y,Y,N,N,Y,N,N,N,N,Y,Y,N,N,2022-11-16,403.16 ㎡,"3,972.37 ㎡"
카페24창업센터 수원역점,경기도,수원시 팔달구,매산동,,35-15 번지,매산로,83 번,37.27021201,127.0101401,16457,경기도 수원시 팔달구 매산로 83,경기도 수원시 팔달구 매산로3가 35-15,240000,월,독립오피스,1명 ~ 3명,00:00 ~ 24:00,00:00 ~ 24:00,00:00 ~ 24:00,00:00 ~ 24:00,00:00 ~ 24:00,휴무일,휴무일,Y,N,Y,Y,Y,Y,Y,Y,N,Y,Y,N,N,Y,N,N,Y,N,Y,Y,N,Y,2022-11-16,445.97 ㎡,"3,831.03 ㎡"
카페24창업센터 신도림점 1인실,서울특별시,영등포구,도림동,,269-4 번지,도영로,19 번,37.50852025,126.8955209,7372,서울특별시 영등포구 도영로 19,서울특별시 영등포구 도림동 269-4,16500,일,독립오피스,1명 ~ 1명,00:00 ~ 24:00,00:00 ~ 24:00,00:00 ~ 24:00,00:00 ~ 24:00,00:00 ~ 24:00,00:00 ~ 24:00,00:00 ~ 24:00,Y,N,Y,Y,Y,Y,Y,Y,N,Y,Y,N,N,Y,Y,N,N,Y,Y,Y,N,N,2022-11-16,480.27 ㎡,"2,455.27 ㎡"
카페24창업센터 신도림점 2인실,서울특별시,영등포구,도림동,,269-4 번지,도영로,19 번,37.50852025,126.8955209,7372,서울특별시 영등포구 도영로 19,서울특별시 영등포구 도림동 269-4,27500,일,독립오피스,1명 ~ 2명,00:00 ~ 24:00,00:00 ~ 24:00,00:00 ~ 24:00,00:00 ~ 24:00,00:00 ~ 24:00,00:00 ~ 24:00,00:00 ~ 24:00,Y,N,Y,Y,Y,Y,Y,Y,N,Y,Y,N,N,Y,Y,N,N,Y,Y,Y,N,N,2022-11-16,480.27 ㎡,"2,455.27 ㎡"
카페24창업센터 신도림점 3-4인,서울특별시,영등포구,도림동,,269-4 번지,도영로,19 번,37.50852025,126.8955209,7372,서울특별시 영등포구 도영로 19,서울특별시 영등포구 도림동 269-4,38500,일,독립오피스,1명 ~ 4명,00:00 ~ 24:00,00:00 ~ 24:00,00:00 ~ 24:00,00:00 ~ 24:00,00:00 ~ 24:00,00:00 ~ 24:00,00:00 ~ 24:00,Y,N,Y,Y,Y,Y,Y,Y,N,Y,Y,N,N,Y,Y,N,N,Y,Y,Y,N,N,2022-11-16,480.27 ㎡,"2,455.27 ㎡"
카페24창업센터 안산중앙점(1인),경기도,안산시 단원구,고잔동,,534-1 번지,고잔1길,17 번,37.3186585,126.835608,15360,경기도 안산시 단원구 고잔1길 17,경기도 안산시 단원구 고잔동 534-1,286000,월,독립오피스,1명 ~ 1명,00:00 ~ 24:00,00:00 ~ 24:00,00:00 ~ 24:00,00:00 ~ 24:00,00:00 ~ 24:00,00:00 ~ 24:00,00:00 ~ 24:00,Y,Y,Y,Y,N,Y,Y,Y,N,Y,Y,N,N,Y,N,N,N,Y,Y,Y,N,N,2022-11-16,772.19 ㎡,"7,203.4 ㎡"
카페24창업센터 안산중앙점(2인),경기도,안산시 단원구,고잔동,,534-1 번지,고잔1길,17 번,37.3186585,126.835608,15360,경기도 안산시 단원구 고잔1길 17,경기도 안산시 단원구 고잔동 534-1,462000,월,독립오피스,1명 ~ 2명,00:00 ~ 24:00,00:00 ~ 24:00,00:00 ~ 24:00,00:00 ~ 24:00,00:00 ~ 24:00,00:00 ~ 24:00,00:00 ~ 24:00,Y,Y,Y,Y,N,Y,Y,Y,N,Y,Y,N,N,Y,N,N,N,Y,Y,Y,N,N,2022-11-16,772.19 ㎡,"7,203.4 ㎡"
카페24창업센터 연신내점,서울특별시,은평구,불광동,,483-11 번지,통일로,906 번,37.62389246,126.9201926,3341,서울특별시 은평구 통일로 906,서울특별시 은평구 불광동 483-11,310000,월,독립오피스,1명 ~ 1명,00:00 ~ 24:00,00:00 ~ 24:00,00:00 ~ 24:00,00:00 ~ 24:00,00:00 ~ 24:00,00:00 ~ 24:00,00:00 ~ 24:00,Y,Y,Y,Y,Y,Y,Y,Y,N,Y,Y,Y,N,Y,Y,Y,Y,Y,Y,Y,Y,Y,2022-11-16,429.35 ㎡,"2,989.77 ㎡"
카페24창업센터 인천시청점 2인실,인천광역시,남동구,구월동,,1136-11 번지,정각로,18 번,37.45478529,126.7038432,21557,인천광역시 남동구 정각로 18,인천광역시 남동구 구월동 1136-11,594000,월,독립오피스,2명 ~ 2명,00:00 ~ 24:00,00:00 ~ 24:00,00:00 ~ 24:00,00:00 ~ 24:00,00:00 ~ 24:00,00:00 ~ 24:00,00:00 ~ 24:00,Y,N,Y,Y,N,Y,Y,Y,N,Y,N,N,N,Y,N,N,Y,N,Y,Y,N,N,2022-11-16,403.51 ㎡,"3,209.39 ㎡"
카페24창업센터 천안쌍용1인실내측,충청남도,천안시 서북구,쌍용동,,494-17 번지,충무로,155 번,36.79393226,127.124572,31174,충청남도 천안시 서북구 충무로 155,충청남도 천안시 서북구 쌍용동 494-17,250000,월,독립오피스,1명 ~ 1명,00:00 ~ 24:00,00:00 ~ 24:00,00:00 ~ 24:00,00:00 ~ 24:00,00:00 ~ 24:00,00:00 ~ 24:00,00:00 ~ 24:00,Y,N,Y,Y,Y,Y,Y,Y,N,Y,Y,Y,N,Y,N,N,Y,N,Y,Y,N,Y,2022-11-16,"1,509.19 ㎡","10,447.53 ㎡"
카페24창업센터 천안쌍용1인실창측,충청남도,천안시 서북구,쌍용동,,494-17 번지,충무로,155 번,36.79393226,127.124572,31174,충청남도 천안시 서북구 충무로 155,충청남도 천안시 서북구 쌍용동 494-17,290000,월,독립오피스,1명 ~ 2명,00:00 ~ 24:00,00:00 ~ 24:00,00:00 ~ 24:00,00:00 ~ 24:00,00:00 ~ 24:00,00:00 ~ 24:00,00:00 ~ 24:00,Y,N,Y,Y,Y,Y,Y,Y,N,Y,Y,Y,N,Y,N,N,N,N,Y,Y,N,Y,2022-11-16,"1,509.19 ㎡","10,447.53 ㎡"
카페24창업센터 천안쌍용2인실내측,충청남도,천안시 서북구,쌍용동,,494-17 번지,충무로,155 번,36.79393226,127.124572,31174,충청남도 천안시 서북구 충무로 155,충청남도 천안시 서북구 쌍용동 494-17,430000,월,독립오피스,2명 ~ 3명,00:00 ~ 24:00,00:00 ~ 24:00,00:00 ~ 24:00,00:00 ~ 24:00,00:00 ~ 24:00,00:00 ~ 24:00,00:00 ~ 24:00,Y,N,Y,Y,Y,Y,Y,Y,N,Y,Y,Y,N,Y,N,N,Y,N,Y,Y,N,Y,2022-11-16,"1,509.19 ㎡","10,447.53 ㎡"
카페24창업센터 천안쌍용2인실창측,충청남도,천안시 서북구,쌍용동,,494-17 번지,충무로,155 번,36.79393226,127.124572,31174,충청남도 천안시 서북구 충무로 155,충청남도 천안시 서북구 쌍용동 494-17,490000,월,독립오피스,2명 ~ 3명,00:00 ~ 24:00,00:00 ~ 24:00,00:00 ~ 24:00,00:00 ~ 24:00,00:00 ~ 24:00,00:00 ~ 24:00,00:00 ~ 24:00,Y,N,Y,Y,Y,Y,Y,Y,N,Y,Y,Y,N,Y,N,N,Y,N,Y,Y,N,Y,2022-11-16,"1,509.19 ㎡","10,447.53 ㎡"
카페24창업센터 천안쌍용4인실내측,충청남도,천안시 서북구,쌍용동,,494-17 번지,충무로,155 번,36.79393226,127.124572,31174,충청남도 천안시 서북구 충무로 155,충청남도 천안시 서북구 쌍용동 494-17,800000,월,독립오피스,4명 ~ 4명,00:00 ~ 24:00,00:00 ~ 24:00,00:00 ~ 24:00,00:00 ~ 24:00,00:00 ~ 24:00,00:00 ~ 24:00,00:00 ~ 24:00,Y,N,Y,Y,Y,Y,Y,Y,N,Y,Y,Y,N,Y,N,N,N,N,Y,Y,N,Y,2022-11-16,"1,509.19 ㎡","10,447.53 ㎡"
카페24창업센터 천안쌍용4인실창측,충청남도,천안시 서북구,쌍용동,,494-17 번지,충무로,155 번,36.79393226,127.124572,31174,충청남도 천안시 서북구 충무로 155,충청남도 천안시 서북구 쌍용동 494-17,880000,월,독립오피스,4명 ~ 5명,00:00 ~ 24:00,00:00 ~ 24:00,00:00 ~ 24:00,00:00 ~ 24:00,00:00 ~ 24:00,00:00 ~ 24:00,00:00 ~ 24:00,Y,N,Y,Y,Y,Y,Y,Y,N,Y,Y,Y,N,Y,N,N,N,N,Y,Y,N,Y,2022-11-16,"1,509.19 ㎡","10,447.53 ㎡"
카페24창업센터 평택서정 내1인실 A,경기도,평택시,이충동,,492-4 번지,송탄로,119 번,37.05540144,127.0567224,17783,경기도 평택시 송탄로 119,경기도 평택시 이충동 492-4,18000,일,독립오피스,1명 ~ 1명,00:00 ~ 24:00,00:00 ~ 24:00,00:00 ~ 24:00,00:00 ~ 24:00,00:00 ~ 24:00,00:00 ~ 24:00,00:00 ~ 24:00,Y,N,Y,Y,Y,Y,Y,Y,N,Y,N,Y,N,Y,N,Y,N,N,Y,Y,N,Y,2022-11-16,284.06 ㎡,"2,013.48 ㎡"
카페24창업센터 평택서정 내1인실 B,경기도,평택시,이충동,,492-4 번지,송탄로,119 번,37.05540144,127.0567224,17783,경기도 평택시 송탄로 119,경기도 평택시 이충동 492-4,290000,월,독립오피스,1명 ~ 1명,00:00 ~ 24:00,00:00 ~ 24:00,00:00 ~ 24:00,00:00 ~ 24:00,00:00 ~ 24:00,00:00 ~ 24:00,00:00 ~ 24:00,Y,N,Y,Y,Y,Y,Y,Y,N,Y,N,Y,N,Y,N,Y,N,N,Y,Y,N,Y,2022-11-16,284.06 ㎡,"2,013.48 ㎡"
카페24창업센터 평택서정 창1인실 A,경기도,평택시,이충동,,492-4 번지,송탄로,119 번,37.05540144,127.0567224,17783,경기도 평택시 송탄로 119,경기도 평택시 이충동 492-4,330000,월,독립오피스,1명 ~ 1명,00:00 ~ 24:00,00:00 ~ 24:00,00:00 ~ 24:00,00:00 ~ 24:00,00:00 ~ 24:00,00:00 ~ 24:00,00:00 ~ 24:00,Y,N,Y,Y,Y,Y,Y,Y,N,Y,Y,Y,N,Y,N,Y,N,N,Y,Y,N,Y,2022-11-16,284.06 ㎡,"2,013.48 ㎡"
카페24창업센터 평택서정 창1인실 B,경기도,평택시,이충동,,492-4 번지,송탄로,119 번,37.05540144,127.0567224,17783,경기도 평택시 송탄로 119,경기도 평택시 이충동 492-4,20000,일,독립오피스,1명 ~ 1명,00:00 ~ 24:00,00:00 ~ 24:00,00:00 ~ 24:00,00:00 ~ 24:00,00:00 ~ 24:00,00:00 ~ 24:00,00:00 ~ 24:00,Y,N,Y,Y,Y,Y,Y,Y,N,Y,Y,Y,N,Y,N,Y,N,N,Y,Y,N,Y,2022-11-16,284.06 ㎡,"2,013.48 ㎡"
카페24창업센터 해운대장산점,부산광역시,해운대구,좌동,,1466-2 번지,세실로,79 번,35.17164719,129.1764402,48106,부산광역시 해운대구 세실로 79,부산광역시 해운대구 좌동 1466-2,231000,월,독립오피스,1명 ~ 1명,00:00 ~ 24:00,00:00 ~ 24:00,00:00 ~ 24:00,00:00 ~ 24:00,00:00 ~ 24:00,00:00 ~ 24:00,00:00 ~ 24:00,Y,N,Y,Y,Y,Y,Y,Y,N,Y,Y,Y,N,Y,N,N,N,N,Y,Y,N,N,2022-11-16,587.48 ㎡,"8,024.2 ㎡"
카페24창업센터1인(내측)안양범계,경기도,안양시 동안구,호계동,,895-6 번지,경수대로,781 번,37.39001767,126.946257,14040,경기도 안양시 동안구 경수대로 781,경기도 안양시 동안구 호계동 895-6,330000,월,독립오피스,1명 ~ 2명,00:00 ~ 24:00,00:00 ~ 24:00,00:00 ~ 24:00,00:00 ~ 24:00,00:00 ~ 24:00,00:00 ~ 24:00,00:00 ~ 24:00,Y,N,Y,Y,N,Y,Y,Y,N,Y,N,N,N,Y,N,N,N,Y,Y,Y,N,N,2022-11-16,318.24 ㎡,"1,748.16 ㎡"
카페24창업센터1인(창측)안양범계,경기도,안양시 동안구,호계동,,895-6 번지,경수대로,781 번,37.39001767,126.946257,14040,경기도 안양시 동안구 경수대로 781,경기도 안양시 동안구 호계동 895-6,330000,월,독립오피스,1명 ~ 2명,00:00 ~ 24:00,00:00 ~ 24:00,00:00 ~ 24:00,00:00 ~ 24:00,00:00 ~ 24:00,00:00 ~ 24:00,00:00 ~ 24:00,Y,N,Y,Y,N,Y,Y,Y,N,Y,N,N,N,Y,N,N,N,Y,Y,Y,N,N,2022-11-16,318.24 ㎡,"1,748.16 ㎡"
카페24창업센터2인(창측)안양범계,경기도,안양시 동안구,호계동,,895-6 번지,경수대로,781 번,37.39001767,126.946257,14040,경기도 안양시 동안구 경수대로 781,경기도 안양시 동안구 호계동 895-6,550000,월,독립오피스,1명 ~ 2명,00:00 ~ 24:00,00:00 ~ 24:00,00:00 ~ 24:00,00:00 ~ 24:00,00:00 ~ 24:00,00:00 ~ 24:00,00:00 ~ 24:00,Y,N,Y,Y,N,Y,Y,Y,N,Y,N,N,N,Y,N,N,N,Y,Y,Y,N,N,2022-11-16,318.24 ㎡,"1,748.16 ㎡"
카페24창업센터분당서현1인실(달),경기도,성남시 분당구,서현동,,305-5 번지,돌마로486번길,40 번,37.37481505,127.1365305,13586,경기도 성남시 분당구 돌마로486번길 40,경기도 성남시 분당구 서현동 305-5,330000,월,독립오피스,1명 ~ 1명,00:00 ~ 24:00,00:00 ~ 24:00,00:00 ~ 24:00,00:00 ~ 24:00,00:00 ~ 24:00,00:00 ~ 24:00,00:00 ~ 24:00,Y,N,Y,Y,Y,Y,Y,Y,N,Y,Y,N,N,Y,N,N,N,N,N,Y,N,N,2022-11-16,530.44 ㎡,"3,804.04 ㎡"
카페24창업센터분당서현1인실(일),경기도,성남시 분당구,서현동,,305-5 번지,돌마로486번길,40 번,37.37481505,127.1365305,13586,경기도 성남시 분당구 돌마로486번길 40,경기도 성남시 분당구 서현동 305-5,20000,일,독립오피스,1명 ~ 1명,10:00 ~ 17:00,10:00 ~ 17:00,10:00 ~ 17:00,10:00 ~ 17:00,10:00 ~ 17:00,휴무일,휴무일,Y,N,Y,Y,Y,Y,Y,Y,N,Y,Y,N,N,Y,N,N,N,N,N,Y,N,N,2022-11-16,530.44 ㎡,"3,804.04 ㎡"
카페24창업센터분당서현2인실(달),경기도,성남시 분당구,서현동,,305-5 번지,돌마로486번길,40 번,37.37481505,127.1365305,13586,경기도 성남시 분당구 돌마로486번길 40,경기도 성남시 분당구 서현동 305-5,572000,월,독립오피스,1명 ~ 2명,00:00 ~ 24:00,00:00 ~ 24:00,00:00 ~ 24:00,00:00 ~ 24:00,00:00 ~ 24:00,00:00 ~ 24:00,00:00 ~ 24:00,Y,N,Y,Y,Y,Y,Y,Y,N,Y,Y,N,N,Y,N,N,N,N,Y,Y,N,N,2022-11-16,530.44 ㎡,"3,804.04 ㎡"
카페24창업센터분당서현2인실(일),경기도,성남시 분당구,서현동,,305-5 번지,돌마로486번길,40 번,37.37481505,127.1365305,13586,경기도 성남시 분당구 돌마로486번길 40,경기도 성남시 분당구 서현동 305-5,30000,일,독립오피스,1명 ~ 2명,10:00 ~ 17:00,10:00 ~ 17:00,10:00 ~ 17:00,10:00 ~ 17:00,10:00 ~ 17:00,휴무일,휴무일,Y,N,Y,Y,Y,Y,Y,Y,N,Y,Y,N,N,Y,N,N,N,N,N,Y,N,N,2022-11-16,530.44 ㎡,"3,804.04 ㎡"
카페24창업센터분당서현3인실(달),경기도,성남시 분당구,서현동,,305-5 번지,돌마로486번길,40 번,37.37481505,127.1365305,13586,경기도 성남시 분당구 돌마로486번길 40,경기도 성남시 분당구 서현동 305-5,792000,월,독립오피스,1명 ~ 3명,00:00 ~ 24:00,00:00 ~ 24:00,00:00 ~ 24:00,00:00 ~ 24:00,00:00 ~ 24:00,00:00 ~ 24:00,00:00 ~ 24:00,Y,N,Y,Y,Y,Y,Y,Y,N,Y,Y,N,N,Y,N,N,N,N,Y,Y,N,N,2022-11-16,530.44 ㎡,"3,804.04 ㎡"
카페24창업센터분당서현3인실(일),경기도,성남시 분당구,서현동,,305-5 번지,돌마로486번길,40 번,37.37481505,127.1365305,13586,경기도 성남시 분당구 돌마로486번길 40,경기도 성남시 분당구 서현동 305-5,40000,일,독립오피스,1명 ~ 3명,10:00 ~ 17:00,10:00 ~ 17:00,10:00 ~ 17:00,10:00 ~ 17:00,10:00 ~ 17:00,휴무일,휴무일,Y,N,Y,Y,Y,Y,Y,Y,N,Y,Y,N,N,Y,N,N,N,N,N,Y,N,N,2022-11-16,530.44 ㎡,"3,804.04 ㎡"
카페24창업센터분당서현4인실(달),경기도,성남시 분당구,서현동,,305-5 번지,돌마로486번길,40 번,37.37481505,127.1365305,13586,경기도 성남시 분당구 돌마로486번길 40,경기도 성남시 분당구 서현동 305-5,880000,월,독립오피스,1명 ~ 4명,00:00 ~ 24:00,00:00 ~ 24:00,00:00 ~ 24:00,00:00 ~ 24:00,00:00 ~ 24:00,00:00 ~ 24:00,00:00 ~ 24:00,Y,N,Y,Y,Y,Y,Y,Y,N,Y,Y,N,N,Y,N,N,N,N,Y,Y,N,N,2022-11-16,530.44 ㎡,"3,804.04 ㎡"
카페24창업센터분당서현4인실(일),경기도,성남시 분당구,서현동,,305-5 번지,돌마로486번길,40 번,37.37481505,127.1365305,13586,경기도 성남시 분당구 돌마로486번길 40,경기도 성남시 분당구 서현동 305-5,40000,일,독립오피스,1명 ~ 4명,10:00 ~ 17:00,10:00 ~ 17:00,10:00 ~ 17:00,10:00 ~ 17:00,10:00 ~ 17:00,휴무일,휴무일,Y,N,Y,Y,Y,Y,Y,Y,N,Y,Y,N,N,Y,N,N,N,N,N,Y,N,N,2022-11-16,530.44 ㎡,"3,804.04 ㎡"
카페24창업센터분당야탑 2인실,경기도,성남시 분당구,야탑동,,291-5 번지,매화로,38 번,37.41098539,127.1341768,13504,경기도 성남시 분당구 매화로 38,경기도 성남시 분당구 야탑동 291-5,605000,월,독립오피스,1명 ~ 2명,00:00 ~ 24:00,00:00 ~ 24:00,00:00 ~ 24:00,00:00 ~ 24:00,00:00 ~ 24:00,00:00 ~ 24:00,00:00 ~ 24:00,Y,N,Y,Y,Y,Y,Y,Y,N,Y,Y,N,N,Y,N,N,N,N,Y,Y,N,N,2022-11-16,360.34 ㎡,"1,994.55 ㎡"
카페24창업센터분당야탑1인실,경기도,성남시 분당구,야탑동,,291-5 번지,매화로,38 번,37.41098539,127.1341768,13504,경기도 성남시 분당구 매화로 38,경기도 성남시 분당구 야탑동 291-5,297000,월,독립오피스,1명 ~ 1명,00:00 ~ 24:00,00:00 ~ 24:00,00:00 ~ 24:00,00:00 ~ 24:00,00:00 ~ 24:00,00:00 ~ 24:00,00:00 ~ 24:00,Y,N,Y,Y,Y,Y,Y,Y,N,Y,Y,N,N,Y,N,N,N,N,Y,Y,N,N,2022-11-16,360.34 ㎡,"1,994.55 ㎡"
카페24창업센터분당야탑1인실(창),경기도,성남시 분당구,야탑동,,291-5 번지,매화로,38 번,37.41098539,127.1341768,13504,경기도 성남시 분당구 매화로 38,경기도 성남시 분당구 야탑동 291-5,352000,월,독립오피스,1명 ~ 1명,00:00 ~ 24:00,00:00 ~ 24:00,00:00 ~ 24:00,00:00 ~ 24:00,00:00 ~ 24:00,00:00 ~ 24:00,00:00 ~ 24:00,Y,N,Y,Y,Y,Y,Y,Y,N,Y,N,N,N,Y,N,N,N,N,Y,Y,N,N,2022-11-16,360.34 ㎡,"1,994.55 ㎡"
카페24창업센터분당오리1인실(창),경기도,성남시 분당구,구미동,,185-1 번지,성남대로,38 번,37.339308,127.1093922,13637,경기도 성남시 분당구 성남대로 38,경기도 성남시 분당구 구미동 185-1,350000,월,독립오피스,1명 ~ 1명,00:00 ~ 24:00,00:00 ~ 24:00,00:00 ~ 24:00,00:00 ~ 24:00,00:00 ~ 24:00,00:00 ~ 24:00,00:00 ~ 24:00,Y,N,Y,Y,Y,Y,Y,Y,N,Y,N,N,N,Y,N,N,N,N,N,Y,N,N,2022-11-16,584.48 ㎡,"4,517.65 ㎡"
카페24창업센터분당오리점1인,경기도,성남시 분당구,구미동,,185-1 번지,성남대로,38 번,37.339308,127.1093922,13637,경기도 성남시 분당구 성남대로 38,경기도 성남시 분당구 구미동 185-1,300000,월,독립오피스,1명 ~ 1명,00:00 ~ 24:00,00:00 ~ 24:00,00:00 ~ 24:00,00:00 ~ 24:00,00:00 ~ 24:00,00:00 ~ 24:00,00:00 ~ 24:00,Y,N,Y,Y,Y,Y,Y,Y,N,Y,N,N,N,Y,N,N,N,N,N,Y,N,N,2022-11-16,584.48 ㎡,"4,517.65 ㎡"
카페24창업센터수원영통역점 1인실,경기도,수원시 영통구,영통동,,998-2 번지,반달로7번길,30 번,37.25319221,127.0748967,16704,경기도 수원시 영통구 반달로7번길 30,경기도 수원시 영통구 영통동 998-2,22000,일,독립오피스,1명 ~ 1명,00:00 ~ 24:00,00:00 ~ 24:00,00:00 ~ 24:00,00:00 ~ 24:00,00:00 ~ 24:00,00:00 ~ 24:00,00:00 ~ 24:00,Y,Y,Y,Y,Y,Y,Y,Y,N,Y,Y,Y,N,Y,N,N,N,Y,Y,Y,N,Y,2022-11-16,"1,588.12 ㎡","19,439.54 ㎡"
카페24창업센터안산중앙(1인내측),경기도,안산시 단원구,고잔동,,534-1 번지,고잔1길,17 번,37.3186585,126.835608,15360,경기도 안산시 단원구 고잔1길 17,경기도 안산시 단원구 고잔동 534-1,253000,월,독립오피스,1명 ~ 1명,00:00 ~ 24:00,00:00 ~ 24:00,00:00 ~ 24:00,00:00 ~ 24:00,00:00 ~ 24:00,00:00 ~ 24:00,00:00 ~ 24:00,Y,Y,Y,Y,N,Y,Y,Y,N,Y,N,N,N,Y,N,N,N,Y,Y,Y,N,N,2022-11-16,772.19 ㎡,"7,203.4 ㎡"
카페24창업센터암사점1인실,서울특별시,강동구,암사동,,463-1 번지,올림픽로,814 번,37.55352393,127.1290507,5251,서울특별시 강동구 올림픽로 814,서울특별시 강동구 암사동 463-1,307000,월,독립오피스,1명 ~ 2명,09:00 ~ 19:00,09:00 ~ 19:30,09:00 ~ 19:00,09:00 ~ 19:00,09:00 ~ 19:00,휴무일,휴무일,Y,N,Y,Y,Y,Y,Y,Y,N,Y,Y,N,N,Y,N,N,N,N,Y,Y,N,Y,2022-11-16,217.57 ㎡,"1,615.24 ㎡"
카페24창업센터암사점2인실,서울특별시,강동구,암사동,,463-1 번지,올림픽로,814 번,37.55352393,127.1290507,5251,서울특별시 강동구 올림픽로 814,서울특별시 강동구 암사동 463-1,495000,월,독립오피스,2명 ~ 3명,09:00 ~ 19:00,09:00 ~ 19:30,09:00 ~ 19:00,09:00 ~ 19:00,09:00 ~ 19:00,휴무일,휴무일,Y,N,Y,Y,Y,Y,Y,Y,N,Y,Y,N,N,Y,N,N,N,N,Y,Y,N,Y,2022-11-16,217.57 ㎡,"1,615.24 ㎡"
카페24창업센터염창점_1인실내측,서울특별시,양천구,목동,,547-12 번지,목동중앙본로,95 번,37.54420286,126.8703955,7953,서울특별시 양천구 목동중앙본로 95,서울특별시 양천구 목동 547-12,300000,월,독립오피스,1명 ~ 1명,00:00 ~ 24:00,00:00 ~ 24:00,00:00 ~ 24:00,00:00 ~ 24:00,00:00 ~ 24:00,00:00 ~ 24:00,00:00 ~ 24:00,Y,N,Y,Y,Y,Y,Y,Y,N,Y,Y,N,N,Y,N,N,N,N,Y,Y,N,Y,2022-11-16,438.85 ㎡,"1,696.66 ㎡"
카페24창업센터염창점_1인실창측,서울특별시,양천구,목동,,547-12 번지,목동중앙본로,95 번,37.54420286,126.8703955,7953,서울특별시 양천구 목동중앙본로 95,서울특별시 양천구 목동 547-12,350000,월,독립오피스,1명 ~ 1명,00:00 ~ 24:00,00:00 ~ 24:00,00:00 ~ 24:00,00:00 ~ 24:00,00:00 ~ 24:00,00:00 ~ 24:00,00:00 ~ 24:00,Y,N,Y,Y,Y,Y,Y,Y,N,Y,Y,N,N,Y,N,N,N,N,Y,Y,N,Y,2022-11-16,438.85 ㎡,"1,696.66 ㎡"
카페24창업센터염창점_2인실내측,서울특별시,양천구,목동,,547-12 번지,목동중앙본로,95 번,37.54420286,126.8703955,7953,서울특별시 양천구 목동중앙본로 95,서울특별시 양천구 목동 547-12,570000,월,독립오피스,1명 ~ 2명,00:00 ~ 24:00,00:00 ~ 24:00,00:00 ~ 24:00,00:00 ~ 24:00,00:00 ~ 24:00,00:00 ~ 24:00,00:00 ~ 24:00,Y,N,Y,Y,Y,Y,Y,Y,N,Y,Y,N,N,Y,N,N,N,N,Y,Y,N,Y,2022-11-16,438.85 ㎡,"1,696.66 ㎡"
카페24창업센터염창점_2인실창측,서울특별시,양천구,목동,,547-12 번지,목동중앙본로,95 번,37.54420286,126.8703955,7953,서울특별시 양천구 목동중앙본로 95,서울특별시 양천구 목동 547-12,620000,월,독립오피스,2명 ~ 2명,00:00 ~ 24:00,00:00 ~ 24:00,00:00 ~ 24:00,00:00 ~ 24:00,00:00 ~ 24:00,00:00 ~ 24:00,00:00 ~ 24:00,Y,N,Y,Y,Y,Y,Y,Y,N,Y,Y,N,N,Y,N,N,N,N,Y,Y,N,Y,2022-11-16,438.85 ㎡,"1,696.66 ㎡"
"카페24창업센터염창점_4,5인실",서울특별시,양천구,목동,,547-12 번지,목동중앙본로,95 번,37.54420286,126.8703955,7953,서울특별시 양천구 목동중앙본로 95,서울특별시 양천구 목동 547-12,1000000,월,독립오피스,1명 ~ 5명,00:00 ~ 24:00,00:00 ~ 24:00,00:00 ~ 24:00,00:00 ~ 24:00,00:00 ~ 24:00,00:00 ~ 24:00,00:00 ~ 24:00,Y,N,Y,Y,Y,Y,Y,Y,N,Y,N,N,N,Y,N,N,N,N,N,Y,N,Y,2022-11-16,438.85 ㎡,"1,696.66 ㎡"
카페24창업센터인천시청1인실-창가,인천광역시,남동구,구월동,,1136-11 번지,정각로,18 번,37.45474756,126.7038541,21557,인천광역시 남동구 정각로 18,인천광역시 남동구 구월동 1136-11,319000,월,독립오피스,1명 ~ 2명,00:00 ~ 24:00,00:00 ~ 24:00,00:00 ~ 24:00,00:00 ~ 24:00,00:00 ~ 24:00,00:00 ~ 24:00,00:00 ~ 24:00,Y,N,Y,Y,Y,Y,Y,Y,N,Y,N,N,N,Y,N,N,N,N,Y,Y,N,N,2022-11-16,403.51 ㎡,"3,209.39 ㎡"
카페24창업센터인천시청공동실1좌석,인천광역시,남동구,구월동,,1136-11 번지,정각로,18 번,37.45478529,126.7038432,21557,인천광역시 남동구 정각로 18,인천광역시 남동구 구월동 1136-11,275000,월,독립오피스,1명 ~ 1명,09:00 ~ 22:00,09:00 ~ 22:00,09:00 ~ 22:00,09:00 ~ 22:00,09:00 ~ 22:00,09:00 ~ 22:00,09:00 ~ 22:00,Y,N,Y,Y,Y,Y,Y,Y,N,Y,N,N,N,Y,N,N,N,N,Y,Y,N,N,2022-11-16,403.51 ㎡,"3,209.39 ㎡"
"카페24홈플러스계산점1,2,3인실",인천광역시,계양구,계산동,,1061 번지,오조산공원로,14 번,37.53947223,126.7361869,21060,인천광역시 계양구 오조산공원로 14,인천광역시 계양구 계산동 1061,130000,월,독립오피스,1명 ~ 3명,06:00 ~ 24:00,06:00 ~ 24:00,06:00 ~ 24:00,06:00 ~ 24:00,06:00 ~ 24:00,06:00 ~ 24:00,06:00 ~ 24:00,Y,Y,Y,Y,Y,Y,N,N,Y,Y,Y,N,N,Y,N,N,Y,N,Y,Y,N,Y,2022-11-16,"7,276.8 ㎡","51,727.58 ㎡"
컨셉셰어오피스 0.9M 1인독립,부산광역시,부산진구,전포동,,692-1 번지,전포대로199번길,43 번,35.15428221,129.0628504,47297,부산광역시 부산진구 전포대로199번길 43,부산광역시 부산진구 전포동 692-1,330000,월,독립오피스,1명 ~ 1명,00:00 ~ 24:00,00:00 ~ 24:00,00:00 ~ 24:00,00:00 ~ 24:00,00:00 ~ 24:00,00:00 ~ 24:00,00:00 ~ 24:00,Y,Y,Y,N,Y,Y,Y,Y,N,Y,N,Y,N,Y,N,Y,N,Y,Y,Y,N,N,2022-11-16,605.6 ㎡,"4,242.8 ㎡"
컨셉셰어오피스 0.9M 2인독립,부산광역시,부산진구,전포동,,692-1 번지,전포대로199번길,43 번,35.15428221,129.0628504,47297,부산광역시 부산진구 전포대로199번길 43,부산광역시 부산진구 전포동 692-1,660000,월,독립오피스,1명 ~ 1명,00:00 ~ 24:00,00:00 ~ 24:00,00:00 ~ 24:00,00:00 ~ 24:00,00:00 ~ 24:00,00:00 ~ 24:00,00:00 ~ 24:00,Y,Y,Y,N,Y,Y,Y,Y,N,Y,N,Y,N,Y,N,Y,N,Y,Y,Y,N,N,2022-11-16,605.6 ㎡,"4,242.8 ㎡"
컨셉셰어오피스 0.9M 3인독립,부산광역시,부산진구,전포동,,692-1 번지,전포대로199번길,43 번,35.15428221,129.0628504,47297,부산광역시 부산진구 전포대로199번길 43,부산광역시 부산진구 전포동 692-1,850000,월,독립오피스,1명 ~ 3명,00:00 ~ 24:00,00:00 ~ 24:00,00:00 ~ 24:00,00:00 ~ 24:00,00:00 ~ 24:00,00:00 ~ 24:00,00:00 ~ 24:00,Y,Y,Y,N,Y,Y,Y,Y,N,Y,N,Y,N,Y,N,Y,N,Y,Y,Y,N,N,2022-11-16,605.6 ㎡,"4,242.8 ㎡"
컨셉셰어오피스 0.9M 4인독립,부산광역시,부산진구,전포동,,692-1 번지,전포대로199번길,43 번,35.15428221,129.0628504,47297,부산광역시 부산진구 전포대로199번길 43,부산광역시 부산진구 전포동 692-1,1000000,월,독립오피스,1명 ~ 4명,00:00 ~ 24:00,00:00 ~ 24:00,00:00 ~ 24:00,00:00 ~ 24:00,00:00 ~ 24:00,00:00 ~ 24:00,00:00 ~ 24:00,Y,Y,Y,N,Y,Y,Y,Y,N,Y,N,Y,N,Y,N,Y,N,Y,Y,Y,N,N,2022-11-16,605.6 ㎡,"4,242.8 ㎡"
코너스톤,서울특별시,강서구,마곡동,,773 번지,마곡중앙로,76 번,37.56039559,126.8275085,7801,서울특별시 강서구 마곡중앙로 76,서울특별시 강서구 마곡동 773,100000,일,독립오피스,1명 ~ 4명,00:00 ~ 24:00,00:00 ~ 24:00,00:00 ~ 24:00,00:00 ~ 24:00,00:00 ~ 24:00,00:00 ~ 24:00,00:00 ~ 24:00,Y,N,Y,Y,Y,Y,N,Y,Y,Y,Y,N,N,N,N,N,N,N,N,Y,N,N,2022-11-16,"2,085.87 ㎡","36,552.02 ㎡"
코워크스테이션,경기도,양주시,광적면,가납리,428 번지,부흥로,847 번,37.81683623,126.9881679,11416,경기도 양주시 광적면 부흥로 847,경기도 양주시 광적면 가납리 428,440000,월,독립오피스,1명 ~ 2명,09:00 ~ 18:00,09:00 ~ 18:00,09:00 ~ 18:00,09:00 ~ 18:00,09:00 ~ 18:00,휴무일,휴무일,Y,Y,Y,Y,Y,Y,Y,Y,N,Y,Y,Y,N,Y,Y,Y,N,N,Y,Y,N,N,2022-11-16,"7,345.82 ㎡","46,390.11 ㎡"
코워크스테이션 1인실,경기도,양주시,광적면,가납리,428 번지,부흥로,847 번,37.81683623,126.9881679,11416,경기도 양주시 광적면 부흥로 847,경기도 양주시 광적면 가납리 428,330000,월,독립오피스,1명 ~ 1명,09:00 ~ 18:00,09:00 ~ 18:00,09:00 ~ 18:00,09:00 ~ 18:00,09:00 ~ 18:00,휴무일,휴무일,Y,Y,Y,N,Y,Y,Y,Y,N,Y,Y,Y,N,Y,Y,Y,N,N,Y,Y,N,N,2022-11-16,"7,345.82 ㎡","46,390.11 ㎡"
코워크시티 대전유성점,대전광역시,유성구,봉명동,,551-7 번지,계룡로105번길,15 번,36.3543156,127.3425014,34187,대전광역시 유성구 계룡로105번길 15,대전광역시 유성구 봉명동 551-7,330000,월,독립오피스,1명 ~ 4명,00:00 ~ 24:00,00:00 ~ 24:00,00:00 ~ 24:00,00:00 ~ 24:00,00:00 ~ 24:00,00:00 ~ 24:00,00:00 ~ 24:00,Y,N,Y,Y,Y,Y,Y,Y,N,Y,Y,Y,N,Y,N,Y,N,Y,Y,Y,N,Y,2022-11-16,- ㎡,- ㎡
코쿤피스 신논현역_ 3.5인실,서울특별시,서초구,반포동,,745 번지,사평대로,335 번,37.50343647,127.0197427,6543,서울특별시 서초구 사평대로 335,서울특별시 서초구 반포동 745,880000,월,독립오피스,1명 ~ 4명,00:00 ~ 24:00,00:00 ~ 24:00,00:00 ~ 24:00,00:00 ~ 24:00,00:00 ~ 24:00,09:00 ~ 18:00,09:00 ~ 18:00,Y,N,Y,Y,Y,Y,Y,Y,N,Y,Y,Y,N,Y,Y,Y,Y,Y,Y,Y,N,Y,2022-11-16,- ㎡,- ㎡
코쿤피스 신논현역센터 1인실,서울특별시,서초구,반포동,,745 번지,사평대로,335 번,37.50343647,127.0197427,6543,서울특별시 서초구 사평대로 335,서울특별시 서초구 반포동 745,16500,일,독립오피스,1명 ~ 2명,00:00 ~ 24:00,00:00 ~ 24:00,00:00 ~ 24:00,00:00 ~ 24:00,00:00 ~ 24:00,휴무일,휴무일,Y,N,Y,Y,N,Y,Y,Y,N,Y,Y,N,N,Y,N,N,N,Y,Y,Y,N,N,2022-11-16,- ㎡,- ㎡
코쿤피스 신논현역센터 2인실,서울특별시,서초구,반포동,,745 번지,사평대로,335 번,37.50343647,127.0197427,6543,서울특별시 서초구 사평대로 335,서울특별시 서초구 반포동 745,33000,일,독립오피스,1명 ~ 2명,00:00 ~ 24:00,00:00 ~ 24:00,00:00 ~ 24:00,00:00 ~ 24:00,00:00 ~ 24:00,휴무일,휴무일,Y,N,Y,Y,N,Y,Y,Y,N,Y,Y,N,N,Y,N,N,Y,Y,Y,Y,N,N,2022-11-16,- ㎡,- ㎡
코쿤피스 신논현역센터 3인실1인석,서울특별시,서초구,반포동,,745 번지,사평대로,335 번,37.50343647,127.0197427,6543,서울특별시 서초구 사평대로 335,서울특별시 서초구 반포동 745,330000,월,독립오피스,1명 ~ 1명,00:00 ~ 24:00,00:00 ~ 24:00,00:00 ~ 24:00,00:00 ~ 24:00,00:00 ~ 24:00,00:00 ~ 24:00,00:00 ~ 24:00,Y,N,Y,Y,N,Y,Y,Y,N,Y,Y,N,N,Y,N,N,Y,Y,Y,Y,N,N,2022-11-16,- ㎡,- ㎡
코쿤피스 신논현역센터 4인실,서울특별시,서초구,반포동,,745 번지,사평대로,335 번,37.50343647,127.0197427,6543,서울특별시 서초구 사평대로 335,서울특별시 서초구 반포동 745,1100000,월,독립오피스,1명 ~ 4명,00:00 ~ 24:00,00:00 ~ 24:00,00:00 ~ 24:00,00:00 ~ 24:00,00:00 ~ 24:00,00:00 ~ 24:00,00:00 ~ 24:00,Y,N,Y,Y,N,Y,Y,Y,N,Y,Y,N,N,Y,N,N,Y,Y,Y,Y,N,N,2022-11-16,- ㎡,- ㎡
코쿤피스 신논현역센터 5인실,서울특별시,서초구,반포동,,745 번지,사평대로,335 번,37.50343647,127.0197427,6543,서울특별시 서초구 사평대로 335,서울특별시 서초구 반포동 745,1430000,월,독립오피스,1명 ~ 5명,00:00 ~ 24:00,00:00 ~ 24:00,00:00 ~ 24:00,00:00 ~ 24:00,00:00 ~ 24:00,00:00 ~ 24:00,00:00 ~ 24:00,Y,N,Y,Y,N,Y,Y,Y,N,Y,Y,N,N,Y,N,N,Y,Y,Y,Y,N,N,2022-11-16,- ㎡,- ㎡
콘크리에이트부천점 1인실,경기도,부천시,중동,,1107 번지,신흥로,190-1 번,37.50103346,126.7779794,14549,경기도 부천시 신흥로 190-1,경기도 부천시 중동 1107,385000,월,독립오피스,1명 ~ 1명,00:00 ~ 24:00,00:00 ~ 24:00,00:00 ~ 24:00,00:00 ~ 24:00,00:00 ~ 24:00,00:00 ~ 24:00,00:00 ~ 24:00,Y,Y,Y,N,Y,Y,Y,Y,N,Y,Y,Y,N,Y,N,Y,N,Y,N,Y,N,N,2022-11-16,"3,376.54 ㎡","34,985.75 ㎡"
콘크리에이트부천점 2인실,경기도,부천시,중동,,1107 번지,신흥로,190-1 번,37.50103346,126.7779794,14549,경기도 부천시 신흥로 190-1,경기도 부천시 중동 1107,495000,월,독립오피스,1명 ~ 2명,00:00 ~ 24:00,00:00 ~ 24:00,00:00 ~ 24:00,00:00 ~ 24:00,00:00 ~ 24:00,00:00 ~ 24:00,00:00 ~ 24:00,Y,Y,Y,N,Y,Y,Y,Y,N,Y,Y,Y,N,Y,N,Y,N,Y,N,Y,N,N,2022-11-16,"3,376.54 ㎡","34,985.75 ㎡"
콘크리에이트부천점 3인실,경기도,부천시,중동,,1107 번지,신흥로,190-1 번,37.50103346,126.7779794,14549,경기도 부천시 신흥로 190-1,경기도 부천시 중동 1107,715000,월,독립오피스,1명 ~ 3명,00:00 ~ 24:00,00:00 ~ 24:00,00:00 ~ 24:00,00:00 ~ 24:00,00:00 ~ 24:00,00:00 ~ 24:00,00:00 ~ 24:00,Y,Y,Y,N,Y,Y,Y,Y,N,Y,Y,Y,N,Y,N,Y,N,Y,N,Y,N,N,2022-11-16,"3,376.54 ㎡","34,985.75 ㎡"
콘크리에이트부천점 4인실,경기도,부천시,중동,,1107 번지,신흥로,190-1 번,37.50103346,126.7779794,14549,경기도 부천시 신흥로 190-1,경기도 부천시 중동 1107,935000,월,독립오피스,1명 ~ 4명,휴무일,휴무일,휴무일,휴무일,휴무일,휴무일,휴무일,Y,Y,Y,N,Y,Y,Y,Y,N,Y,Y,Y,N,Y,N,Y,N,Y,N,Y,N,N,2022-11-16,"3,376.54 ㎡","34,985.75 ㎡"
쿰스페이스 1인오피스,경기도,안산시 단원구,고잔동,,541-4 번지,중앙대로,915 번,37.31718303,126.8382701,15361,경기도 안산시 단원구 중앙대로 915,경기도 안산시 단원구 고잔동 541-4,14000,일,독립오피스,1명 ~ 1명,00:00 ~ 24:00,00:00 ~ 24:00,00:00 ~ 24:00,00:00 ~ 24:00,00:00 ~ 24:00,휴무일,휴무일,Y,Y,Y,Y,Y,Y,Y,Y,N,Y,Y,Y,N,Y,N,Y,N,N,N,Y,N,N,2022-11-16,- ㎡,- ㎡
크리에이터스 오피스,서울특별시,동대문구,제기동,,147-53 번지,안암로,86-1 번,37.58351147,127.0305819,2477,서울특별시 동대문구 안암로 86-1,서울특별시 동대문구 제기동 147-53,420000,월,독립오피스,1명 ~ 16명,00:00 ~ 24:00,00:00 ~ 24:00,00:00 ~ 24:00,00:00 ~ 24:00,00:00 ~ 24:00,00:00 ~ 24:00,00:00 ~ 24:00,Y,Y,Y,N,Y,Y,Y,Y,N,Y,Y,Y,N,Y,Y,Y,N,Y,Y,Y,N,Y,2022-11-16,0.0 ㎡,"1,215.73 ㎡"
크리피스 1인실,경기도,용인시 기흥구,중동,,849-2 번지,동백중앙로,191 번,37.27087249,127.1529546,17006,경기도 용인시 기흥구 동백중앙로 191,경기도 용인시 기흥구 중동 849-2,250000,월,독립오피스,1명 ~ 1명,00:00 ~ 24:00,00:00 ~ 24:00,00:00 ~ 24:00,00:00 ~ 24:00,00:00 ~ 24:00,00:00 ~ 24:00,00:00 ~ 24:00,Y,Y,Y,Y,N,Y,Y,Y,N,Y,Y,N,N,Y,N,N,Y,Y,Y,Y,N,N,2022-11-16,892.92 ㎡,"11,401.87 ㎡"
크리피스 1인실 (신관),경기도,용인시 기흥구,중동,,849-2 번지,동백중앙로,191 번,37.27087249,127.1529546,17006,경기도 용인시 기흥구 동백중앙로 191,경기도 용인시 기흥구 중동 849-2,280000,월,독립오피스,1명 ~ 1명,00:00 ~ 24:00,00:00 ~ 24:00,00:00 ~ 24:00,00:00 ~ 24:00,00:00 ~ 24:00,00:00 ~ 24:00,00:00 ~ 24:00,Y,Y,Y,Y,N,Y,Y,Y,N,Y,Y,N,N,Y,N,N,Y,Y,Y,Y,N,N,2022-11-16,892.92 ㎡,"11,401.87 ㎡"
크리피스 2인실(내측),경기도,용인시 기흥구,중동,,849-2 번지,동백중앙로,191 번,37.27087249,127.1529546,17006,경기도 용인시 기흥구 동백중앙로 191,경기도 용인시 기흥구 중동 849-2,350000,월,독립오피스,1명 ~ 2명,00:00 ~ 24:00,00:00 ~ 24:00,00:00 ~ 24:00,00:00 ~ 24:00,00:00 ~ 24:00,00:00 ~ 24:00,00:00 ~ 24:00,Y,Y,Y,Y,N,Y,Y,Y,N,Y,Y,N,N,Y,N,N,Y,Y,Y,Y,N,N,2022-11-16,892.92 ㎡,"11,401.87 ㎡"
크리피스 2인실(창측),경기도,용인시 기흥구,중동,,849-2 번지,동백중앙로,191 번,37.27087249,127.1529546,17006,경기도 용인시 기흥구 동백중앙로 191,경기도 용인시 기흥구 중동 849-2,400000,월,독립오피스,1명 ~ 2명,00:00 ~ 24:00,00:00 ~ 24:00,00:00 ~ 24:00,00:00 ~ 24:00,00:00 ~ 24:00,00:00 ~ 24:00,00:00 ~ 24:00,Y,Y,Y,Y,N,Y,Y,Y,N,Y,Y,N,N,Y,N,N,Y,Y,Y,Y,N,N,2022-11-16,892.92 ㎡,"11,401.87 ㎡"
크리피스 3인실,경기도,용인시 기흥구,중동,,849-2 번지,동백중앙로,191 번,37.27087249,127.1529546,17006,경기도 용인시 기흥구 동백중앙로 191,경기도 용인시 기흥구 중동 849-2,450000,월,독립오피스,1명 ~ 3명,00:00 ~ 24:00,00:00 ~ 24:00,00:00 ~ 24:00,00:00 ~ 24:00,00:00 ~ 24:00,00:00 ~ 24:00,00:00 ~ 24:00,Y,Y,Y,Y,N,Y,Y,Y,N,Y,Y,N,N,Y,N,N,Y,Y,Y,Y,N,N,2022-11-16,892.92 ㎡,"11,401.87 ㎡"
크리피스 4인실,경기도,용인시 기흥구,중동,,849-2 번지,동백중앙로,191 번,37.27087249,127.1529546,17006,경기도 용인시 기흥구 동백중앙로 191,경기도 용인시 기흥구 중동 849-2,580000,월,독립오피스,1명 ~ 4명,00:00 ~ 24:00,00:00 ~ 24:00,00:00 ~ 24:00,00:00 ~ 24:00,00:00 ~ 24:00,00:00 ~ 24:00,00:00 ~ 24:00,Y,Y,Y,Y,N,Y,Y,Y,N,Y,Y,N,N,Y,N,N,Y,Y,Y,Y,N,N,2022-11-16,892.92 ㎡,"11,401.87 ㎡"
테헤란비즈니스센터,서울특별시,강남구,대치동,,955-13 번지,역삼로83길,18 번,37.50483814,127.0595404,6184,서울특별시 강남구 역삼로83길 18,서울특별시 강남구 대치동 955-13,380000,월,독립오피스,1명 ~ 1명,00:00 ~ 24:00,00:00 ~ 24:00,00:00 ~ 24:00,00:00 ~ 24:00,00:00 ~ 24:00,00:00 ~ 24:00,00:00 ~ 24:00,N,N,N,N,N,N,N,N,Y,N,N,N,N,N,N,N,N,N,N,Y,N,N,2022-11-16,136.44 ㎡,687.46 ㎡
토즈 워크센터 1인 독립 사무실,서울특별시,강남구,역삼동,,708-33 번지,테헤란로52길,21 번,37.50292898,127.0485517,6212,서울특별시 강남구 테헤란로52길 21,서울특별시 강남구 역삼동 708-33,33000,일,독립오피스,1명 ~ 1명,10:00 ~ 18:00,10:00 ~ 18:00,10:00 ~ 18:00,10:00 ~ 18:00,10:00 ~ 18:00,휴무일,휴무일,Y,N,Y,Y,Y,Y,Y,Y,N,Y,N,Y,N,Y,N,Y,Y,Y,Y,Y,N,N,2022-11-16,545.98 ㎡,"9,053.81 ㎡"
토즈 워크센터 2인 독립 사무실,서울특별시,강남구,역삼동,,708-33 번지,테헤란로52길,21 번,37.50292898,127.0485517,6212,서울특별시 강남구 테헤란로52길 21,서울특별시 강남구 역삼동 708-33,55000,일,독립오피스,1명 ~ 2명,10:00 ~ 18:00,10:00 ~ 18:00,10:00 ~ 18:00,10:00 ~ 18:00,10:00 ~ 18:00,휴무일,휴무일,Y,N,Y,Y,Y,Y,Y,Y,N,Y,N,Y,N,Y,N,Y,Y,Y,Y,Y,N,N,2022-11-16,545.98 ㎡,"9,053.81 ㎡"
톱스튜디오,서울특별시,강남구,신사동,,597-15 번지,논현로164길,14 번,37.52344646,127.0294625,6025,서울특별시 강남구 논현로164길 14,서울특별시 강남구 신사동 597-15,350000,일,독립오피스,1명 ~ 10명,00:00 ~ 24:00,00:00 ~ 24:00,00:00 ~ 24:00,00:00 ~ 24:00,00:00 ~ 24:00,00:00 ~ 24:00,00:00 ~ 24:00,Y,N,N,N,N,Y,N,N,N,Y,Y,N,N,N,N,N,N,Y,N,Y,N,N,2022-11-16,86.75 ㎡,494.89 ㎡
티앤비소호사무실 공릉점,서울특별시,노원구,공릉동,,567-2 번지,동일로,1038 번,37.62279319,127.0742459,1845,서울특별시 노원구 동일로 1038,서울특별시 노원구 공릉동 567-2,200000,월,독립오피스,1명 ~ 2명,00:00 ~ 24:00,00:00 ~ 24:00,00:00 ~ 24:00,00:00 ~ 24:00,00:00 ~ 24:00,00:00 ~ 24:00,00:00 ~ 24:00,Y,N,Y,Y,Y,Y,Y,Y,N,Y,Y,Y,N,Y,Y,Y,Y,N,N,Y,N,Y,2022-11-16,169.6 ㎡,848.0 ㎡
티앤비소호사무실 하계점,서울특별시,노원구,하계동,,276-1 번지,공릉로59가길,9 번,37.63390152,127.0710589,1830,서울특별시 노원구 공릉로59가길 9,서울특별시 노원구 하계동 276-1,200000,월,독립오피스,1명 ~ 2명,00:00 ~ 24:00,00:00 ~ 24:00,00:00 ~ 24:00,00:00 ~ 24:00,00:00 ~ 24:00,00:00 ~ 24:00,00:00 ~ 24:00,Y,N,Y,N,Y,Y,Y,Y,N,Y,N,Y,N,Y,Y,Y,N,N,N,Y,N,N,2022-11-16,131.52 ㎡,762.51 ㎡
파티앤스터디 헬리오 404 비상주,서울특별시,송파구,석촌동,,256 번지,가락로,71 번,37.50026384,127.1041325,5690,서울특별시 송파구 가락로 71,서울특별시 송파구 석촌동 256,55000,월,독립오피스,1명 ~ 25명,00:00 ~ 24:00,00:00 ~ 24:00,00:00 ~ 24:00,00:00 ~ 24:00,00:00 ~ 24:00,00:00 ~ 24:00,00:00 ~ 24:00,Y,Y,Y,N,Y,Y,N,Y,N,Y,N,N,N,Y,N,N,N,Y,Y,Y,N,N,2022-11-16,547.27 ㎡,"4,108.12 ㎡"
퍼스트무버(독립오피스),서울특별시,구로구,구로동,,212-8 번지,디지털로,288 번,37.48356957,126.8955028,8390,서울특별시 구로구 디지털로 288,서울특별시 구로구 구로동 212-8,290000,월,독립오피스,1명 ~ 20명,00:00 ~ 24:00,00:00 ~ 24:00,00:00 ~ 24:00,00:00 ~ 24:00,00:00 ~ 24:00,08:00 ~ 22:00,08:00 ~ 22:00,Y,Y,Y,Y,Y,Y,Y,Y,N,Y,Y,N,N,Y,N,N,N,Y,Y,Y,N,N,2022-11-16,"5,112.85 ㎡","93,504.75 ㎡"
퍼스트비즈 1인실,서울특별시,금천구,가산동,,505-14 번지,가산디지털1로,212 번,37.48443436,126.8805768,8502,서울특별시 금천구 가산디지털1로 212,서울특별시 금천구 가산동 505-14,385000,월,독립오피스,1명 ~ 2명,00:00 ~ 24:00,00:00 ~ 24:00,00:00 ~ 24:00,00:00 ~ 24:00,00:00 ~ 24:00,00:00 ~ 24:00,00:00 ~ 24:00,Y,N,Y,N,N,Y,Y,Y,N,Y,Y,N,N,Y,N,Y,Y,Y,Y,Y,N,N,2022-11-16,"2,751.72 ㎡","48,354.61 ㎡"
퍼스트비즈 1인실 (고급),서울특별시,금천구,가산동,,505-14 번지,가산디지털1로,212 번,37.48443436,126.8805768,8502,서울특별시 금천구 가산디지털1로 212,서울특별시 금천구 가산동 505-14,495000,월,독립오피스,1명 ~ 2명,00:00 ~ 24:00,00:00 ~ 24:00,00:00 ~ 24:00,00:00 ~ 24:00,00:00 ~ 24:00,00:00 ~ 24:00,00:00 ~ 24:00,Y,N,Y,N,N,Y,Y,Y,N,Y,Y,N,N,Y,N,Y,Y,Y,Y,Y,N,N,2022-11-16,"2,751.72 ㎡","48,354.61 ㎡"
퍼스트비즈 2인실,서울특별시,금천구,가산동,,505-14 번지,가산디지털1로,212 번,37.48443436,126.8805768,8502,서울특별시 금천구 가산디지털1로 212,서울특별시 금천구 가산동 505-14,396000,월,독립오피스,1명 ~ 2명,00:00 ~ 24:00,00:00 ~ 24:00,00:00 ~ 24:00,00:00 ~ 24:00,00:00 ~ 24:00,00:00 ~ 24:00,00:00 ~ 24:00,Y,N,Y,N,N,Y,Y,Y,N,Y,Y,N,N,Y,N,Y,Y,Y,Y,Y,N,N,2022-11-16,"2,751.72 ㎡","48,354.61 ㎡"
퍼스트비즈 2인실 (고급),서울특별시,금천구,가산동,,505-14 번지,가산디지털1로,212 번,37.48443436,126.8805768,8502,서울특별시 금천구 가산디지털1로 212,서울특별시 금천구 가산동 505-14,517000,월,독립오피스,1명 ~ 2명,00:00 ~ 24:00,00:00 ~ 24:00,00:00 ~ 24:00,00:00 ~ 24:00,00:00 ~ 24:00,00:00 ~ 24:00,00:00 ~ 24:00,Y,N,Y,N,N,Y,Y,Y,N,Y,Y,N,N,Y,N,Y,Y,Y,Y,Y,N,N,2022-11-16,"2,751.72 ㎡","48,354.61 ㎡"
퍼스트비즈 3인실,서울특별시,금천구,가산동,,505-14 번지,가산디지털1로,212 번,37.48443436,126.8805768,8502,서울특별시 금천구 가산디지털1로 212,서울특별시 금천구 가산동 505-14,550000,월,독립오피스,1명 ~ 3명,00:00 ~ 24:00,00:00 ~ 24:00,00:00 ~ 24:00,00:00 ~ 24:00,00:00 ~ 24:00,00:00 ~ 24:00,00:00 ~ 24:00,Y,N,Y,N,N,Y,Y,Y,N,Y,Y,N,N,Y,N,Y,Y,Y,Y,Y,N,N,2022-11-16,"2,751.72 ㎡","48,354.61 ㎡"
퍼스트비즈 3인실 (고급),서울특별시,금천구,가산동,,505-14 번지,가산디지털1로,212 번,37.48443436,126.8805768,8502,서울특별시 금천구 가산디지털1로 212,서울특별시 금천구 가산동 505-14,693000,월,독립오피스,1명 ~ 4명,00:00 ~ 24:00,00:00 ~ 24:00,00:00 ~ 24:00,00:00 ~ 24:00,00:00 ~ 24:00,00:00 ~ 24:00,00:00 ~ 24:00,Y,N,Y,N,N,Y,Y,Y,N,Y,Y,N,N,Y,N,Y,Y,Y,Y,Y,N,N,2022-11-16,"2,751.72 ㎡","48,354.61 ㎡"
프라이빗 오피스,경기도,고양시 일산동구,장항동,,768 번지,중앙로1275번길,60-30 번,37.66044664,126.7688967,10401,경기도 고양시 일산동구 중앙로1275번길 60-30,경기도 고양시 일산동구 장항동 768,880000,월,독립오피스,1명 ~ 4명,00:00 ~ 24:00,00:00 ~ 24:00,00:00 ~ 24:00,00:00 ~ 24:00,00:00 ~ 24:00,00:00 ~ 24:00,00:00 ~ 24:00,Y,N,Y,N,N,Y,Y,N,N,Y,Y,N,N,Y,N,Y,N,Y,Y,Y,N,N,2022-11-16,- ㎡,- ㎡
프리미엄 소호사무실 어반데이즈 A,경기도,수원시 팔달구,우만동,,561-8 번지,팔달문로130번길,69 번,37.27935763,127.0317142,16240,경기도 수원시 팔달구 팔달문로130번길 69,경기도 수원시 팔달구 우만동 561-8,25000,일,독립오피스,1명 ~ 2명,00:00 ~ 24:00,00:00 ~ 24:00,00:00 ~ 24:00,00:00 ~ 24:00,00:00 ~ 24:00,00:00 ~ 24:00,00:00 ~ 24:00,Y,Y,Y,Y,Y,Y,Y,Y,N,Y,Y,Y,N,Y,N,Y,N,N,N,Y,N,N,2022-11-16,"1,149.86 ㎡","6,118.3 ㎡"
프리미엄 소호사무실 어반데이즈 B,경기도,수원시 팔달구,우만동,,561-8 번지,팔달문로130번길,69 번,37.27935763,127.0317142,16240,경기도 수원시 팔달구 팔달문로130번길 69,경기도 수원시 팔달구 우만동 561-8,300000,월,독립오피스,1명 ~ 1명,00:00 ~ 24:00,00:00 ~ 24:00,00:00 ~ 24:00,00:00 ~ 24:00,00:00 ~ 24:00,00:00 ~ 24:00,00:00 ~ 24:00,Y,Y,Y,Y,Y,Y,Y,Y,N,Y,Y,Y,N,Y,N,Y,N,N,N,Y,N,N,2022-11-16,"1,149.86 ㎡","6,118.3 ㎡"
피치트리 역삼점 - 4인실,서울특별시,강남구,역삼동,,733-8 번지,역삼로,215 번,37.49678424,127.0405905,6224,서울특별시 강남구 역삼로 215,서울특별시 강남구 역삼동 733-8,15000,일,독립오피스,1명 ~ 4명,00:00 ~ 24:00,00:00 ~ 24:00,00:00 ~ 24:00,00:00 ~ 24:00,00:00 ~ 24:00,00:00 ~ 24:00,00:00 ~ 24:00,Y,N,Y,N,N,Y,Y,Y,N,Y,N,N,N,Y,N,Y,Y,Y,Y,Y,N,N,2022-11-16,214.5 ㎡,"1,156.37 ㎡"
피터비즈 대화점 내측 단독 3인실,경기도,고양시 일산서구,대화동,,2223-2 번지,일산로,774 번,37.67488441,126.748564,10381,경기도 고양시 일산서구 일산로 774,경기도 고양시 일산서구 대화동 2223-2,660000,월,독립오피스,1명 ~ 3명,00:00 ~ 24:00,00:00 ~ 24:00,00:00 ~ 24:00,00:00 ~ 24:00,00:00 ~ 24:00,00:00 ~ 24:00,00:00 ~ 24:00,Y,Y,Y,Y,N,Y,Y,Y,N,Y,N,N,N,Y,N,Y,N,Y,Y,Y,N,N,2022-11-16,631.99 ㎡,"6,313.65 ㎡"
피터비즈 대화점 단독 내측 2인실,경기도,고양시 일산서구,대화동,,2223-2 번지,일산로,774 번,37.67488441,126.748564,10381,경기도 고양시 일산서구 일산로 774,경기도 고양시 일산서구 대화동 2223-2,30000,일,독립오피스,1명 ~ 2명,00:00 ~ 24:00,00:00 ~ 24:00,00:00 ~ 24:00,00:00 ~ 24:00,00:00 ~ 24:00,00:00 ~ 24:00,00:00 ~ 24:00,Y,Y,Y,Y,N,Y,Y,Y,N,Y,N,N,N,Y,N,N,N,N,Y,Y,N,N,2022-11-16,631.99 ㎡,"6,313.65 ㎡"
피터비즈 대화점 단독 창가2인실,경기도,고양시 일산서구,대화동,,2223-2 번지,일산로,774 번,37.67488441,126.748564,10381,경기도 고양시 일산서구 일산로 774,경기도 고양시 일산서구 대화동 2223-2,30000,일,독립오피스,1명 ~ 2명,00:00 ~ 24:00,00:00 ~ 24:00,00:00 ~ 24:00,00:00 ~ 24:00,00:00 ~ 24:00,00:00 ~ 24:00,00:00 ~ 24:00,Y,Y,Y,Y,N,Y,Y,Y,N,Y,N,N,N,Y,N,Y,N,N,Y,Y,N,N,2022-11-16,631.99 ㎡,"6,313.65 ㎡"
피터비즈 대화점 창측 단독 4인실,경기도,고양시 일산서구,대화동,,2223-2 번지,일산로,774 번,37.67488441,126.748564,10381,경기도 고양시 일산서구 일산로 774,경기도 고양시 일산서구 대화동 2223-2,800000,월,독립오피스,1명 ~ 4명,00:00 ~ 24:00,00:00 ~ 24:00,00:00 ~ 24:00,00:00 ~ 24:00,00:00 ~ 24:00,00:00 ~ 24:00,00:00 ~ 24:00,Y,Y,Y,Y,N,Y,Y,Y,N,Y,N,N,N,Y,N,Y,N,Y,Y,Y,N,N,2022-11-16,631.99 ㎡,"6,313.65 ㎡"
피터비즈 연희점 단독 3인실,서울특별시,서대문구,연희동,,717-29 번지,홍연길,77 번,37.57680435,126.9306105,3695,서울특별시 서대문구 홍연길 77,서울특별시 서대문구 연희동 717-29,700000,월,독립오피스,3명 ~ 4명,09:00 ~ 24:00,09:00 ~ 24:00,09:00 ~ 24:00,09:00 ~ 24:00,09:00 ~ 24:00,09:00 ~ 24:00,09:00 ~ 24:00,Y,N,Y,N,Y,Y,Y,Y,N,Y,Y,Y,N,Y,N,Y,N,Y,Y,Y,Y,Y,2022-11-16,"1,174.45 ㎡","9,584.57 ㎡"
피터비즈 연희점 단독 4-5인실,서울특별시,서대문구,연희동,,717-29 번지,홍연길,77 번,37.57680435,126.9306105,3695,서울특별시 서대문구 홍연길 77,서울특별시 서대문구 연희동 717-29,1000000,월,독립오피스,4명 ~ 5명,00:00 ~ 24:00,00:00 ~ 24:00,00:00 ~ 24:00,00:00 ~ 24:00,00:00 ~ 24:00,00:00 ~ 24:00,00:00 ~ 24:00,Y,N,Y,N,N,Y,Y,Y,N,Y,Y,Y,N,Y,N,Y,N,Y,Y,Y,Y,Y,2022-11-16,"1,174.45 ㎡","9,584.57 ㎡"
피터비즈센터 연희점 내측 2인실,서울특별시,서대문구,연희동,,717-29 번지,홍연길,77 번,37.57680435,126.9306105,3695,서울특별시 서대문구 홍연길 77,서울특별시 서대문구 연희동 717-29,500000,월,독립오피스,1명 ~ 2명,00:00 ~ 24:00,00:00 ~ 24:00,00:00 ~ 24:00,00:00 ~ 24:00,00:00 ~ 24:00,00:00 ~ 24:00,00:00 ~ 24:00,Y,N,Y,N,N,Y,Y,Y,N,Y,Y,N,N,Y,N,Y,N,Y,Y,Y,Y,Y,2022-11-16,"1,174.45 ㎡","9,584.57 ㎡"
피터비즈센터 연희점 창측 2인실,서울특별시,서대문구,연희동,,717-29 번지,홍연길,77 번,37.57680435,126.9306105,3695,서울특별시 서대문구 홍연길 77,서울특별시 서대문구 연희동 717-29,660000,월,독립오피스,1명 ~ 3명,00:00 ~ 24:00,00:00 ~ 24:00,00:00 ~ 24:00,00:00 ~ 24:00,00:00 ~ 24:00,00:00 ~ 24:00,00:00 ~ 24:00,Y,Y,Y,N,Y,Y,Y,Y,N,Y,Y,Y,N,Y,N,N,N,Y,Y,Y,Y,Y,2022-11-16,"1,174.45 ㎡","9,584.57 ㎡"
피터비즈센터연희점 원데이오피스,서울특별시,서대문구,연희동,,717-29 번지,홍연길,77 번,37.57680435,126.9306105,3695,서울특별시 서대문구 홍연길 77,서울특별시 서대문구 연희동 717-29,30000,일,독립오피스,1명 ~ 2명,09:00 ~ 18:00,09:00 ~ 18:00,09:00 ~ 18:00,09:00 ~ 18:00,09:00 ~ 18:00,휴무일,휴무일,Y,Y,Y,N,Y,Y,Y,N,Y,Y,Y,Y,N,Y,N,Y,N,Y,Y,Y,Y,N,2022-11-16,"1,174.45 ㎡","9,584.57 ㎡"
하남미사 공유오피스 크리워커스,경기도,하남시,덕풍동,,833-1 번지,미사대로,550 번,37.55676934,127.2064677,12925,경기도 하남시 미사대로 550,경기도 하남시 덕풍동 833-1,396000,월,독립오피스,1명 ~ 2명,00:00 ~ 24:00,00:00 ~ 24:00,00:00 ~ 24:00,00:00 ~ 24:00,00:00 ~ 24:00,00:00 ~ 24:00,00:00 ~ 24:00,Y,N,Y,Y,Y,Y,N,Y,N,Y,Y,N,N,Y,N,Y,N,Y,Y,Y,N,N,2022-11-16,"9,903.8 ㎡","123,896.99 ㎡"
하남웍스,경기도,하남시,덕풍동,,744 번지,덕풍동로,111-21 번,37.55180972,127.2076956,12927,경기도 하남시 덕풍동로 111-21,경기도 하남시 덕풍동 744,50000,월,독립오피스,1명 ~ 2명,00:00 ~ 24:00,00:00 ~ 24:00,00:00 ~ 24:00,00:00 ~ 24:00,00:00 ~ 24:00,00:00 ~ 24:00,00:00 ~ 24:00,Y,N,Y,N,Y,Y,Y,Y,N,Y,Y,Y,N,Y,N,Y,N,Y,Y,Y,N,N,2022-11-16,"1,432.1 ㎡","19,571.63 ㎡"
하우투비즈센터(여의도) 2인실,서울특별시,영등포구,여의도동,,14-3 번지,국회대로72길,4 번,37.53033358,126.9199164,7238,서울특별시 영등포구 국회대로72길 4,서울특별시 영등포구 여의도동 14-3,704000,월,독립오피스,2명 ~ 2명,00:00 ~ 24:00,00:00 ~ 24:00,00:00 ~ 24:00,00:00 ~ 24:00,00:00 ~ 24:00,00:00 ~ 24:00,00:00 ~ 24:00,Y,Y,Y,N,N,Y,Y,Y,N,Y,Y,N,N,Y,N,Y,Y,Y,Y,Y,N,N,2022-11-16,396.32 ㎡,"5,490.5 ㎡"
하이테크비즈센터 1인 소호사무실,서울특별시,영등포구,문래동,,55-20 번지,경인로,775 번,37.51474642,126.8975368,7299,서울특별시 영등포구 경인로 775,서울특별시 영등포구 문래동3가 55-20,275000,월,독립오피스,1명 ~ 1명,00:00 ~ 24:00,00:00 ~ 24:00,00:00 ~ 24:00,00:00 ~ 24:00,00:00 ~ 24:00,00:00 ~ 24:00,00:00 ~ 24:00,Y,Y,Y,N,N,Y,Y,Y,N,Y,Y,Y,N,Y,Y,Y,N,Y,Y,Y,N,N,2022-11-16,"11,983.01 ㎡","196,644.23 ㎡"
한비서 공유오피스,서울특별시,용산구,한남동,,621-1 번지,대사관로34길,27 번,37.53190075,127.0059548,4410,서울특별시 용산구 대사관로34길 27,서울특별시 용산구 한남동 621-1,500000,월,독립오피스,1명 ~ 4명,00:00 ~ 24:00,00:00 ~ 24:00,00:00 ~ 24:00,00:00 ~ 24:00,00:00 ~ 24:00,00:00 ~ 24:00,00:00 ~ 24:00,Y,N,Y,N,Y,Y,Y,Y,N,Y,N,Y,N,Y,N,Y,N,N,N,Y,N,N,2022-11-16,194.48 ㎡,"1,381.88 ㎡"
한승공간,서울특별시,강남구,역삼동,,736-32 번지,테헤란로22길,12 번,37.4990845,127.0349802,6236,서울특별시 강남구 테헤란로22길 12,서울특별시 강남구 역삼동 736-32,10000,일,독립오피스,1명 ~ 2명,00:00 ~ 24:00,00:00 ~ 24:00,00:00 ~ 24:00,00:00 ~ 24:00,00:00 ~ 24:00,00:00 ~ 24:00,00:00 ~ 24:00,Y,N,N,N,Y,Y,N,Y,N,Y,N,N,N,Y,N,N,N,N,Y,Y,N,Y,2022-11-16,199.92 ㎡,"1,108.8 ㎡"
한승공간,서울특별시,구로구,구로동,,191-7 번지,디지털로33길,11 번,37.48571605,126.895509,8380,서울특별시 구로구 디지털로33길 11,서울특별시 구로구 구로동 191-7,10000,일,독립오피스,1명 ~ 30명,00:00 ~ 24:00,00:00 ~ 24:00,00:00 ~ 24:00,00:00 ~ 24:00,00:00 ~ 24:00,00:00 ~ 24:00,00:00 ~ 24:00,Y,N,N,N,Y,Y,N,Y,N,Y,Y,N,N,Y,N,N,N,Y,Y,Y,Y,Y,2022-11-16,"2,851.7 ㎡","42,352.06 ㎡"
한승공간 24시간 공유오피스,서울특별시,구로구,구로동,,197-10 번지,디지털로33길,55 번,37.48690894,126.8931459,8376,서울특별시 구로구 디지털로33길 55,서울특별시 구로구 구로동 197-10,10000,일,독립오피스,1명 ~ 12명,00:00 ~ 24:00,00:00 ~ 24:00,00:00 ~ 24:00,00:00 ~ 24:00,00:00 ~ 24:00,00:00 ~ 24:00,00:00 ~ 24:00,Y,N,N,N,Y,Y,N,Y,N,Y,Y,N,N,Y,N,N,N,Y,Y,Y,Y,Y,2022-11-16,"3,144.02 ㎡","47,419.18 ㎡"
한승공간 구로공동작업실 1인실,서울특별시,구로구,구로동,,197-10 번지,디지털로33길,55 번,37.48690894,126.8931459,8376,서울특별시 구로구 디지털로33길 55,서울특별시 구로구 구로동 197-10,10000,일,독립오피스,1명 ~ 20명,00:00 ~ 24:00,00:00 ~ 24:00,00:00 ~ 24:00,00:00 ~ 24:00,00:00 ~ 24:00,00:00 ~ 24:00,00:00 ~ 24:00,Y,Y,N,Y,Y,Y,N,Y,N,Y,Y,Y,N,Y,Y,N,N,N,Y,Y,Y,Y,2022-11-16,"3,144.02 ㎡","47,419.18 ㎡"
한승공간 구로공동작업실 2인실,서울특별시,구로구,구로동,,197-10 번지,디지털로33길,55 번,37.48690894,126.8931459,8376,서울특별시 구로구 디지털로33길 55,서울특별시 구로구 구로동 197-10,10000,일,독립오피스,1명 ~ 20명,00:00 ~ 24:00,00:00 ~ 24:00,00:00 ~ 24:00,00:00 ~ 24:00,00:00 ~ 24:00,00:00 ~ 24:00,00:00 ~ 24:00,Y,Y,N,Y,Y,Y,N,Y,N,Y,Y,Y,N,Y,Y,N,N,N,Y,Y,Y,Y,2022-11-16,"3,144.02 ㎡","47,419.18 ㎡"
한승공간 구로독립오피스 2인실,서울특별시,구로구,구로동,,197-10 번지,디지털로33길,55 번,37.48690894,126.8931459,8376,서울특별시 구로구 디지털로33길 55,서울특별시 구로구 구로동 197-10,10000,일,독립오피스,1명 ~ 20명,00:00 ~ 24:00,00:00 ~ 24:00,00:00 ~ 24:00,00:00 ~ 24:00,00:00 ~ 24:00,00:00 ~ 24:00,00:00 ~ 24:00,Y,Y,N,Y,Y,Y,N,Y,N,Y,Y,Y,N,Y,Y,N,N,N,Y,Y,Y,Y,2022-11-16,"3,144.02 ㎡","47,419.18 ㎡"
한승공간 구로독립오피스 3인실,서울특별시,구로구,구로동,,197-10 번지,디지털로33길,55 번,37.48690894,126.8931459,8376,서울특별시 구로구 디지털로33길 55,서울특별시 구로구 구로동 197-10,10000,일,독립오피스,1명 ~ 20명,00:00 ~ 24:00,00:00 ~ 24:00,00:00 ~ 24:00,00:00 ~ 24:00,00:00 ~ 24:00,00:00 ~ 24:00,00:00 ~ 24:00,Y,Y,N,Y,Y,Y,N,Y,N,Y,Y,Y,N,Y,Y,N,N,N,Y,Y,Y,Y,2022-11-16,"3,144.02 ㎡","47,419.18 ㎡"
한승공간 구로독립오피스 4인실,서울특별시,구로구,구로동,,197-10 번지,디지털로33길,55 번,37.48690894,126.8931459,8376,서울특별시 구로구 디지털로33길 55,서울특별시 구로구 구로동 197-10,10000,일,독립오피스,1명 ~ 20명,00:00 ~ 24:00,00:00 ~ 24:00,00:00 ~ 24:00,00:00 ~ 24:00,00:00 ~ 24:00,00:00 ~ 24:00,00:00 ~ 24:00,Y,Y,N,Y,Y,Y,N,Y,N,Y,Y,Y,N,Y,Y,N,N,N,Y,Y,Y,Y,2022-11-16,"3,144.02 ㎡","47,419.18 ㎡"
한승공간 구로독립오피스1인실,서울특별시,구로구,구로동,,197-10 번지,디지털로33길,55 번,37.48690894,126.8931459,8376,서울특별시 구로구 디지털로33길 55,서울특별시 구로구 구로동 197-10,10000,일,독립오피스,1명 ~ 20명,00:00 ~ 24:00,00:00 ~ 24:00,00:00 ~ 24:00,00:00 ~ 24:00,00:00 ~ 24:00,00:00 ~ 24:00,00:00 ~ 24:00,Y,Y,N,Y,Y,Y,N,Y,N,Y,Y,Y,N,Y,Y,N,N,N,Y,Y,Y,Y,2022-11-16,"3,144.02 ㎡","47,419.18 ㎡"
한승공간 역삼독립오피스 2인실,서울특별시,강남구,역삼동,,736-32 번지,테헤란로22길,12 번,37.4990845,127.0349802,6236,서울특별시 강남구 테헤란로22길 12,서울특별시 강남구 역삼동 736-32,10000,일,독립오피스,1명 ~ 20명,00:00 ~ 24:00,00:00 ~ 24:00,00:00 ~ 24:00,00:00 ~ 24:00,00:00 ~ 24:00,00:00 ~ 24:00,00:00 ~ 24:00,Y,Y,N,Y,Y,Y,N,Y,N,Y,Y,Y,N,Y,Y,N,N,N,Y,Y,Y,Y,2022-11-16,199.92 ㎡,"1,108.8 ㎡"
한승공간 역삼독립오피스 3인실,서울특별시,강남구,역삼동,,736-32 번지,테헤란로22길,12 번,37.4990845,127.0349802,6236,서울특별시 강남구 테헤란로22길 12,서울특별시 강남구 역삼동 736-32,10000,일,독립오피스,1명 ~ 20명,00:00 ~ 24:00,00:00 ~ 24:00,00:00 ~ 24:00,00:00 ~ 24:00,00:00 ~ 24:00,00:00 ~ 24:00,00:00 ~ 24:00,Y,Y,N,Y,Y,Y,N,Y,N,Y,Y,Y,N,Y,Y,N,N,N,Y,Y,Y,Y,2022-11-16,199.92 ㎡,"1,108.8 ㎡"
한피스 미아점 1인실,서울특별시,강북구,미아동,,131-6 번지,도봉로,144 번,37.62168725,127.0284173,1161,서울특별시 강북구 도봉로 144,서울특별시 강북구 미아동 131-6,220000,월,독립오피스,1명 ~ 4명,00:00 ~ 24:00,00:00 ~ 24:00,00:00 ~ 24:00,00:00 ~ 24:00,00:00 ~ 24:00,00:00 ~ 24:00,00:00 ~ 24:00,Y,N,Y,N,Y,Y,Y,Y,N,Y,N,N,N,Y,N,N,N,N,Y,Y,N,N,2022-11-16,555.73 ㎡,"4,140.61 ㎡"
한피스 미아점 2인실,서울특별시,강북구,미아동,,131-6 번지,도봉로,144 번,37.62168725,127.0284173,1161,서울특별시 강북구 도봉로 144,서울특별시 강북구 미아동 131-6,330000,월,독립오피스,1명 ~ 2명,00:00 ~ 24:00,00:00 ~ 24:00,00:00 ~ 24:00,00:00 ~ 24:00,00:00 ~ 24:00,00:00 ~ 24:00,00:00 ~ 24:00,Y,N,N,N,Y,Y,N,Y,N,Y,N,N,N,Y,N,N,N,N,Y,Y,N,N,2022-11-16,555.73 ㎡,"4,140.61 ㎡"
한피스 수유점 1인실,서울특별시,강북구,수유동,,174-9 번지,도봉로,369 번,37.64034917,127.027742,1054,서울특별시 강북구 도봉로 369,서울특별시 강북구 수유동 174-9,220000,월,독립오피스,1명 ~ 4명,00:00 ~ 24:00,00:00 ~ 24:00,00:00 ~ 24:00,00:00 ~ 24:00,00:00 ~ 24:00,00:00 ~ 24:00,00:00 ~ 24:00,Y,N,N,Y,Y,Y,N,Y,N,Y,N,N,N,Y,N,N,N,N,Y,Y,N,N,2022-11-16,206.05 ㎡,986.48 ㎡
한피스 의정부점 1인석,경기도,의정부시,의정부동,,486-4 번지,둔야로33번길,9 번,37.73880806,127.0391003,11673,경기도 의정부시 둔야로33번길 9,경기도 의정부시 의정부동 486-4,99000,월,독립오피스,1명 ~ 7명,00:00 ~ 24:00,00:00 ~ 24:00,00:00 ~ 24:00,00:00 ~ 24:00,00:00 ~ 24:00,00:00 ~ 24:00,00:00 ~ 24:00,Y,N,N,N,Y,Y,N,Y,N,Y,N,N,N,Y,N,N,N,N,Y,Y,N,N,2022-11-16,333.96 ㎡,"3,672.76 ㎡"
한피스 창동점 2인실,서울특별시,도봉구,창동,,9 번지,노해로67길,2 번,37.65243024,127.0500283,1414,서울특별시 도봉구 노해로67길 2,서울특별시 도봉구 창동 9,330000,월,독립오피스,1명 ~ 6명,00:00 ~ 24:00,00:00 ~ 24:00,00:00 ~ 24:00,00:00 ~ 24:00,00:00 ~ 24:00,00:00 ~ 24:00,00:00 ~ 24:00,Y,N,N,N,Y,Y,N,Y,N,Y,Y,Y,N,Y,N,N,N,N,Y,Y,N,N,2022-11-16,428.39 ㎡,"5,611.48 ㎡"
합정동 부엉이곳간 독립오피스2인실,서울특별시,마포구,합정동,,372-28 번지,성지길,25-11 번,37.54738438,126.9140274,4071,서울특별시 마포구 성지길 25-11,서울특별시 마포구 합정동 372-28,660000,월,독립오피스,2명 ~ 2명,00:00 ~ 24:00,00:00 ~ 24:00,00:00 ~ 24:00,00:00 ~ 24:00,00:00 ~ 24:00,00:00 ~ 24:00,00:00 ~ 24:00,Y,N,Y,N,Y,Y,Y,Y,N,Y,N,Y,N,Y,N,Y,Y,Y,Y,Y,N,N,2022-11-16,129.1 ㎡,661.9 ㎡
헤드오피스비즈니스센터 성수 1인실,서울특별시,성동구,성수2가3동,,273-19 번지,연무장13길,9 번,37.54258368,127.0582193,4783,서울특별시 성동구 연무장13길 9,서울특별시 성동구 성수동2가 273-19,440000,월,독립오피스,1명 ~ 1명,00:00 ~ 24:00,00:00 ~ 24:00,00:00 ~ 24:00,00:00 ~ 24:00,00:00 ~ 24:00,00:00 ~ 24:00,00:00 ~ 24:00,Y,Y,Y,N,N,Y,Y,Y,N,Y,Y,N,N,Y,N,Y,Y,Y,Y,Y,N,Y,2022-11-16,401.95 ㎡,"3,882.92 ㎡"
헤드오피스비즈니스센터 성수 2인실,서울특별시,성동구,성수2가3동,,273-19 번지,연무장13길,9 번,37.54258368,127.0582193,4783,서울특별시 성동구 연무장13길 9,서울특별시 성동구 성수동2가 273-19,660000,월,독립오피스,1명 ~ 2명,00:00 ~ 24:00,00:00 ~ 24:00,00:00 ~ 24:00,00:00 ~ 24:00,00:00 ~ 24:00,00:00 ~ 24:00,00:00 ~ 24:00,Y,Y,Y,N,N,Y,Y,Y,N,Y,Y,N,N,Y,N,Y,Y,Y,Y,Y,N,Y,2022-11-16,401.95 ㎡,"3,882.92 ㎡"
헤드오피스비즈니스센터 성수 3인실,서울특별시,성동구,성수2가3동,,273-19 번지,연무장13길,9 번,37.54258368,127.0582193,4783,서울특별시 성동구 연무장13길 9,서울특별시 성동구 성수동2가 273-19,869000,월,독립오피스,1명 ~ 3명,00:00 ~ 24:00,00:00 ~ 24:00,00:00 ~ 24:00,00:00 ~ 24:00,00:00 ~ 24:00,00:00 ~ 24:00,00:00 ~ 24:00,Y,Y,Y,N,N,Y,Y,Y,N,Y,Y,N,N,Y,N,Y,Y,Y,Y,Y,N,Y,2022-11-16,401.95 ㎡,"3,882.92 ㎡"
헤드오피스비즈니스센터 성수 4인실,서울특별시,성동구,성수2가3동,,273-19 번지,연무장13길,9 번,37.54258368,127.0582193,4783,서울특별시 성동구 연무장13길 9,서울특별시 성동구 성수동2가 273-19,1100000,월,독립오피스,1명 ~ 4명,00:00 ~ 24:00,00:00 ~ 24:00,00:00 ~ 24:00,00:00 ~ 24:00,00:00 ~ 24:00,00:00 ~ 24:00,00:00 ~ 24:00,Y,Y,Y,N,N,Y,Y,Y,N,Y,Y,N,N,Y,N,Y,Y,Y,Y,Y,N,Y,2022-11-16,401.95 ㎡,"3,882.92 ㎡"
헤드오피스비즈니스센터 성수 5인실,서울특별시,성동구,성수2가3동,,273-19 번지,연무장13길,9 번,37.54258368,127.0582193,4783,서울특별시 성동구 연무장13길 9,서울특별시 성동구 성수동2가 273-19,1320000,월,독립오피스,1명 ~ 5명,00:00 ~ 24:00,00:00 ~ 24:00,00:00 ~ 24:00,00:00 ~ 24:00,00:00 ~ 24:00,00:00 ~ 24:00,00:00 ~ 24:00,Y,Y,Y,N,N,Y,Y,Y,N,Y,Y,N,N,Y,N,Y,Y,Y,Y,Y,N,Y,2022-11-16,401.95 ㎡,"3,882.92 ㎡"
헤드오피스비즈니스센터 성수 7인실,서울특별시,성동구,성수2가3동,,273-19 번지,연무장13길,9 번,37.54258368,127.0582193,4783,서울특별시 성동구 연무장13길 9,서울특별시 성동구 성수동2가 273-19,1560000,월,독립오피스,1명 ~ 7명,00:00 ~ 24:00,00:00 ~ 24:00,00:00 ~ 24:00,00:00 ~ 24:00,00:00 ~ 24:00,00:00 ~ 24:00,00:00 ~ 24:00,Y,Y,Y,N,N,Y,Y,Y,N,Y,Y,N,N,Y,N,Y,Y,Y,Y,Y,N,Y,2022-11-16,401.95 ㎡,"3,882.92 ㎡"
헤드오피스비즈니스센터 송파 1인실,서울특별시,송파구,방이동,,67-2 번지,오금로15길,5-12 번,37.51260723,127.1086541,5548,서울특별시 송파구 오금로15길 5-12,서울특별시 송파구 방이동 67-2,396000,월,독립오피스,1명 ~ 1명,00:00 ~ 24:00,00:00 ~ 24:00,00:00 ~ 24:00,00:00 ~ 24:00,00:00 ~ 24:00,00:00 ~ 24:00,00:00 ~ 24:00,Y,Y,Y,N,Y,Y,Y,Y,N,Y,Y,Y,N,Y,N,Y,Y,Y,Y,Y,N,N,2022-11-16,296.93 ㎡,"2,092.38 ㎡"
헤드오피스비즈니스센터 송파 2인실,서울특별시,송파구,방이동,,67-2 번지,오금로15길,5-12 번,37.51260723,127.1086541,5548,서울특별시 송파구 오금로15길 5-12,서울특별시 송파구 방이동 67-2,550000,월,독립오피스,1명 ~ 2명,00:00 ~ 24:00,00:00 ~ 24:00,00:00 ~ 24:00,00:00 ~ 24:00,00:00 ~ 24:00,00:00 ~ 24:00,00:00 ~ 24:00,Y,Y,Y,N,Y,Y,Y,Y,N,Y,Y,Y,N,Y,N,Y,Y,Y,Y,Y,N,N,2022-11-16,296.93 ㎡,"2,092.38 ㎡"
헤드오피스비즈니스센터 송파 3인실,서울특별시,송파구,방이동,,67-2 번지,오금로15길,5-12 번,37.51260723,127.1086541,5548,서울특별시 송파구 오금로15길 5-12,서울특별시 송파구 방이동 67-2,797000,월,독립오피스,1명 ~ 3명,00:00 ~ 24:00,00:00 ~ 24:00,00:00 ~ 24:00,00:00 ~ 24:00,00:00 ~ 24:00,00:00 ~ 24:00,00:00 ~ 24:00,Y,Y,Y,N,Y,Y,Y,Y,N,Y,Y,Y,N,Y,N,Y,Y,Y,Y,Y,N,N,2022-11-16,296.93 ㎡,"2,092.38 ㎡"
헤드오피스비즈니스센터 송파 4인실,서울특별시,송파구,방이동,,67-2 번지,오금로15길,5-12 번,37.51260723,127.1086541,5548,서울특별시 송파구 오금로15길 5-12,서울특별시 송파구 방이동 67-2,957000,월,독립오피스,1명 ~ 4명,00:00 ~ 24:00,00:00 ~ 24:00,00:00 ~ 24:00,00:00 ~ 24:00,00:00 ~ 24:00,00:00 ~ 24:00,00:00 ~ 24:00,Y,Y,Y,N,Y,Y,Y,Y,N,Y,Y,Y,N,Y,N,Y,Y,Y,Y,Y,N,N,2022-11-16,296.93 ㎡,"2,092.38 ㎡"
홍대역 룩스비즈 독립오피스텔,서울특별시,마포구,동교동,,156-2 번지,양화로,175 번,37.55773907,126.9243966,3994,서울특별시 마포구 양화로 175,서울특별시 마포구 동교동 156-2,53334,일,독립오피스,1명 ~ 8명,00:00 ~ 24:00,00:00 ~ 24:00,00:00 ~ 24:00,00:00 ~ 24:00,00:00 ~ 24:00,00:00 ~ 24:00,00:00 ~ 24:00,Y,N,Y,N,Y,Y,N,Y,N,Y,Y,N,N,N,N,N,Y,Y,N,Y,Y,Y,2022-11-16,651.5 ㎡,"14,000.38 ㎡"
ES 공유오피스 1인사무실 대여,경기도,안양시 동안구,관양동,,1502-6 번지,흥안대로,519 번,37.40031616,126.9761634,13951,경기도 안양시 동안구 흥안대로 519,경기도 안양시 동안구 관양동 1502-6,99000,월,독립오피스,1명 ~ 1명,00:00 ~ 24:00,00:00 ~ 24:00,00:00 ~ 24:00,00:00 ~ 24:00,00:00 ~ 24:00,00:00 ~ 24:00,00:00 ~ 24:00,Y,N,Y,Y,Y,Y,Y,Y,N,Y,Y,N,N,Y,N,Y,N,Y,Y,Y,N,N,2022-11-16,"1,091.68 ㎡","20,073.22 ㎡"
GLADE-share office,부산광역시,금정구,장전동,,267-2 번지,금강로279번길,81-4 번,35.23555008,129.0836946,46287,부산광역시 금정구 금강로279번길 81-4,부산광역시 금정구 장전동 267-2,300000,월,독립오피스,2명 ~ 3명,00:00 ~ 24:00,00:00 ~ 24:00,00:00 ~ 24:00,00:00 ~ 24:00,00:00 ~ 24:00,00:00 ~ 24:00,00:00 ~ 24:00,Y,Y,Y,N,Y,Y,Y,Y,N,Y,N,Y,N,Y,Y,Y,Y,Y,Y,Y,N,Y,2022-11-16,143.5 ㎡,486.4 ㎡
HJBC 강남점 1-20인실,서울특별시,강남구,삼성동,,143-39 번지,테헤란로,425 번,37.5062489,127.0533834,6159,서울특별시 강남구 테헤란로 425,서울특별시 강남구 삼성동 143-39,1100000,월,독립오피스,1명 ~ 20명,09:00 ~ 18:00,09:00 ~ 18:00,09:00 ~ 18:00,09:00 ~ 18:00,09:00 ~ 18:00,휴무일,휴무일,Y,Y,Y,Y,Y,Y,Y,Y,N,Y,Y,Y,N,Y,Y,Y,Y,Y,Y,Y,N,Y,2022-11-16,528.61 ㎡,"9,985.66 ㎡"
HJBC 광화문점 1-10인실,서울특별시,종로구,사직동,,211 번지,세종대로,149 번,37.56957113,126.9761402,3186,서울특별시 종로구 세종대로 149,서울특별시 종로구 세종로 211,1100000,월,독립오피스,1명 ~ 10명,09:00 ~ 18:00,09:00 ~ 18:00,09:00 ~ 18:00,09:00 ~ 18:00,09:00 ~ 18:00,휴무일,휴무일,Y,Y,Y,Y,Y,Y,Y,Y,N,Y,Y,Y,N,Y,Y,Y,Y,Y,Y,Y,N,N,2022-11-16,"1,588.32 ㎡","49,933.81 ㎡"
isc 공유오피스 안산고잔점 1인,경기도,안산시 단원구,고잔동,,715-1 번지,광덕서로,54 번,37.30943717,126.8273384,15476,경기도 안산시 단원구 광덕서로 54,경기도 안산시 단원구 고잔동 715-1,11000,일,독립오피스,1명 ~ 1명,00:00 ~ 24:00,00:00 ~ 24:00,00:00 ~ 24:00,00:00 ~ 24:00,00:00 ~ 24:00,00:00 ~ 24:00,00:00 ~ 24:00,Y,Y,Y,N,Y,Y,Y,Y,N,N,N,Y,N,Y,N,Y,N,Y,Y,Y,N,N,2022-11-16,618.93 ㎡,"5,287.64 ㎡"
isc공유오피스 안산고잔점 2인,경기도,안산시 단원구,고잔동,,715-1 번지,광덕서로,54 번,37.30943717,126.8273384,15476,경기도 안산시 단원구 광덕서로 54,경기도 안산시 단원구 고잔동 715-1,11000,일,독립오피스,1명 ~ 2명,00:00 ~ 24:00,00:00 ~ 24:00,00:00 ~ 24:00,00:00 ~ 24:00,00:00 ~ 24:00,00:00 ~ 24:00,00:00 ~ 24:00,Y,Y,Y,N,Y,Y,Y,Y,N,N,N,Y,N,Y,N,Y,N,Y,Y,Y,N,N,2022-11-16,618.93 ㎡,"5,287.64 ㎡"
isc공유오피스 안산고잔점 3인실,경기도,안산시 단원구,고잔동,,715-1 번지,광덕서로,54 번,37.30943717,126.8273384,15476,경기도 안산시 단원구 광덕서로 54,경기도 안산시 단원구 고잔동 715-1,11000,일,독립오피스,1명 ~ 3명,00:00 ~ 24:00,00:00 ~ 24:00,00:00 ~ 24:00,00:00 ~ 24:00,00:00 ~ 24:00,00:00 ~ 24:00,00:00 ~ 24:00,Y,Y,Y,N,Y,Y,Y,Y,N,N,N,Y,N,Y,N,Y,N,Y,Y,Y,N,N,2022-11-16,618.93 ㎡,"5,287.64 ㎡"
isc공유오피스 안산고잔점 5인실,경기도,안산시 단원구,고잔동,,715-1 번지,광덕서로,54 번,37.30943717,126.8273384,15476,경기도 안산시 단원구 광덕서로 54,경기도 안산시 단원구 고잔동 715-1,11000,일,독립오피스,1명 ~ 5명,00:00 ~ 24:00,00:00 ~ 24:00,00:00 ~ 24:00,00:00 ~ 24:00,00:00 ~ 24:00,00:00 ~ 24:00,00:00 ~ 24:00,Y,Y,Y,N,Y,Y,Y,Y,N,N,N,Y,N,Y,N,Y,N,Y,Y,Y,N,N,2022-11-16,618.93 ㎡,"5,287.64 ㎡"
isc공유오피스 안산고잔점 6인실,경기도,안산시 단원구,고잔동,,715-1 번지,광덕서로,54 번,37.30943717,126.8273384,15476,경기도 안산시 단원구 광덕서로 54,경기도 안산시 단원구 고잔동 715-1,11000,일,독립오피스,1명 ~ 6명,00:00 ~ 24:00,00:00 ~ 24:00,00:00 ~ 24:00,00:00 ~ 24:00,00:00 ~ 24:00,00:00 ~ 24:00,00:00 ~ 24:00,Y,Y,Y,N,Y,Y,Y,Y,N,N,N,Y,N,Y,N,Y,N,Y,Y,Y,N,N,2022-11-16,618.93 ㎡,"5,287.64 ㎡"
isc공유오피스 안산고잔점 7인실,경기도,안산시 단원구,고잔동,,715-1 번지,광덕서로,54 번,37.30943717,126.8273384,15476,경기도 안산시 단원구 광덕서로 54,경기도 안산시 단원구 고잔동 715-1,11000,일,독립오피스,1명 ~ 7명,00:00 ~ 24:00,00:00 ~ 24:00,00:00 ~ 24:00,00:00 ~ 24:00,00:00 ~ 24:00,00:00 ~ 24:00,00:00 ~ 24:00,Y,Y,Y,N,Y,Y,Y,Y,N,N,N,Y,N,Y,N,Y,N,Y,Y,Y,N,N,2022-11-16,618.93 ㎡,"5,287.64 ㎡"
MTL2305,서울특별시,마포구,공덕동,,456 번지,만리재로,14 번,37.54399372,126.9528352,4195,서울특별시 마포구 만리재로 14,서울특별시 마포구 공덕동 456,220000,월,독립오피스,1명 ~ 1명,00:00 ~ 24:00,00:00 ~ 24:00,00:00 ~ 24:00,00:00 ~ 24:00,00:00 ~ 24:00,00:00 ~ 24:00,00:00 ~ 24:00,Y,N,Y,N,Y,Y,Y,Y,N,Y,Y,Y,N,Y,N,Y,N,N,N,Y,Y,N,2022-11-16,959.0 ㎡,"30,910.01 ㎡"
OPUS PLATZ,서울특별시,마포구,도화동,,83 번지,삼개로,35 번,37.53706752,126.9476194,4179,서울특별시 마포구 삼개로 35,서울특별시 마포구 도화동 83,770000,월,독립오피스,2명 ~ 6명,09:00 ~ 24:00,09:00 ~ 24:00,09:00 ~ 24:00,09:00 ~ 24:00,09:00 ~ 24:00,09:00 ~ 24:00,09:00 ~ 24:00,Y,N,Y,N,Y,Y,N,N,N,Y,Y,Y,N,Y,N,Y,N,N,Y,Y,N,N,2022-11-16,85.92 ㎡,85.92 ㎡
PLAN A 공유오피스(1-2인),경상북도,구미시,옥계동,,834-1 번지,옥계북로,36 번,36.13807863,128.4215289,39185,경상북도 구미시 옥계북로 36,경상북도 구미시 옥계동 834-1,275000,월,독립오피스,1명 ~ 3명,00:00 ~ 24:00,00:00 ~ 24:00,00:00 ~ 24:00,00:00 ~ 24:00,00:00 ~ 24:00,00:00 ~ 24:00,00:00 ~ 24:00,Y,N,Y,N,Y,Y,N,Y,N,N,Y,Y,N,Y,N,Y,N,N,Y,Y,N,N,2022-11-16,632.14 ㎡,"6,923.33 ㎡"
PLAN.D 910,서울특별시,송파구,방이동,,44-3 번지,위례성대로,6 번,37.51684186,127.1131514,5544,서울특별시 송파구 위례성대로 6,서울특별시 송파구 방이동 44-3,30000,일,독립오피스,1명 ~ 1명,09:00 ~ 18:00,09:00 ~ 18:00,09:00 ~ 18:00,09:00 ~ 18:00,09:00 ~ 18:00,휴무일,휴무일,Y,Y,Y,N,Y,Y,Y,N,Y,Y,N,Y,N,N,N,Y,N,Y,N,Y,N,N,2022-11-16,823.68 ㎡,"20,453.12 ㎡"
ShareSpace,서울특별시,강남구,삼성동,,159-1 번지,영동대로,511 번,37.51035685,127.0610238,6164,서울특별시 강남구 영동대로 511,서울특별시 강남구 삼성동 159-1,550000,월,독립오피스,1명 ~ 7명,09:00 ~ 22:00,09:00 ~ 22:00,09:00 ~ 22:00,09:00 ~ 22:00,09:00 ~ 22:00,09:00 ~ 22:00,09:00 ~ 22:00,Y,Y,Y,Y,Y,Y,Y,Y,N,Y,Y,N,N,Y,N,N,N,Y,Y,Y,N,N,2022-11-16,- ㎡,- ㎡
space-U,인천광역시,연수구,연수동,,534 번지,먼우금로,302 번,37.4228184,126.684327,21924,인천광역시 연수구 먼우금로 302,인천광역시 연수구 연수동 534,220000,월,독립오피스,1명 ~ 10명,10:00 ~ 23:00,10:00 ~ 23:00,10:00 ~ 23:00,10:00 ~ 23:00,10:00 ~ 23:00,10:00 ~ 23:00,10:00 ~ 23:00,Y,N,Y,N,Y,Y,N,N,N,Y,Y,Y,N,N,N,Y,Y,N,N,Y,N,N,2022-11-16,"81,129.53 ㎡","81,870.64 ㎡"
StartupSpace창업공간비상,서울특별시,마포구,서교동,,347-21 번지,어울마당로,130 번,37.55581516,126.9245215,4053,서울특별시 마포구 어울마당로 130,서울특별시 마포구 서교동 347-21,275000,월,독립오피스,1명 ~ 1명,00:00 ~ 24:00,00:00 ~ 24:00,00:00 ~ 24:00,00:00 ~ 24:00,00:00 ~ 24:00,00:00 ~ 24:00,00:00 ~ 24:00,Y,N,Y,Y,Y,Y,Y,Y,N,Y,Y,Y,N,Y,N,N,N,N,Y,Y,N,N,2022-11-16,121.26 ㎡,805.13 ㎡
U.S.B - 송내역점 2인실,경기도,부천시,상동,,463 번지,부일로,226 번,37.48821624,126.7550192,14624,경기도 부천시 부일로 226,경기도 부천시 상동 463,330000,월,독립오피스,1명 ~ 3명,00:00 ~ 24:00,00:00 ~ 24:00,00:00 ~ 24:00,00:00 ~ 24:00,00:00 ~ 24:00,00:00 ~ 24:00,00:00 ~ 24:00,Y,N,Y,Y,Y,Y,Y,Y,N,Y,Y,Y,N,Y,N,Y,N,N,N,Y,N,Y,2022-11-16,371.16 ㎡,"4,670.16 ㎡"
VenOffice,서울특별시,강남구,대치동,,958-13 번지,역삼로83길,25 번,37.50514156,127.0590853,6185,서울특별시 강남구 역삼로83길 25,서울특별시 강남구 대치동 958-13,825000,월,독립오피스,1명 ~ 3명,00:00 ~ 24:00,00:00 ~ 24:00,00:00 ~ 24:00,00:00 ~ 24:00,00:00 ~ 24:00,00:00 ~ 24:00,00:00 ~ 24:00,Y,Y,Y,Y,Y,Y,Y,Y,N,Y,Y,Y,N,Y,Y,Y,Y,Y,Y,Y,Y,Y,2022-11-16,143.81 ㎡,734.25 ㎡
W 프로젝트 독립 오피스,경기도,성남시 분당구,삼평동,,714 번지,동판교로266번길,18 번,37.40652318,127.1164985,13490,경기도 성남시 분당구 동판교로266번길 18,경기도 성남시 분당구 삼평동 714,165000,일,독립오피스,1명 ~ 10명,08:00 ~ 20:00,08:00 ~ 22:00,08:00 ~ 22:00,08:00 ~ 22:00,08:00 ~ 22:00,08:00 ~ 22:00,08:00 ~ 22:00,Y,N,N,Y,N,Y,N,N,N,Y,Y,N,N,N,N,N,N,Y,Y,Y,Y,N,2022-11-16,500.2 ㎡,"2,851.15 ㎡"
WORKVILLE,경기도,고양시 덕양구,화정동,,903 번지,화중로130번길,16 번,37.63842633,126.8328083,10477,경기도 고양시 덕양구 화중로130번길 16,경기도 고양시 덕양구 화정동 903,275000,월,독립오피스,1명 ~ 2명,09:00 ~ 22:00,09:00 ~ 22:00,09:00 ~ 22:00,09:00 ~ 22:00,09:00 ~ 22:00,09:00 ~ 22:00,09:00 ~ 22:00,Y,N,N,Y,Y,Y,Y,Y,N,N,N,Y,N,Y,N,N,N,N,N,Y,N,N,2022-11-16,199.68 ㎡,"1,741.36 ㎡"
